#
# TABLE STRUCTURE FOR: communities
#

DROP TABLE IF EXISTS `communities`;

CREATE TABLE `communities` (
  `id` bigint(20) unsigned NOT NULL AUTO_INCREMENT,
  `name` varchar(145) COLLATE utf8mb4_unicode_ci NOT NULL,
  `description` varchar(245) COLLATE utf8mb4_unicode_ci DEFAULT NULL,
  `admin_id` bigint(20) unsigned NOT NULL,
  PRIMARY KEY (`id`),
  KEY `fk_communities_users_admin_idx` (`admin_id`),
  CONSTRAINT `fk_communities_users` FOREIGN KEY (`admin_id`) REFERENCES `users` (`id`)
) ENGINE=InnoDB AUTO_INCREMENT=11 DEFAULT CHARSET=utf8mb4 COLLATE=utf8mb4_unicode_ci;

INSERT INTO `communities` (`id`, `name`, `description`, `admin_id`) VALUES ('1', 'ea', 'Perferendis voluptatem et velit ducimus distinctio ipsum dicta. Repellat sed ex et illo qui et. Qui aspernatur animi aut vero voluptatem aliquam qui ad. Architecto iste explicabo doloremque voluptas distinctio voluptatem est tenetur.', '32');
INSERT INTO `communities` (`id`, `name`, `description`, `admin_id`) VALUES ('2', 'nihil', 'Sint cumque a dolor omnis veritatis magni deserunt. Perspiciatis aut quaerat sed sapiente. Non possimus sunt eligendi eveniet iste omnis. Et officia vitae similique quidem quas recusandae.', '89');
INSERT INTO `communities` (`id`, `name`, `description`, `admin_id`) VALUES ('3', 'non', 'Sint magni aut accusantium minus quis cum laborum. Id provident eos sunt nobis fugit. Ea sit ab aut repellendus corrupti.', '44');
INSERT INTO `communities` (`id`, `name`, `description`, `admin_id`) VALUES ('4', 'aperiam', 'Aut sit a accusantium dolor qui qui et ut. Neque minima rerum incidunt possimus eveniet. Quos aperiam impedit nihil itaque rerum aliquam et. Magnam cupiditate vero aperiam corporis numquam necessitatibus.', '29');
INSERT INTO `communities` (`id`, `name`, `description`, `admin_id`) VALUES ('5', 'nihil', 'Omnis commodi nihil et id explicabo ipsa. Sit eos dolorum dolores necessitatibus. Est ipsum magni quisquam iusto laboriosam.', '100');
INSERT INTO `communities` (`id`, `name`, `description`, `admin_id`) VALUES ('6', 'vel', 'Ad aut doloribus perferendis. Eum eligendi odio aut ratione molestiae eius. Sed expedita vero quis autem animi sed quia.', '42');
INSERT INTO `communities` (`id`, `name`, `description`, `admin_id`) VALUES ('7', 'corporis', 'Earum suscipit cupiditate quis numquam et et consequuntur. Ipsum assumenda omnis quisquam voluptates quod sed. Voluptatibus doloribus dolorem laborum ut iure maxime repellendus.', '8');
INSERT INTO `communities` (`id`, `name`, `description`, `admin_id`) VALUES ('8', 'quis', 'Veritatis dignissimos et temporibus nam. Eius sunt velit inventore cupiditate. Repellat saepe aut quia accusamus voluptate et temporibus.', '96');
INSERT INTO `communities` (`id`, `name`, `description`, `admin_id`) VALUES ('9', 'ut', 'Voluptas et animi eius ea. Itaque impedit aperiam recusandae provident eius est. Illo ut asperiores ut ullam molestias nemo accusamus est. Delectus nisi non debitis provident.', '92');
INSERT INTO `communities` (`id`, `name`, `description`, `admin_id`) VALUES ('10', 'est', 'Voluptates maiores dolorem est non voluptatem beatae earum. Rem porro rerum delectus voluptatibus. Commodi provident dignissimos aspernatur harum adipisci.', '38');


#
# TABLE STRUCTURE FOR: communities_users
#

DROP TABLE IF EXISTS `communities_users`;

CREATE TABLE `communities_users` (
  `community_id` bigint(20) unsigned NOT NULL,
  `user_id` bigint(20) unsigned NOT NULL,
  `created_at` datetime NOT NULL DEFAULT current_timestamp(),
  PRIMARY KEY (`community_id`,`user_id`),
  KEY `communities_users_comm_idx` (`community_id`),
  KEY `communities_users_users_idx` (`user_id`),
  CONSTRAINT `fk_communities_users_comm` FOREIGN KEY (`community_id`) REFERENCES `communities` (`id`),
  CONSTRAINT `fk_communities_users_users` FOREIGN KEY (`user_id`) REFERENCES `users` (`id`)
) ENGINE=InnoDB DEFAULT CHARSET=utf8mb4 COLLATE=utf8mb4_unicode_ci;

INSERT INTO `communities_users` (`community_id`, `user_id`, `created_at`) VALUES ('1', '3', '2009-08-24 06:40:22');
INSERT INTO `communities_users` (`community_id`, `user_id`, `created_at`) VALUES ('1', '24', '2018-09-02 04:01:50');
INSERT INTO `communities_users` (`community_id`, `user_id`, `created_at`) VALUES ('1', '44', '1987-08-16 23:45:34');
INSERT INTO `communities_users` (`community_id`, `user_id`, `created_at`) VALUES ('1', '52', '1983-08-28 09:50:19');
INSERT INTO `communities_users` (`community_id`, `user_id`, `created_at`) VALUES ('1', '61', '1971-09-19 05:36:25');
INSERT INTO `communities_users` (`community_id`, `user_id`, `created_at`) VALUES ('1', '71', '1996-07-03 08:59:07');
INSERT INTO `communities_users` (`community_id`, `user_id`, `created_at`) VALUES ('1', '94', '2019-04-04 00:40:17');
INSERT INTO `communities_users` (`community_id`, `user_id`, `created_at`) VALUES ('2', '1', '2009-12-21 00:10:13');
INSERT INTO `communities_users` (`community_id`, `user_id`, `created_at`) VALUES ('2', '2', '2003-03-21 15:51:36');
INSERT INTO `communities_users` (`community_id`, `user_id`, `created_at`) VALUES ('2', '38', '2020-05-07 07:01:48');
INSERT INTO `communities_users` (`community_id`, `user_id`, `created_at`) VALUES ('2', '43', '2016-10-19 19:20:34');
INSERT INTO `communities_users` (`community_id`, `user_id`, `created_at`) VALUES ('2', '47', '2012-08-01 20:55:07');
INSERT INTO `communities_users` (`community_id`, `user_id`, `created_at`) VALUES ('2', '74', '1988-10-13 03:01:53');
INSERT INTO `communities_users` (`community_id`, `user_id`, `created_at`) VALUES ('2', '82', '1975-02-21 07:12:11');
INSERT INTO `communities_users` (`community_id`, `user_id`, `created_at`) VALUES ('2', '88', '2004-09-08 10:15:59');
INSERT INTO `communities_users` (`community_id`, `user_id`, `created_at`) VALUES ('3', '35', '2017-06-07 21:42:36');
INSERT INTO `communities_users` (`community_id`, `user_id`, `created_at`) VALUES ('3', '47', '1979-06-18 06:43:33');
INSERT INTO `communities_users` (`community_id`, `user_id`, `created_at`) VALUES ('3', '52', '2017-08-01 16:55:35');
INSERT INTO `communities_users` (`community_id`, `user_id`, `created_at`) VALUES ('3', '54', '2019-08-22 13:00:49');
INSERT INTO `communities_users` (`community_id`, `user_id`, `created_at`) VALUES ('3', '62', '2012-03-30 05:19:11');
INSERT INTO `communities_users` (`community_id`, `user_id`, `created_at`) VALUES ('3', '70', '2016-05-24 09:59:36');
INSERT INTO `communities_users` (`community_id`, `user_id`, `created_at`) VALUES ('3', '95', '1992-04-21 20:39:13');
INSERT INTO `communities_users` (`community_id`, `user_id`, `created_at`) VALUES ('3', '96', '2011-10-14 09:23:23');
INSERT INTO `communities_users` (`community_id`, `user_id`, `created_at`) VALUES ('3', '100', '1995-05-19 20:01:19');
INSERT INTO `communities_users` (`community_id`, `user_id`, `created_at`) VALUES ('4', '4', '1971-05-10 12:37:46');
INSERT INTO `communities_users` (`community_id`, `user_id`, `created_at`) VALUES ('4', '9', '2011-02-24 23:39:41');
INSERT INTO `communities_users` (`community_id`, `user_id`, `created_at`) VALUES ('4', '11', '1975-01-28 03:09:50');
INSERT INTO `communities_users` (`community_id`, `user_id`, `created_at`) VALUES ('4', '15', '2017-08-23 06:31:53');
INSERT INTO `communities_users` (`community_id`, `user_id`, `created_at`) VALUES ('4', '25', '1988-06-25 23:05:48');
INSERT INTO `communities_users` (`community_id`, `user_id`, `created_at`) VALUES ('4', '33', '1989-04-17 13:37:10');
INSERT INTO `communities_users` (`community_id`, `user_id`, `created_at`) VALUES ('4', '39', '1970-07-11 02:54:24');
INSERT INTO `communities_users` (`community_id`, `user_id`, `created_at`) VALUES ('4', '48', '1986-02-10 00:27:28');
INSERT INTO `communities_users` (`community_id`, `user_id`, `created_at`) VALUES ('4', '52', '1995-08-25 02:57:59');
INSERT INTO `communities_users` (`community_id`, `user_id`, `created_at`) VALUES ('4', '71', '1971-01-26 17:25:22');
INSERT INTO `communities_users` (`community_id`, `user_id`, `created_at`) VALUES ('4', '80', '1980-08-26 10:01:11');
INSERT INTO `communities_users` (`community_id`, `user_id`, `created_at`) VALUES ('4', '85', '2009-09-12 04:04:46');
INSERT INTO `communities_users` (`community_id`, `user_id`, `created_at`) VALUES ('4', '98', '1974-02-26 15:35:17');
INSERT INTO `communities_users` (`community_id`, `user_id`, `created_at`) VALUES ('5', '6', '2011-11-24 23:25:52');
INSERT INTO `communities_users` (`community_id`, `user_id`, `created_at`) VALUES ('5', '21', '2019-07-11 01:51:23');
INSERT INTO `communities_users` (`community_id`, `user_id`, `created_at`) VALUES ('5', '24', '2005-05-19 16:47:23');
INSERT INTO `communities_users` (`community_id`, `user_id`, `created_at`) VALUES ('5', '27', '1972-11-19 11:49:11');
INSERT INTO `communities_users` (`community_id`, `user_id`, `created_at`) VALUES ('5', '30', '2009-12-10 06:46:13');
INSERT INTO `communities_users` (`community_id`, `user_id`, `created_at`) VALUES ('5', '31', '1975-03-05 18:50:05');
INSERT INTO `communities_users` (`community_id`, `user_id`, `created_at`) VALUES ('5', '39', '1985-09-03 06:03:45');
INSERT INTO `communities_users` (`community_id`, `user_id`, `created_at`) VALUES ('5', '64', '2006-08-22 09:55:59');
INSERT INTO `communities_users` (`community_id`, `user_id`, `created_at`) VALUES ('5', '77', '1977-12-22 14:15:10');
INSERT INTO `communities_users` (`community_id`, `user_id`, `created_at`) VALUES ('5', '78', '2015-03-31 10:30:25');
INSERT INTO `communities_users` (`community_id`, `user_id`, `created_at`) VALUES ('5', '95', '1985-04-05 19:56:19');
INSERT INTO `communities_users` (`community_id`, `user_id`, `created_at`) VALUES ('6', '15', '1998-11-26 22:35:56');
INSERT INTO `communities_users` (`community_id`, `user_id`, `created_at`) VALUES ('6', '25', '1992-10-13 09:14:30');
INSERT INTO `communities_users` (`community_id`, `user_id`, `created_at`) VALUES ('6', '52', '1999-07-03 00:27:05');
INSERT INTO `communities_users` (`community_id`, `user_id`, `created_at`) VALUES ('6', '59', '2011-02-14 09:51:14');
INSERT INTO `communities_users` (`community_id`, `user_id`, `created_at`) VALUES ('6', '70', '2019-06-30 16:14:35');
INSERT INTO `communities_users` (`community_id`, `user_id`, `created_at`) VALUES ('6', '73', '1996-11-25 03:57:50');
INSERT INTO `communities_users` (`community_id`, `user_id`, `created_at`) VALUES ('6', '92', '2005-09-29 02:50:32');
INSERT INTO `communities_users` (`community_id`, `user_id`, `created_at`) VALUES ('7', '8', '2007-02-23 17:47:55');
INSERT INTO `communities_users` (`community_id`, `user_id`, `created_at`) VALUES ('7', '22', '1991-02-28 19:44:45');
INSERT INTO `communities_users` (`community_id`, `user_id`, `created_at`) VALUES ('7', '25', '1980-12-24 05:55:53');
INSERT INTO `communities_users` (`community_id`, `user_id`, `created_at`) VALUES ('7', '40', '1987-08-02 10:04:08');
INSERT INTO `communities_users` (`community_id`, `user_id`, `created_at`) VALUES ('7', '54', '2021-04-01 01:16:52');
INSERT INTO `communities_users` (`community_id`, `user_id`, `created_at`) VALUES ('7', '56', '1988-11-03 07:15:43');
INSERT INTO `communities_users` (`community_id`, `user_id`, `created_at`) VALUES ('7', '59', '1975-09-16 15:01:51');
INSERT INTO `communities_users` (`community_id`, `user_id`, `created_at`) VALUES ('7', '80', '1997-06-12 04:41:37');
INSERT INTO `communities_users` (`community_id`, `user_id`, `created_at`) VALUES ('7', '81', '2019-06-04 22:56:24');
INSERT INTO `communities_users` (`community_id`, `user_id`, `created_at`) VALUES ('7', '86', '1991-07-16 05:38:40');
INSERT INTO `communities_users` (`community_id`, `user_id`, `created_at`) VALUES ('7', '99', '1986-07-17 17:11:37');
INSERT INTO `communities_users` (`community_id`, `user_id`, `created_at`) VALUES ('8', '18', '1994-09-03 16:52:03');
INSERT INTO `communities_users` (`community_id`, `user_id`, `created_at`) VALUES ('8', '33', '1980-11-29 12:15:48');
INSERT INTO `communities_users` (`community_id`, `user_id`, `created_at`) VALUES ('8', '40', '1973-12-06 10:34:47');
INSERT INTO `communities_users` (`community_id`, `user_id`, `created_at`) VALUES ('8', '60', '1997-03-25 13:55:50');
INSERT INTO `communities_users` (`community_id`, `user_id`, `created_at`) VALUES ('8', '66', '1998-01-24 02:21:57');
INSERT INTO `communities_users` (`community_id`, `user_id`, `created_at`) VALUES ('8', '67', '2020-05-20 07:17:27');
INSERT INTO `communities_users` (`community_id`, `user_id`, `created_at`) VALUES ('8', '72', '2000-09-02 17:48:34');
INSERT INTO `communities_users` (`community_id`, `user_id`, `created_at`) VALUES ('8', '87', '2014-07-23 16:02:21');
INSERT INTO `communities_users` (`community_id`, `user_id`, `created_at`) VALUES ('8', '89', '1998-06-06 10:58:49');
INSERT INTO `communities_users` (`community_id`, `user_id`, `created_at`) VALUES ('9', '8', '1986-03-12 13:32:23');
INSERT INTO `communities_users` (`community_id`, `user_id`, `created_at`) VALUES ('9', '12', '1977-04-25 18:28:58');
INSERT INTO `communities_users` (`community_id`, `user_id`, `created_at`) VALUES ('9', '24', '2015-01-18 06:08:33');
INSERT INTO `communities_users` (`community_id`, `user_id`, `created_at`) VALUES ('9', '27', '1976-10-12 01:51:19');
INSERT INTO `communities_users` (`community_id`, `user_id`, `created_at`) VALUES ('9', '35', '1971-10-08 22:08:27');
INSERT INTO `communities_users` (`community_id`, `user_id`, `created_at`) VALUES ('9', '58', '1979-10-01 18:40:41');
INSERT INTO `communities_users` (`community_id`, `user_id`, `created_at`) VALUES ('9', '60', '2005-09-19 20:08:41');
INSERT INTO `communities_users` (`community_id`, `user_id`, `created_at`) VALUES ('9', '61', '2006-12-29 14:01:46');
INSERT INTO `communities_users` (`community_id`, `user_id`, `created_at`) VALUES ('9', '63', '2006-12-18 22:27:33');
INSERT INTO `communities_users` (`community_id`, `user_id`, `created_at`) VALUES ('9', '69', '1980-11-23 11:31:29');
INSERT INTO `communities_users` (`community_id`, `user_id`, `created_at`) VALUES ('9', '76', '2001-04-29 03:56:20');
INSERT INTO `communities_users` (`community_id`, `user_id`, `created_at`) VALUES ('9', '95', '1983-08-13 19:44:55');
INSERT INTO `communities_users` (`community_id`, `user_id`, `created_at`) VALUES ('10', '9', '2015-08-23 15:34:10');
INSERT INTO `communities_users` (`community_id`, `user_id`, `created_at`) VALUES ('10', '11', '1998-03-22 23:05:56');
INSERT INTO `communities_users` (`community_id`, `user_id`, `created_at`) VALUES ('10', '17', '1993-10-19 12:00:07');
INSERT INTO `communities_users` (`community_id`, `user_id`, `created_at`) VALUES ('10', '18', '1988-04-05 09:39:14');
INSERT INTO `communities_users` (`community_id`, `user_id`, `created_at`) VALUES ('10', '28', '2006-10-20 13:27:50');
INSERT INTO `communities_users` (`community_id`, `user_id`, `created_at`) VALUES ('10', '60', '1973-08-08 00:35:48');
INSERT INTO `communities_users` (`community_id`, `user_id`, `created_at`) VALUES ('10', '68', '2000-04-07 20:04:06');
INSERT INTO `communities_users` (`community_id`, `user_id`, `created_at`) VALUES ('10', '83', '1994-10-16 11:03:52');


#
# TABLE STRUCTURE FOR: friend_requests
#

DROP TABLE IF EXISTS `friend_requests`;

CREATE TABLE `friend_requests` (
  `from_user_id` bigint(20) unsigned NOT NULL,
  `to_user_id` bigint(20) unsigned NOT NULL,
  `accepted` tinyint(1) DEFAULT 0,
  PRIMARY KEY (`from_user_id`,`to_user_id`),
  KEY `fk_friend_requests_from_user_idx` (`from_user_id`),
  KEY `fk_friend_requests_to_user_idx` (`to_user_id`),
  CONSTRAINT `fk_friend_requests_users_1` FOREIGN KEY (`from_user_id`) REFERENCES `users` (`id`),
  CONSTRAINT `fk_friend_requests_users_2` FOREIGN KEY (`to_user_id`) REFERENCES `users` (`id`)
) ENGINE=InnoDB DEFAULT CHARSET=utf8mb4 COLLATE=utf8mb4_unicode_ci;

INSERT INTO `friend_requests` (`from_user_id`, `to_user_id`, `accepted`) VALUES ('1', '27', 0);
INSERT INTO `friend_requests` (`from_user_id`, `to_user_id`, `accepted`) VALUES ('1', '81', 0);
INSERT INTO `friend_requests` (`from_user_id`, `to_user_id`, `accepted`) VALUES ('2', '50', 0);
INSERT INTO `friend_requests` (`from_user_id`, `to_user_id`, `accepted`) VALUES ('2', '63', 0);
INSERT INTO `friend_requests` (`from_user_id`, `to_user_id`, `accepted`) VALUES ('3', '17', 0);
INSERT INTO `friend_requests` (`from_user_id`, `to_user_id`, `accepted`) VALUES ('3', '71', 0);
INSERT INTO `friend_requests` (`from_user_id`, `to_user_id`, `accepted`) VALUES ('3', '80', 0);
INSERT INTO `friend_requests` (`from_user_id`, `to_user_id`, `accepted`) VALUES ('4', '26', 0);
INSERT INTO `friend_requests` (`from_user_id`, `to_user_id`, `accepted`) VALUES ('4', '42', 0);
INSERT INTO `friend_requests` (`from_user_id`, `to_user_id`, `accepted`) VALUES ('5', '47', 0);
INSERT INTO `friend_requests` (`from_user_id`, `to_user_id`, `accepted`) VALUES ('5', '93', 0);
INSERT INTO `friend_requests` (`from_user_id`, `to_user_id`, `accepted`) VALUES ('6', '74', 0);
INSERT INTO `friend_requests` (`from_user_id`, `to_user_id`, `accepted`) VALUES ('6', '89', 0);
INSERT INTO `friend_requests` (`from_user_id`, `to_user_id`, `accepted`) VALUES ('7', '14', 0);
INSERT INTO `friend_requests` (`from_user_id`, `to_user_id`, `accepted`) VALUES ('8', '30', 0);
INSERT INTO `friend_requests` (`from_user_id`, `to_user_id`, `accepted`) VALUES ('9', '16', 0);
INSERT INTO `friend_requests` (`from_user_id`, `to_user_id`, `accepted`) VALUES ('9', '49', 0);
INSERT INTO `friend_requests` (`from_user_id`, `to_user_id`, `accepted`) VALUES ('10', '61', 0);
INSERT INTO `friend_requests` (`from_user_id`, `to_user_id`, `accepted`) VALUES ('11', '72', 0);
INSERT INTO `friend_requests` (`from_user_id`, `to_user_id`, `accepted`) VALUES ('13', '40', 0);
INSERT INTO `friend_requests` (`from_user_id`, `to_user_id`, `accepted`) VALUES ('13', '93', 0);
INSERT INTO `friend_requests` (`from_user_id`, `to_user_id`, `accepted`) VALUES ('14', '31', 0);
INSERT INTO `friend_requests` (`from_user_id`, `to_user_id`, `accepted`) VALUES ('14', '56', 0);
INSERT INTO `friend_requests` (`from_user_id`, `to_user_id`, `accepted`) VALUES ('15', '24', 0);
INSERT INTO `friend_requests` (`from_user_id`, `to_user_id`, `accepted`) VALUES ('15', '47', 0);
INSERT INTO `friend_requests` (`from_user_id`, `to_user_id`, `accepted`) VALUES ('16', '12', 0);
INSERT INTO `friend_requests` (`from_user_id`, `to_user_id`, `accepted`) VALUES ('16', '34', 0);
INSERT INTO `friend_requests` (`from_user_id`, `to_user_id`, `accepted`) VALUES ('16', '52', 0);
INSERT INTO `friend_requests` (`from_user_id`, `to_user_id`, `accepted`) VALUES ('17', '70', 0);
INSERT INTO `friend_requests` (`from_user_id`, `to_user_id`, `accepted`) VALUES ('17', '84', 0);
INSERT INTO `friend_requests` (`from_user_id`, `to_user_id`, `accepted`) VALUES ('17', '85', 0);
INSERT INTO `friend_requests` (`from_user_id`, `to_user_id`, `accepted`) VALUES ('18', '12', 0);
INSERT INTO `friend_requests` (`from_user_id`, `to_user_id`, `accepted`) VALUES ('18', '71', 0);
INSERT INTO `friend_requests` (`from_user_id`, `to_user_id`, `accepted`) VALUES ('19', '6', 0);
INSERT INTO `friend_requests` (`from_user_id`, `to_user_id`, `accepted`) VALUES ('19', '88', 0);
INSERT INTO `friend_requests` (`from_user_id`, `to_user_id`, `accepted`) VALUES ('20', '32', 0);
INSERT INTO `friend_requests` (`from_user_id`, `to_user_id`, `accepted`) VALUES ('20', '47', 0);
INSERT INTO `friend_requests` (`from_user_id`, `to_user_id`, `accepted`) VALUES ('21', '6', 0);
INSERT INTO `friend_requests` (`from_user_id`, `to_user_id`, `accepted`) VALUES ('21', '23', 0);
INSERT INTO `friend_requests` (`from_user_id`, `to_user_id`, `accepted`) VALUES ('21', '41', 0);
INSERT INTO `friend_requests` (`from_user_id`, `to_user_id`, `accepted`) VALUES ('22', '28', 0);
INSERT INTO `friend_requests` (`from_user_id`, `to_user_id`, `accepted`) VALUES ('22', '95', 0);
INSERT INTO `friend_requests` (`from_user_id`, `to_user_id`, `accepted`) VALUES ('23', '80', 0);
INSERT INTO `friend_requests` (`from_user_id`, `to_user_id`, `accepted`) VALUES ('24', '79', 0);
INSERT INTO `friend_requests` (`from_user_id`, `to_user_id`, `accepted`) VALUES ('25', '6', 0);
INSERT INTO `friend_requests` (`from_user_id`, `to_user_id`, `accepted`) VALUES ('25', '14', 0);
INSERT INTO `friend_requests` (`from_user_id`, `to_user_id`, `accepted`) VALUES ('25', '57', 0);
INSERT INTO `friend_requests` (`from_user_id`, `to_user_id`, `accepted`) VALUES ('25', '81', 0);
INSERT INTO `friend_requests` (`from_user_id`, `to_user_id`, `accepted`) VALUES ('25', '84', 0);
INSERT INTO `friend_requests` (`from_user_id`, `to_user_id`, `accepted`) VALUES ('26', '14', 0);
INSERT INTO `friend_requests` (`from_user_id`, `to_user_id`, `accepted`) VALUES ('26', '50', 0);
INSERT INTO `friend_requests` (`from_user_id`, `to_user_id`, `accepted`) VALUES ('27', '53', 0);
INSERT INTO `friend_requests` (`from_user_id`, `to_user_id`, `accepted`) VALUES ('27', '65', 0);
INSERT INTO `friend_requests` (`from_user_id`, `to_user_id`, `accepted`) VALUES ('27', '84', 0);
INSERT INTO `friend_requests` (`from_user_id`, `to_user_id`, `accepted`) VALUES ('28', '58', 0);
INSERT INTO `friend_requests` (`from_user_id`, `to_user_id`, `accepted`) VALUES ('29', '12', 0);
INSERT INTO `friend_requests` (`from_user_id`, `to_user_id`, `accepted`) VALUES ('29', '51', 0);
INSERT INTO `friend_requests` (`from_user_id`, `to_user_id`, `accepted`) VALUES ('30', '67', 0);
INSERT INTO `friend_requests` (`from_user_id`, `to_user_id`, `accepted`) VALUES ('31', '82', 0);
INSERT INTO `friend_requests` (`from_user_id`, `to_user_id`, `accepted`) VALUES ('32', '12', 0);
INSERT INTO `friend_requests` (`from_user_id`, `to_user_id`, `accepted`) VALUES ('32', '47', 0);
INSERT INTO `friend_requests` (`from_user_id`, `to_user_id`, `accepted`) VALUES ('33', '84', 0);
INSERT INTO `friend_requests` (`from_user_id`, `to_user_id`, `accepted`) VALUES ('33', '90', 0);
INSERT INTO `friend_requests` (`from_user_id`, `to_user_id`, `accepted`) VALUES ('34', '34', 0);
INSERT INTO `friend_requests` (`from_user_id`, `to_user_id`, `accepted`) VALUES ('34', '56', 0);
INSERT INTO `friend_requests` (`from_user_id`, `to_user_id`, `accepted`) VALUES ('35', '26', 0);
INSERT INTO `friend_requests` (`from_user_id`, `to_user_id`, `accepted`) VALUES ('35', '65', 0);
INSERT INTO `friend_requests` (`from_user_id`, `to_user_id`, `accepted`) VALUES ('36', '7', 0);
INSERT INTO `friend_requests` (`from_user_id`, `to_user_id`, `accepted`) VALUES ('36', '76', 0);
INSERT INTO `friend_requests` (`from_user_id`, `to_user_id`, `accepted`) VALUES ('37', '20', 0);
INSERT INTO `friend_requests` (`from_user_id`, `to_user_id`, `accepted`) VALUES ('37', '60', 0);
INSERT INTO `friend_requests` (`from_user_id`, `to_user_id`, `accepted`) VALUES ('38', '15', 0);
INSERT INTO `friend_requests` (`from_user_id`, `to_user_id`, `accepted`) VALUES ('39', '1', 0);
INSERT INTO `friend_requests` (`from_user_id`, `to_user_id`, `accepted`) VALUES ('39', '14', 0);
INSERT INTO `friend_requests` (`from_user_id`, `to_user_id`, `accepted`) VALUES ('39', '76', 0);
INSERT INTO `friend_requests` (`from_user_id`, `to_user_id`, `accepted`) VALUES ('41', '90', 0);
INSERT INTO `friend_requests` (`from_user_id`, `to_user_id`, `accepted`) VALUES ('42', '39', 0);
INSERT INTO `friend_requests` (`from_user_id`, `to_user_id`, `accepted`) VALUES ('43', '25', 0);
INSERT INTO `friend_requests` (`from_user_id`, `to_user_id`, `accepted`) VALUES ('43', '42', 0);
INSERT INTO `friend_requests` (`from_user_id`, `to_user_id`, `accepted`) VALUES ('45', '41', 0);
INSERT INTO `friend_requests` (`from_user_id`, `to_user_id`, `accepted`) VALUES ('45', '66', 0);
INSERT INTO `friend_requests` (`from_user_id`, `to_user_id`, `accepted`) VALUES ('45', '77', 0);
INSERT INTO `friend_requests` (`from_user_id`, `to_user_id`, `accepted`) VALUES ('45', '90', 0);
INSERT INTO `friend_requests` (`from_user_id`, `to_user_id`, `accepted`) VALUES ('46', '94', 0);
INSERT INTO `friend_requests` (`from_user_id`, `to_user_id`, `accepted`) VALUES ('46', '98', 0);
INSERT INTO `friend_requests` (`from_user_id`, `to_user_id`, `accepted`) VALUES ('47', '39', 0);
INSERT INTO `friend_requests` (`from_user_id`, `to_user_id`, `accepted`) VALUES ('47', '56', 0);
INSERT INTO `friend_requests` (`from_user_id`, `to_user_id`, `accepted`) VALUES ('48', '31', 0);
INSERT INTO `friend_requests` (`from_user_id`, `to_user_id`, `accepted`) VALUES ('49', '32', 0);
INSERT INTO `friend_requests` (`from_user_id`, `to_user_id`, `accepted`) VALUES ('49', '56', 0);
INSERT INTO `friend_requests` (`from_user_id`, `to_user_id`, `accepted`) VALUES ('49', '77', 0);
INSERT INTO `friend_requests` (`from_user_id`, `to_user_id`, `accepted`) VALUES ('50', '50', 0);
INSERT INTO `friend_requests` (`from_user_id`, `to_user_id`, `accepted`) VALUES ('50', '81', 0);
INSERT INTO `friend_requests` (`from_user_id`, `to_user_id`, `accepted`) VALUES ('51', '36', 0);
INSERT INTO `friend_requests` (`from_user_id`, `to_user_id`, `accepted`) VALUES ('51', '39', 0);
INSERT INTO `friend_requests` (`from_user_id`, `to_user_id`, `accepted`) VALUES ('51', '79', 0);
INSERT INTO `friend_requests` (`from_user_id`, `to_user_id`, `accepted`) VALUES ('55', '16', 0);
INSERT INTO `friend_requests` (`from_user_id`, `to_user_id`, `accepted`) VALUES ('55', '21', 0);
INSERT INTO `friend_requests` (`from_user_id`, `to_user_id`, `accepted`) VALUES ('56', '84', 0);
INSERT INTO `friend_requests` (`from_user_id`, `to_user_id`, `accepted`) VALUES ('57', '6', 0);
INSERT INTO `friend_requests` (`from_user_id`, `to_user_id`, `accepted`) VALUES ('59', '6', 0);
INSERT INTO `friend_requests` (`from_user_id`, `to_user_id`, `accepted`) VALUES ('59', '65', 0);
INSERT INTO `friend_requests` (`from_user_id`, `to_user_id`, `accepted`) VALUES ('60', '19', 0);
INSERT INTO `friend_requests` (`from_user_id`, `to_user_id`, `accepted`) VALUES ('60', '48', 0);
INSERT INTO `friend_requests` (`from_user_id`, `to_user_id`, `accepted`) VALUES ('61', '8', 0);
INSERT INTO `friend_requests` (`from_user_id`, `to_user_id`, `accepted`) VALUES ('61', '71', 0);
INSERT INTO `friend_requests` (`from_user_id`, `to_user_id`, `accepted`) VALUES ('62', '34', 0);
INSERT INTO `friend_requests` (`from_user_id`, `to_user_id`, `accepted`) VALUES ('63', '31', 0);
INSERT INTO `friend_requests` (`from_user_id`, `to_user_id`, `accepted`) VALUES ('63', '93', 0);
INSERT INTO `friend_requests` (`from_user_id`, `to_user_id`, `accepted`) VALUES ('64', '52', 0);
INSERT INTO `friend_requests` (`from_user_id`, `to_user_id`, `accepted`) VALUES ('64', '56', 0);
INSERT INTO `friend_requests` (`from_user_id`, `to_user_id`, `accepted`) VALUES ('65', '1', 0);
INSERT INTO `friend_requests` (`from_user_id`, `to_user_id`, `accepted`) VALUES ('65', '77', 0);
INSERT INTO `friend_requests` (`from_user_id`, `to_user_id`, `accepted`) VALUES ('66', '2', 0);
INSERT INTO `friend_requests` (`from_user_id`, `to_user_id`, `accepted`) VALUES ('66', '59', 0);
INSERT INTO `friend_requests` (`from_user_id`, `to_user_id`, `accepted`) VALUES ('66', '73', 0);
INSERT INTO `friend_requests` (`from_user_id`, `to_user_id`, `accepted`) VALUES ('66', '77', 0);
INSERT INTO `friend_requests` (`from_user_id`, `to_user_id`, `accepted`) VALUES ('67', '4', 0);
INSERT INTO `friend_requests` (`from_user_id`, `to_user_id`, `accepted`) VALUES ('67', '41', 0);
INSERT INTO `friend_requests` (`from_user_id`, `to_user_id`, `accepted`) VALUES ('67', '54', 0);
INSERT INTO `friend_requests` (`from_user_id`, `to_user_id`, `accepted`) VALUES ('67', '94', 0);
INSERT INTO `friend_requests` (`from_user_id`, `to_user_id`, `accepted`) VALUES ('68', '29', 0);
INSERT INTO `friend_requests` (`from_user_id`, `to_user_id`, `accepted`) VALUES ('68', '52', 0);
INSERT INTO `friend_requests` (`from_user_id`, `to_user_id`, `accepted`) VALUES ('68', '93', 0);
INSERT INTO `friend_requests` (`from_user_id`, `to_user_id`, `accepted`) VALUES ('69', '76', 0);
INSERT INTO `friend_requests` (`from_user_id`, `to_user_id`, `accepted`) VALUES ('70', '12', 0);
INSERT INTO `friend_requests` (`from_user_id`, `to_user_id`, `accepted`) VALUES ('70', '35', 0);
INSERT INTO `friend_requests` (`from_user_id`, `to_user_id`, `accepted`) VALUES ('70', '47', 0);
INSERT INTO `friend_requests` (`from_user_id`, `to_user_id`, `accepted`) VALUES ('71', '58', 0);
INSERT INTO `friend_requests` (`from_user_id`, `to_user_id`, `accepted`) VALUES ('71', '70', 0);
INSERT INTO `friend_requests` (`from_user_id`, `to_user_id`, `accepted`) VALUES ('72', '59', 0);
INSERT INTO `friend_requests` (`from_user_id`, `to_user_id`, `accepted`) VALUES ('72', '90', 0);
INSERT INTO `friend_requests` (`from_user_id`, `to_user_id`, `accepted`) VALUES ('73', '55', 0);
INSERT INTO `friend_requests` (`from_user_id`, `to_user_id`, `accepted`) VALUES ('73', '58', 0);
INSERT INTO `friend_requests` (`from_user_id`, `to_user_id`, `accepted`) VALUES ('74', '11', 0);
INSERT INTO `friend_requests` (`from_user_id`, `to_user_id`, `accepted`) VALUES ('74', '79', 0);
INSERT INTO `friend_requests` (`from_user_id`, `to_user_id`, `accepted`) VALUES ('75', '1', 0);
INSERT INTO `friend_requests` (`from_user_id`, `to_user_id`, `accepted`) VALUES ('75', '40', 0);
INSERT INTO `friend_requests` (`from_user_id`, `to_user_id`, `accepted`) VALUES ('75', '53', 0);
INSERT INTO `friend_requests` (`from_user_id`, `to_user_id`, `accepted`) VALUES ('75', '87', 0);
INSERT INTO `friend_requests` (`from_user_id`, `to_user_id`, `accepted`) VALUES ('77', '49', 0);
INSERT INTO `friend_requests` (`from_user_id`, `to_user_id`, `accepted`) VALUES ('78', '4', 0);
INSERT INTO `friend_requests` (`from_user_id`, `to_user_id`, `accepted`) VALUES ('78', '67', 0);
INSERT INTO `friend_requests` (`from_user_id`, `to_user_id`, `accepted`) VALUES ('79', '56', 0);
INSERT INTO `friend_requests` (`from_user_id`, `to_user_id`, `accepted`) VALUES ('79', '57', 0);
INSERT INTO `friend_requests` (`from_user_id`, `to_user_id`, `accepted`) VALUES ('79', '98', 0);
INSERT INTO `friend_requests` (`from_user_id`, `to_user_id`, `accepted`) VALUES ('80', '10', 0);
INSERT INTO `friend_requests` (`from_user_id`, `to_user_id`, `accepted`) VALUES ('81', '38', 0);
INSERT INTO `friend_requests` (`from_user_id`, `to_user_id`, `accepted`) VALUES ('81', '91', 0);
INSERT INTO `friend_requests` (`from_user_id`, `to_user_id`, `accepted`) VALUES ('81', '99', 0);
INSERT INTO `friend_requests` (`from_user_id`, `to_user_id`, `accepted`) VALUES ('83', '9', 0);
INSERT INTO `friend_requests` (`from_user_id`, `to_user_id`, `accepted`) VALUES ('83', '41', 0);
INSERT INTO `friend_requests` (`from_user_id`, `to_user_id`, `accepted`) VALUES ('83', '67', 0);
INSERT INTO `friend_requests` (`from_user_id`, `to_user_id`, `accepted`) VALUES ('83', '69', 0);
INSERT INTO `friend_requests` (`from_user_id`, `to_user_id`, `accepted`) VALUES ('83', '93', 0);
INSERT INTO `friend_requests` (`from_user_id`, `to_user_id`, `accepted`) VALUES ('83', '100', 0);
INSERT INTO `friend_requests` (`from_user_id`, `to_user_id`, `accepted`) VALUES ('84', '66', 0);
INSERT INTO `friend_requests` (`from_user_id`, `to_user_id`, `accepted`) VALUES ('85', '22', 0);
INSERT INTO `friend_requests` (`from_user_id`, `to_user_id`, `accepted`) VALUES ('85', '46', 0);
INSERT INTO `friend_requests` (`from_user_id`, `to_user_id`, `accepted`) VALUES ('85', '81', 0);
INSERT INTO `friend_requests` (`from_user_id`, `to_user_id`, `accepted`) VALUES ('86', '34', 0);
INSERT INTO `friend_requests` (`from_user_id`, `to_user_id`, `accepted`) VALUES ('86', '52', 0);
INSERT INTO `friend_requests` (`from_user_id`, `to_user_id`, `accepted`) VALUES ('86', '57', 0);
INSERT INTO `friend_requests` (`from_user_id`, `to_user_id`, `accepted`) VALUES ('87', '22', 0);
INSERT INTO `friend_requests` (`from_user_id`, `to_user_id`, `accepted`) VALUES ('87', '68', 0);
INSERT INTO `friend_requests` (`from_user_id`, `to_user_id`, `accepted`) VALUES ('88', '27', 0);
INSERT INTO `friend_requests` (`from_user_id`, `to_user_id`, `accepted`) VALUES ('89', '70', 0);
INSERT INTO `friend_requests` (`from_user_id`, `to_user_id`, `accepted`) VALUES ('89', '71', 0);
INSERT INTO `friend_requests` (`from_user_id`, `to_user_id`, `accepted`) VALUES ('90', '82', 0);
INSERT INTO `friend_requests` (`from_user_id`, `to_user_id`, `accepted`) VALUES ('91', '92', 0);
INSERT INTO `friend_requests` (`from_user_id`, `to_user_id`, `accepted`) VALUES ('92', '15', 0);
INSERT INTO `friend_requests` (`from_user_id`, `to_user_id`, `accepted`) VALUES ('92', '16', 0);
INSERT INTO `friend_requests` (`from_user_id`, `to_user_id`, `accepted`) VALUES ('92', '54', 0);
INSERT INTO `friend_requests` (`from_user_id`, `to_user_id`, `accepted`) VALUES ('93', '10', 0);
INSERT INTO `friend_requests` (`from_user_id`, `to_user_id`, `accepted`) VALUES ('93', '21', 0);
INSERT INTO `friend_requests` (`from_user_id`, `to_user_id`, `accepted`) VALUES ('94', '50', 0);
INSERT INTO `friend_requests` (`from_user_id`, `to_user_id`, `accepted`) VALUES ('95', '52', 0);
INSERT INTO `friend_requests` (`from_user_id`, `to_user_id`, `accepted`) VALUES ('96', '23', 0);
INSERT INTO `friend_requests` (`from_user_id`, `to_user_id`, `accepted`) VALUES ('96', '90', 0);
INSERT INTO `friend_requests` (`from_user_id`, `to_user_id`, `accepted`) VALUES ('97', '42', 0);
INSERT INTO `friend_requests` (`from_user_id`, `to_user_id`, `accepted`) VALUES ('97', '57', 0);
INSERT INTO `friend_requests` (`from_user_id`, `to_user_id`, `accepted`) VALUES ('97', '65', 0);
INSERT INTO `friend_requests` (`from_user_id`, `to_user_id`, `accepted`) VALUES ('97', '68', 0);
INSERT INTO `friend_requests` (`from_user_id`, `to_user_id`, `accepted`) VALUES ('98', '7', 0);
INSERT INTO `friend_requests` (`from_user_id`, `to_user_id`, `accepted`) VALUES ('98', '51', 0);
INSERT INTO `friend_requests` (`from_user_id`, `to_user_id`, `accepted`) VALUES ('98', '60', 0);
INSERT INTO `friend_requests` (`from_user_id`, `to_user_id`, `accepted`) VALUES ('98', '66', 0);
INSERT INTO `friend_requests` (`from_user_id`, `to_user_id`, `accepted`) VALUES ('98', '74', 0);
INSERT INTO `friend_requests` (`from_user_id`, `to_user_id`, `accepted`) VALUES ('98', '99', 0);
INSERT INTO `friend_requests` (`from_user_id`, `to_user_id`, `accepted`) VALUES ('99', '8', 0);
INSERT INTO `friend_requests` (`from_user_id`, `to_user_id`, `accepted`) VALUES ('99', '19', 0);
INSERT INTO `friend_requests` (`from_user_id`, `to_user_id`, `accepted`) VALUES ('99', '81', 0);
INSERT INTO `friend_requests` (`from_user_id`, `to_user_id`, `accepted`) VALUES ('100', '29', 0);
INSERT INTO `friend_requests` (`from_user_id`, `to_user_id`, `accepted`) VALUES ('100', '32', 0);
INSERT INTO `friend_requests` (`from_user_id`, `to_user_id`, `accepted`) VALUES ('100', '53', 0);


#
# TABLE STRUCTURE FOR: media
#

DROP TABLE IF EXISTS `media`;

CREATE TABLE `media` (
  `id` bigint(20) unsigned NOT NULL AUTO_INCREMENT,
  `user_id` bigint(20) unsigned NOT NULL,
  `media_types_id` int(10) unsigned NOT NULL,
  `file_name` varchar(245) COLLATE utf8mb4_unicode_ci DEFAULT NULL COMMENT '/files/folder/img.png',
  `file_size` bigint(20) DEFAULT NULL,
  `created_at` datetime NOT NULL DEFAULT current_timestamp(),
  PRIMARY KEY (`id`),
  KEY `fk_media_users_idx` (`user_id`),
  KEY `fk_media_media_types` (`media_types_id`),
  CONSTRAINT `fk_media_media_types` FOREIGN KEY (`media_types_id`) REFERENCES `media_types` (`id`),
  CONSTRAINT `fk_media_users` FOREIGN KEY (`user_id`) REFERENCES `users` (`id`)
) ENGINE=InnoDB AUTO_INCREMENT=101 DEFAULT CHARSET=utf8mb4 COLLATE=utf8mb4_unicode_ci;

INSERT INTO `media` (`id`, `user_id`, `media_types_id`, `file_name`, `file_size`, `created_at`) VALUES ('1', '89', 4, 'commodi', '443', '1976-05-15 00:40:37');
INSERT INTO `media` (`id`, `user_id`, `media_types_id`, `file_name`, `file_size`, `created_at`) VALUES ('2', '25', 4, 'at', '33592338', '2012-02-26 14:21:52');
INSERT INTO `media` (`id`, `user_id`, `media_types_id`, `file_name`, `file_size`, `created_at`) VALUES ('3', '90', 4, 'beatae', '4', '2012-08-19 09:43:28');
INSERT INTO `media` (`id`, `user_id`, `media_types_id`, `file_name`, `file_size`, `created_at`) VALUES ('4', '83', 2, 'numquam', '7751', '1985-03-28 17:08:06');
INSERT INTO `media` (`id`, `user_id`, `media_types_id`, `file_name`, `file_size`, `created_at`) VALUES ('5', '82', 4, 'cumque', '2', '1970-04-26 12:45:43');
INSERT INTO `media` (`id`, `user_id`, `media_types_id`, `file_name`, `file_size`, `created_at`) VALUES ('6', '49', 1, 'quis', '0', '2016-11-18 20:22:55');
INSERT INTO `media` (`id`, `user_id`, `media_types_id`, `file_name`, `file_size`, `created_at`) VALUES ('7', '96', 1, 'laborum', '0', '2013-05-19 12:36:34');
INSERT INTO `media` (`id`, `user_id`, `media_types_id`, `file_name`, `file_size`, `created_at`) VALUES ('8', '42', 3, 'tempore', '202752', '2001-06-24 09:42:05');
INSERT INTO `media` (`id`, `user_id`, `media_types_id`, `file_name`, `file_size`, `created_at`) VALUES ('9', '67', 3, 'sed', '86', '1987-11-23 15:09:58');
INSERT INTO `media` (`id`, `user_id`, `media_types_id`, `file_name`, `file_size`, `created_at`) VALUES ('10', '60', 2, 'dolor', '66344', '2020-11-10 07:53:23');
INSERT INTO `media` (`id`, `user_id`, `media_types_id`, `file_name`, `file_size`, `created_at`) VALUES ('11', '2', 4, 'labore', '14065008', '1997-08-11 00:52:41');
INSERT INTO `media` (`id`, `user_id`, `media_types_id`, `file_name`, `file_size`, `created_at`) VALUES ('12', '5', 3, 'non', '4351088', '1985-09-16 07:04:14');
INSERT INTO `media` (`id`, `user_id`, `media_types_id`, `file_name`, `file_size`, `created_at`) VALUES ('13', '83', 2, 'assumenda', '8273', '1987-10-30 02:25:01');
INSERT INTO `media` (`id`, `user_id`, `media_types_id`, `file_name`, `file_size`, `created_at`) VALUES ('14', '41', 1, 'nemo', '0', '1983-12-12 01:01:35');
INSERT INTO `media` (`id`, `user_id`, `media_types_id`, `file_name`, `file_size`, `created_at`) VALUES ('15', '33', 1, 'eum', '951129', '1971-03-15 16:47:48');
INSERT INTO `media` (`id`, `user_id`, `media_types_id`, `file_name`, `file_size`, `created_at`) VALUES ('16', '76', 1, 'tempore', '76586', '2010-10-25 14:21:47');
INSERT INTO `media` (`id`, `user_id`, `media_types_id`, `file_name`, `file_size`, `created_at`) VALUES ('17', '96', 1, 'impedit', '160242453', '1995-01-15 02:20:42');
INSERT INTO `media` (`id`, `user_id`, `media_types_id`, `file_name`, `file_size`, `created_at`) VALUES ('18', '18', 4, 'dolorem', '21056', '2001-04-07 20:08:10');
INSERT INTO `media` (`id`, `user_id`, `media_types_id`, `file_name`, `file_size`, `created_at`) VALUES ('19', '98', 1, 'nam', '208688', '2018-06-28 11:19:08');
INSERT INTO `media` (`id`, `user_id`, `media_types_id`, `file_name`, `file_size`, `created_at`) VALUES ('20', '21', 4, 'ut', '0', '1993-04-03 08:30:42');
INSERT INTO `media` (`id`, `user_id`, `media_types_id`, `file_name`, `file_size`, `created_at`) VALUES ('21', '93', 3, 'iusto', '799', '1972-10-16 07:51:40');
INSERT INTO `media` (`id`, `user_id`, `media_types_id`, `file_name`, `file_size`, `created_at`) VALUES ('22', '97', 4, 'soluta', '18624620', '1994-03-22 19:54:42');
INSERT INTO `media` (`id`, `user_id`, `media_types_id`, `file_name`, `file_size`, `created_at`) VALUES ('23', '91', 2, 'consectetur', '889953', '2009-06-12 17:39:47');
INSERT INTO `media` (`id`, `user_id`, `media_types_id`, `file_name`, `file_size`, `created_at`) VALUES ('24', '50', 3, 'est', '9076', '2013-12-04 16:56:50');
INSERT INTO `media` (`id`, `user_id`, `media_types_id`, `file_name`, `file_size`, `created_at`) VALUES ('25', '2', 1, 'excepturi', '0', '1987-11-29 14:55:33');
INSERT INTO `media` (`id`, `user_id`, `media_types_id`, `file_name`, `file_size`, `created_at`) VALUES ('26', '6', 1, 'aspernatur', '10834776', '1988-08-27 15:15:41');
INSERT INTO `media` (`id`, `user_id`, `media_types_id`, `file_name`, `file_size`, `created_at`) VALUES ('27', '86', 1, 'illo', '67306', '1972-04-29 08:27:21');
INSERT INTO `media` (`id`, `user_id`, `media_types_id`, `file_name`, `file_size`, `created_at`) VALUES ('28', '64', 3, 'consectetur', '214019', '2014-03-20 18:13:10');
INSERT INTO `media` (`id`, `user_id`, `media_types_id`, `file_name`, `file_size`, `created_at`) VALUES ('29', '37', 1, 'ut', '7014257', '1978-07-27 22:34:03');
INSERT INTO `media` (`id`, `user_id`, `media_types_id`, `file_name`, `file_size`, `created_at`) VALUES ('30', '81', 3, 'sed', '751840188', '2004-07-22 10:41:08');
INSERT INTO `media` (`id`, `user_id`, `media_types_id`, `file_name`, `file_size`, `created_at`) VALUES ('31', '12', 3, 'minima', '31', '2020-09-28 11:12:06');
INSERT INTO `media` (`id`, `user_id`, `media_types_id`, `file_name`, `file_size`, `created_at`) VALUES ('32', '90', 1, 'illum', '645458', '1997-05-04 12:59:12');
INSERT INTO `media` (`id`, `user_id`, `media_types_id`, `file_name`, `file_size`, `created_at`) VALUES ('33', '57', 1, 'eos', '92500305', '2004-12-31 20:58:27');
INSERT INTO `media` (`id`, `user_id`, `media_types_id`, `file_name`, `file_size`, `created_at`) VALUES ('34', '94', 3, 'nostrum', '2558', '1996-11-13 00:08:04');
INSERT INTO `media` (`id`, `user_id`, `media_types_id`, `file_name`, `file_size`, `created_at`) VALUES ('35', '8', 1, 'repudiandae', '410697643', '1971-07-17 09:27:52');
INSERT INTO `media` (`id`, `user_id`, `media_types_id`, `file_name`, `file_size`, `created_at`) VALUES ('36', '34', 1, 'est', '772', '2008-04-07 19:30:20');
INSERT INTO `media` (`id`, `user_id`, `media_types_id`, `file_name`, `file_size`, `created_at`) VALUES ('37', '83', 2, 'impedit', '8', '1977-10-05 04:00:32');
INSERT INTO `media` (`id`, `user_id`, `media_types_id`, `file_name`, `file_size`, `created_at`) VALUES ('38', '89', 3, 'aperiam', '1', '2001-10-09 04:37:27');
INSERT INTO `media` (`id`, `user_id`, `media_types_id`, `file_name`, `file_size`, `created_at`) VALUES ('39', '69', 2, 'velit', '934', '2010-05-11 20:58:11');
INSERT INTO `media` (`id`, `user_id`, `media_types_id`, `file_name`, `file_size`, `created_at`) VALUES ('40', '30', 3, 'eum', '0', '2002-04-08 04:49:48');
INSERT INTO `media` (`id`, `user_id`, `media_types_id`, `file_name`, `file_size`, `created_at`) VALUES ('41', '48', 2, 'libero', '9712', '1996-11-07 15:25:25');
INSERT INTO `media` (`id`, `user_id`, `media_types_id`, `file_name`, `file_size`, `created_at`) VALUES ('42', '73', 2, 'voluptates', '851', '2006-04-11 09:12:41');
INSERT INTO `media` (`id`, `user_id`, `media_types_id`, `file_name`, `file_size`, `created_at`) VALUES ('43', '45', 2, 'suscipit', '5707', '2020-09-29 23:25:19');
INSERT INTO `media` (`id`, `user_id`, `media_types_id`, `file_name`, `file_size`, `created_at`) VALUES ('44', '1', 4, 'illum', '137718817', '2006-04-03 17:15:48');
INSERT INTO `media` (`id`, `user_id`, `media_types_id`, `file_name`, `file_size`, `created_at`) VALUES ('45', '39', 4, 'recusandae', '273623721', '1995-07-07 18:53:01');
INSERT INTO `media` (`id`, `user_id`, `media_types_id`, `file_name`, `file_size`, `created_at`) VALUES ('46', '51', 3, 'quia', '6146850', '1988-05-13 01:54:58');
INSERT INTO `media` (`id`, `user_id`, `media_types_id`, `file_name`, `file_size`, `created_at`) VALUES ('47', '39', 2, 'voluptatem', '7670', '1976-10-24 04:31:31');
INSERT INTO `media` (`id`, `user_id`, `media_types_id`, `file_name`, `file_size`, `created_at`) VALUES ('48', '59', 4, 'deleniti', '753613874', '2008-06-11 18:20:19');
INSERT INTO `media` (`id`, `user_id`, `media_types_id`, `file_name`, `file_size`, `created_at`) VALUES ('49', '49', 3, 'omnis', '14679006', '1970-03-27 04:52:13');
INSERT INTO `media` (`id`, `user_id`, `media_types_id`, `file_name`, `file_size`, `created_at`) VALUES ('50', '50', 3, 'quia', '2719', '1990-02-18 16:21:33');
INSERT INTO `media` (`id`, `user_id`, `media_types_id`, `file_name`, `file_size`, `created_at`) VALUES ('51', '65', 4, 'eaque', '9959985', '2018-06-18 22:56:14');
INSERT INTO `media` (`id`, `user_id`, `media_types_id`, `file_name`, `file_size`, `created_at`) VALUES ('52', '57', 2, 'impedit', '63', '1976-01-21 06:53:20');
INSERT INTO `media` (`id`, `user_id`, `media_types_id`, `file_name`, `file_size`, `created_at`) VALUES ('53', '15', 2, 'distinctio', '27657286', '1971-09-09 13:38:11');
INSERT INTO `media` (`id`, `user_id`, `media_types_id`, `file_name`, `file_size`, `created_at`) VALUES ('54', '20', 4, 'accusamus', '4866', '2017-07-07 14:22:50');
INSERT INTO `media` (`id`, `user_id`, `media_types_id`, `file_name`, `file_size`, `created_at`) VALUES ('55', '84', 2, 'unde', '51413917', '1989-09-30 08:22:00');
INSERT INTO `media` (`id`, `user_id`, `media_types_id`, `file_name`, `file_size`, `created_at`) VALUES ('56', '54', 2, 'laudantium', '8', '1995-07-23 22:47:59');
INSERT INTO `media` (`id`, `user_id`, `media_types_id`, `file_name`, `file_size`, `created_at`) VALUES ('57', '84', 2, 'et', '4645', '1976-06-17 18:57:36');
INSERT INTO `media` (`id`, `user_id`, `media_types_id`, `file_name`, `file_size`, `created_at`) VALUES ('58', '64', 2, 'omnis', '0', '1994-03-12 19:27:10');
INSERT INTO `media` (`id`, `user_id`, `media_types_id`, `file_name`, `file_size`, `created_at`) VALUES ('59', '61', 3, 'sapiente', '27080', '2008-12-14 05:22:09');
INSERT INTO `media` (`id`, `user_id`, `media_types_id`, `file_name`, `file_size`, `created_at`) VALUES ('60', '10', 4, 'aut', '90792', '1999-07-14 09:25:31');
INSERT INTO `media` (`id`, `user_id`, `media_types_id`, `file_name`, `file_size`, `created_at`) VALUES ('61', '47', 3, 'quia', '1753826', '1992-07-30 03:31:48');
INSERT INTO `media` (`id`, `user_id`, `media_types_id`, `file_name`, `file_size`, `created_at`) VALUES ('62', '51', 4, 'quae', '0', '1997-09-30 23:33:17');
INSERT INTO `media` (`id`, `user_id`, `media_types_id`, `file_name`, `file_size`, `created_at`) VALUES ('63', '1', 1, 'et', '93803232', '2004-11-21 06:34:45');
INSERT INTO `media` (`id`, `user_id`, `media_types_id`, `file_name`, `file_size`, `created_at`) VALUES ('64', '80', 2, 'repudiandae', '0', '2009-03-12 17:59:25');
INSERT INTO `media` (`id`, `user_id`, `media_types_id`, `file_name`, `file_size`, `created_at`) VALUES ('65', '60', 2, 'ut', '829534', '2008-06-16 14:17:38');
INSERT INTO `media` (`id`, `user_id`, `media_types_id`, `file_name`, `file_size`, `created_at`) VALUES ('66', '5', 1, 'aspernatur', '8469', '2010-07-25 07:04:39');
INSERT INTO `media` (`id`, `user_id`, `media_types_id`, `file_name`, `file_size`, `created_at`) VALUES ('67', '14', 3, 'sit', '0', '2001-02-28 13:19:09');
INSERT INTO `media` (`id`, `user_id`, `media_types_id`, `file_name`, `file_size`, `created_at`) VALUES ('68', '72', 2, 'sit', '14', '1988-06-12 12:33:16');
INSERT INTO `media` (`id`, `user_id`, `media_types_id`, `file_name`, `file_size`, `created_at`) VALUES ('69', '7', 4, 'esse', '80', '2015-05-12 19:58:42');
INSERT INTO `media` (`id`, `user_id`, `media_types_id`, `file_name`, `file_size`, `created_at`) VALUES ('70', '12', 4, 'libero', '0', '1989-07-23 00:39:25');
INSERT INTO `media` (`id`, `user_id`, `media_types_id`, `file_name`, `file_size`, `created_at`) VALUES ('71', '41', 3, 'earum', '310438', '1983-10-01 13:07:32');
INSERT INTO `media` (`id`, `user_id`, `media_types_id`, `file_name`, `file_size`, `created_at`) VALUES ('72', '21', 1, 'minus', '42492', '2008-08-14 03:53:20');
INSERT INTO `media` (`id`, `user_id`, `media_types_id`, `file_name`, `file_size`, `created_at`) VALUES ('73', '91', 4, 'fugit', '390197', '1990-04-27 17:55:14');
INSERT INTO `media` (`id`, `user_id`, `media_types_id`, `file_name`, `file_size`, `created_at`) VALUES ('74', '53', 3, 'tempore', '79859', '1972-01-12 14:47:05');
INSERT INTO `media` (`id`, `user_id`, `media_types_id`, `file_name`, `file_size`, `created_at`) VALUES ('75', '49', 3, 'sunt', '2637', '2013-12-09 15:46:35');
INSERT INTO `media` (`id`, `user_id`, `media_types_id`, `file_name`, `file_size`, `created_at`) VALUES ('76', '52', 4, 'labore', '0', '2000-12-19 03:33:33');
INSERT INTO `media` (`id`, `user_id`, `media_types_id`, `file_name`, `file_size`, `created_at`) VALUES ('77', '23', 1, 'commodi', '282', '2004-02-23 10:00:58');
INSERT INTO `media` (`id`, `user_id`, `media_types_id`, `file_name`, `file_size`, `created_at`) VALUES ('78', '80', 1, 'quisquam', '0', '2010-12-21 18:04:43');
INSERT INTO `media` (`id`, `user_id`, `media_types_id`, `file_name`, `file_size`, `created_at`) VALUES ('79', '11', 3, 'doloremque', '479487', '2010-10-02 01:57:44');
INSERT INTO `media` (`id`, `user_id`, `media_types_id`, `file_name`, `file_size`, `created_at`) VALUES ('80', '73', 3, 'et', '535767222', '1978-05-23 15:47:22');
INSERT INTO `media` (`id`, `user_id`, `media_types_id`, `file_name`, `file_size`, `created_at`) VALUES ('81', '90', 4, 'ipsam', '1', '1987-04-04 06:33:01');
INSERT INTO `media` (`id`, `user_id`, `media_types_id`, `file_name`, `file_size`, `created_at`) VALUES ('82', '95', 1, 'autem', '63', '1986-12-30 17:38:51');
INSERT INTO `media` (`id`, `user_id`, `media_types_id`, `file_name`, `file_size`, `created_at`) VALUES ('83', '38', 3, 'qui', '864990945', '2019-09-17 06:37:32');
INSERT INTO `media` (`id`, `user_id`, `media_types_id`, `file_name`, `file_size`, `created_at`) VALUES ('84', '31', 2, 'unde', '2311361', '1999-05-06 13:13:20');
INSERT INTO `media` (`id`, `user_id`, `media_types_id`, `file_name`, `file_size`, `created_at`) VALUES ('85', '59', 2, 'et', '519319', '1987-10-01 20:57:53');
INSERT INTO `media` (`id`, `user_id`, `media_types_id`, `file_name`, `file_size`, `created_at`) VALUES ('86', '34', 4, 'deleniti', '4', '2015-01-28 02:07:10');
INSERT INTO `media` (`id`, `user_id`, `media_types_id`, `file_name`, `file_size`, `created_at`) VALUES ('87', '8', 3, 'est', '45366105', '2009-10-20 19:43:31');
INSERT INTO `media` (`id`, `user_id`, `media_types_id`, `file_name`, `file_size`, `created_at`) VALUES ('88', '24', 4, 'consequuntur', '5044727', '1998-04-04 04:23:04');
INSERT INTO `media` (`id`, `user_id`, `media_types_id`, `file_name`, `file_size`, `created_at`) VALUES ('89', '39', 4, 'dolor', '95571', '2009-04-20 21:29:12');
INSERT INTO `media` (`id`, `user_id`, `media_types_id`, `file_name`, `file_size`, `created_at`) VALUES ('90', '50', 4, 'consequatur', '764', '1981-01-07 09:52:13');
INSERT INTO `media` (`id`, `user_id`, `media_types_id`, `file_name`, `file_size`, `created_at`) VALUES ('91', '40', 1, 'voluptatem', '2165', '1981-06-16 02:27:41');
INSERT INTO `media` (`id`, `user_id`, `media_types_id`, `file_name`, `file_size`, `created_at`) VALUES ('92', '82', 3, 'debitis', '734165604', '2020-08-06 03:29:37');
INSERT INTO `media` (`id`, `user_id`, `media_types_id`, `file_name`, `file_size`, `created_at`) VALUES ('93', '3', 3, 'enim', '540621', '1970-07-15 14:50:48');
INSERT INTO `media` (`id`, `user_id`, `media_types_id`, `file_name`, `file_size`, `created_at`) VALUES ('94', '86', 1, 'quidem', '1', '1970-10-27 13:02:25');
INSERT INTO `media` (`id`, `user_id`, `media_types_id`, `file_name`, `file_size`, `created_at`) VALUES ('95', '21', 3, 'aut', '18', '1983-05-04 23:08:13');
INSERT INTO `media` (`id`, `user_id`, `media_types_id`, `file_name`, `file_size`, `created_at`) VALUES ('96', '83', 1, 'est', '877035190', '1997-06-26 21:51:03');
INSERT INTO `media` (`id`, `user_id`, `media_types_id`, `file_name`, `file_size`, `created_at`) VALUES ('97', '35', 4, 'et', '13649269', '1999-04-13 21:52:12');
INSERT INTO `media` (`id`, `user_id`, `media_types_id`, `file_name`, `file_size`, `created_at`) VALUES ('98', '13', 3, 'ducimus', '4646608', '1979-09-13 08:13:45');
INSERT INTO `media` (`id`, `user_id`, `media_types_id`, `file_name`, `file_size`, `created_at`) VALUES ('99', '44', 2, 'facere', '0', '1979-08-06 03:44:28');
INSERT INTO `media` (`id`, `user_id`, `media_types_id`, `file_name`, `file_size`, `created_at`) VALUES ('100', '16', 1, 'eveniet', '57630930', '1983-10-01 12:02:59');


#
# TABLE STRUCTURE FOR: media_types
#

DROP TABLE IF EXISTS `media_types`;

CREATE TABLE `media_types` (
  `id` int(10) unsigned NOT NULL AUTO_INCREMENT,
  `name` varchar(45) COLLATE utf8mb4_unicode_ci NOT NULL,
  PRIMARY KEY (`id`),
  UNIQUE KEY `name` (`name`)
) ENGINE=InnoDB AUTO_INCREMENT=5 DEFAULT CHARSET=utf8mb4 COLLATE=utf8mb4_unicode_ci;

INSERT INTO `media_types` (`id`, `name`) VALUES (4, 'assumenda');
INSERT INTO `media_types` (`id`, `name`) VALUES (1, 'quisquam');
INSERT INTO `media_types` (`id`, `name`) VALUES (3, 'ut');
INSERT INTO `media_types` (`id`, `name`) VALUES (2, 'voluptatum');


#
# TABLE STRUCTURE FOR: messages
#

DROP TABLE IF EXISTS `messages`;

CREATE TABLE `messages` (
  `id` bigint(20) unsigned NOT NULL AUTO_INCREMENT,
  `from_user_id` bigint(20) unsigned NOT NULL,
  `to_user_id` bigint(20) unsigned NOT NULL,
  `txt` text COLLATE utf8mb4_unicode_ci NOT NULL,
  `is_delivered` tinyint(1) DEFAULT 0,
  `created_at` datetime NOT NULL DEFAULT current_timestamp(),
  `update_at` datetime DEFAULT NULL ON UPDATE current_timestamp(),
  PRIMARY KEY (`id`),
  KEY `fk_messages_from_user_idx` (`from_user_id`),
  KEY `fk_messages_to_user_idx` (`to_user_id`),
  CONSTRAINT `fk_messages_users_1` FOREIGN KEY (`from_user_id`) REFERENCES `users` (`id`),
  CONSTRAINT `fk_messages_users_2` FOREIGN KEY (`to_user_id`) REFERENCES `users` (`id`)
) ENGINE=InnoDB AUTO_INCREMENT=601 DEFAULT CHARSET=utf8mb4 COLLATE=utf8mb4_unicode_ci;

INSERT INTO `messages` (`id`, `from_user_id`, `to_user_id`, `txt`, `is_delivered`, `created_at`, `update_at`) VALUES ('1', '2', '25', 'Eius veritatis doloremque vel assumenda aspernatur occaecati. Id officiis qui corrupti. Laboriosam reprehenderit illum voluptatem occaecati qui.', 1, '2002-06-20 00:20:49', '1981-04-28 23:58:13');
INSERT INTO `messages` (`id`, `from_user_id`, `to_user_id`, `txt`, `is_delivered`, `created_at`, `update_at`) VALUES ('2', '96', '30', 'Earum est odit reiciendis. Eos voluptatem qui quaerat quas libero dolorum dolorem. Sit vel earum ut velit velit est quos tempore. Est est ut et nam accusamus.', 0, '1972-08-01 16:40:58', '2010-07-31 17:08:00');
INSERT INTO `messages` (`id`, `from_user_id`, `to_user_id`, `txt`, `is_delivered`, `created_at`, `update_at`) VALUES ('3', '39', '28', 'Officia voluptatem voluptate laborum veritatis officiis ab expedita. Alias minima vel fugiat magnam hic.', 0, '1985-03-08 23:49:06', '2014-07-12 19:04:06');
INSERT INTO `messages` (`id`, `from_user_id`, `to_user_id`, `txt`, `is_delivered`, `created_at`, `update_at`) VALUES ('4', '63', '12', 'Eos eius architecto qui sit. Ut cum et sint ab voluptate labore. Dolor possimus illo libero ipsam rerum dignissimos.', 1, '2006-03-27 04:04:30', '2011-12-03 09:32:44');
INSERT INTO `messages` (`id`, `from_user_id`, `to_user_id`, `txt`, `is_delivered`, `created_at`, `update_at`) VALUES ('5', '3', '44', 'Suscipit eos tenetur optio. Tenetur enim hic aliquid ea minima delectus. Inventore officiis labore temporibus dolore possimus. Mollitia consequatur neque aut tempora dicta voluptatem.', 0, '1980-11-11 15:53:01', '1982-03-10 05:30:40');
INSERT INTO `messages` (`id`, `from_user_id`, `to_user_id`, `txt`, `is_delivered`, `created_at`, `update_at`) VALUES ('6', '89', '80', 'Deserunt dolorem consequuntur et eveniet et quam. Ad voluptate cumque exercitationem. Laborum assumenda ut voluptatem expedita. Corporis sunt ex veniam. Voluptas saepe sed et modi facere.', 0, '1990-05-26 00:13:56', '2010-06-27 08:38:24');
INSERT INTO `messages` (`id`, `from_user_id`, `to_user_id`, `txt`, `is_delivered`, `created_at`, `update_at`) VALUES ('7', '40', '63', 'Sit reiciendis dicta rerum modi quia. Aut impedit neque officia possimus et. Libero facere ut facilis deserunt esse cupiditate. Ex accusamus unde deleniti autem aut.', 0, '2007-08-19 23:28:29', '1983-05-05 18:06:43');
INSERT INTO `messages` (`id`, `from_user_id`, `to_user_id`, `txt`, `is_delivered`, `created_at`, `update_at`) VALUES ('8', '97', '36', 'Error qui eum voluptas delectus. Vitae ut facere maiores quisquam nesciunt et. Et quia possimus odit omnis optio suscipit consequatur. Enim ut rem aut est dicta dolore quas.', 0, '1978-11-26 05:31:30', '1996-01-02 17:50:07');
INSERT INTO `messages` (`id`, `from_user_id`, `to_user_id`, `txt`, `is_delivered`, `created_at`, `update_at`) VALUES ('9', '91', '64', 'A velit unde nostrum dolore. Sed maiores magni quis ut. Non voluptas reiciendis accusamus aperiam quia dicta. Labore cupiditate sed ut quis laboriosam. Aut doloribus ut quia necessitatibus.', 1, '1994-01-24 14:28:59', '2003-06-17 04:14:47');
INSERT INTO `messages` (`id`, `from_user_id`, `to_user_id`, `txt`, `is_delivered`, `created_at`, `update_at`) VALUES ('10', '63', '49', 'Animi dolores est consectetur velit amet at aut. Ullam impedit animi non magni et iste dignissimos. Et voluptas velit enim quaerat mollitia. Et non est labore repellendus aspernatur. Eveniet ut veniam nisi quibusdam.', 1, '2013-10-07 17:44:02', '1995-11-06 23:39:11');
INSERT INTO `messages` (`id`, `from_user_id`, `to_user_id`, `txt`, `is_delivered`, `created_at`, `update_at`) VALUES ('11', '88', '35', 'Occaecati doloribus quo omnis aut. Eum corrupti et recusandae ipsa nobis saepe. Quod ratione quia quaerat omnis et recusandae qui.', 1, '1988-10-02 06:22:39', '2019-11-16 07:27:45');
INSERT INTO `messages` (`id`, `from_user_id`, `to_user_id`, `txt`, `is_delivered`, `created_at`, `update_at`) VALUES ('12', '81', '80', 'Est fuga blanditiis et accusantium consectetur sapiente sit voluptatibus. Nesciunt molestias iure ullam numquam ut numquam. Omnis officiis at dolores facere nostrum. Rerum ut excepturi ipsam.', 1, '2000-06-10 01:19:51', '2014-02-22 19:34:19');
INSERT INTO `messages` (`id`, `from_user_id`, `to_user_id`, `txt`, `is_delivered`, `created_at`, `update_at`) VALUES ('13', '86', '63', 'Assumenda soluta quod dolorem nesciunt deleniti alias debitis. Autem a fugit tempore voluptatem voluptatem sapiente. Temporibus mollitia quisquam suscipit et.', 0, '1998-08-14 01:31:08', '2003-11-02 15:03:43');
INSERT INTO `messages` (`id`, `from_user_id`, `to_user_id`, `txt`, `is_delivered`, `created_at`, `update_at`) VALUES ('14', '59', '61', 'Similique dicta aut a iste a amet accusantium. Ut quo numquam et soluta reprehenderit adipisci id laborum. Voluptatem consequatur ut explicabo doloremque recusandae amet quo. Praesentium optio est ut hic id voluptas.', 1, '1980-05-02 22:02:56', '1985-07-13 05:00:52');
INSERT INTO `messages` (`id`, `from_user_id`, `to_user_id`, `txt`, `is_delivered`, `created_at`, `update_at`) VALUES ('15', '80', '100', 'Enim est voluptas soluta quod explicabo. Est quis tenetur corporis. Similique quasi non omnis doloribus.', 1, '1985-09-29 12:57:02', '1996-09-19 05:59:16');
INSERT INTO `messages` (`id`, `from_user_id`, `to_user_id`, `txt`, `is_delivered`, `created_at`, `update_at`) VALUES ('16', '15', '82', 'Atque error placeat rerum. Hic quisquam laudantium ad provident quia non. Autem illo recusandae ut quidem.', 1, '1975-04-10 20:51:32', '1983-09-30 04:08:15');
INSERT INTO `messages` (`id`, `from_user_id`, `to_user_id`, `txt`, `is_delivered`, `created_at`, `update_at`) VALUES ('17', '24', '11', 'Vel et quo a et omnis veritatis. Vitae sapiente similique amet a et quos molestiae. Iure quisquam repellendus aut velit a eum.', 1, '1986-07-05 09:35:16', '1974-01-11 10:07:12');
INSERT INTO `messages` (`id`, `from_user_id`, `to_user_id`, `txt`, `is_delivered`, `created_at`, `update_at`) VALUES ('18', '12', '63', 'Voluptatum fugit voluptatem et nemo. Architecto ut aut aut enim suscipit quidem deserunt. Explicabo qui sit qui adipisci.', 1, '1989-09-06 11:22:06', '1973-08-27 22:33:39');
INSERT INTO `messages` (`id`, `from_user_id`, `to_user_id`, `txt`, `is_delivered`, `created_at`, `update_at`) VALUES ('19', '39', '74', 'Suscipit modi esse accusamus sit non laborum reprehenderit enim. Voluptatum est sapiente neque consequatur sit quasi iste.', 1, '1984-02-16 20:16:46', '2000-10-25 14:22:27');
INSERT INTO `messages` (`id`, `from_user_id`, `to_user_id`, `txt`, `is_delivered`, `created_at`, `update_at`) VALUES ('20', '74', '42', 'Perspiciatis voluptatum inventore voluptas nisi quas. Iusto eum libero ducimus ut qui reiciendis. Ut sint illum veritatis officiis provident aut in.', 0, '1973-03-24 01:30:17', '2000-12-25 10:26:56');
INSERT INTO `messages` (`id`, `from_user_id`, `to_user_id`, `txt`, `is_delivered`, `created_at`, `update_at`) VALUES ('21', '18', '63', 'Magnam voluptatem voluptatem recusandae cumque ducimus deleniti. Quaerat quisquam voluptas dicta rem maiores. Qui esse quo numquam. Facere illum accusantium aut aut ratione ut quia.', 0, '2021-06-27 11:59:22', '2017-09-07 21:29:52');
INSERT INTO `messages` (`id`, `from_user_id`, `to_user_id`, `txt`, `is_delivered`, `created_at`, `update_at`) VALUES ('22', '21', '58', 'Necessitatibus quis voluptas possimus quasi et neque dicta quia. Dolor natus iste illum magnam natus ea. Praesentium et iste dolorem maiores id voluptatibus. Dolorem perferendis quis nisi et dolorum qui atque.', 0, '1986-07-22 05:56:01', '1991-08-05 05:14:25');
INSERT INTO `messages` (`id`, `from_user_id`, `to_user_id`, `txt`, `is_delivered`, `created_at`, `update_at`) VALUES ('23', '25', '18', 'Et laboriosam ut non ut. Nemo molestiae quo eligendi maiores magnam. Necessitatibus et sed sapiente. Perferendis quaerat ea quod reprehenderit.', 0, '1987-12-18 04:38:02', '1978-03-17 11:16:17');
INSERT INTO `messages` (`id`, `from_user_id`, `to_user_id`, `txt`, `is_delivered`, `created_at`, `update_at`) VALUES ('24', '93', '16', 'Nihil ut consequatur odit rem necessitatibus in. Quia repellat sint voluptates recusandae nesciunt consequuntur aperiam. Commodi doloribus esse nesciunt ab cumque qui. Culpa nam qui autem voluptas voluptatem. Porro sunt pariatur illum voluptatem fugit voluptas.', 0, '1976-11-17 12:13:38', '2004-03-23 14:01:02');
INSERT INTO `messages` (`id`, `from_user_id`, `to_user_id`, `txt`, `is_delivered`, `created_at`, `update_at`) VALUES ('25', '82', '56', 'Dolores nihil facere iste aut sit sunt maiores. Mollitia sunt quia est perspiciatis voluptates. Suscipit molestias sed ullam sint quo voluptatum.', 0, '2011-08-04 06:59:36', '1998-06-27 10:10:06');
INSERT INTO `messages` (`id`, `from_user_id`, `to_user_id`, `txt`, `is_delivered`, `created_at`, `update_at`) VALUES ('26', '64', '70', 'Ut et quia voluptatem exercitationem consequuntur fugit molestiae. Impedit esse ex a non exercitationem. Voluptas possimus doloribus facilis quis sed. Praesentium aut nisi sunt necessitatibus.', 0, '1970-05-03 22:12:40', '1976-04-02 16:45:38');
INSERT INTO `messages` (`id`, `from_user_id`, `to_user_id`, `txt`, `is_delivered`, `created_at`, `update_at`) VALUES ('27', '90', '45', 'Quis aut cupiditate magni aut exercitationem ea cum quidem. Iste nostrum esse eligendi odit est facilis suscipit. A officia nihil eum.', 0, '1975-10-20 23:11:29', '1990-03-17 06:33:57');
INSERT INTO `messages` (`id`, `from_user_id`, `to_user_id`, `txt`, `is_delivered`, `created_at`, `update_at`) VALUES ('28', '49', '76', 'Blanditiis et ab dolorem accusamus debitis sit omnis totam. Omnis architecto eligendi harum eius non quaerat. Ullam dolorem dolorem reiciendis aut odio sed vitae. Ipsa autem et saepe nesciunt aliquid eos.', 1, '1995-02-04 16:16:08', '2007-07-13 15:14:10');
INSERT INTO `messages` (`id`, `from_user_id`, `to_user_id`, `txt`, `is_delivered`, `created_at`, `update_at`) VALUES ('29', '8', '8', 'Fugiat porro maiores assumenda et perspiciatis eum quis. Omnis sit dolore hic ex sint consequuntur quisquam omnis. Velit provident est vel omnis sit tempora est.', 1, '2012-02-10 23:02:40', '1993-01-27 06:46:59');
INSERT INTO `messages` (`id`, `from_user_id`, `to_user_id`, `txt`, `is_delivered`, `created_at`, `update_at`) VALUES ('30', '37', '88', 'Perferendis velit omnis architecto. Consequatur aut eos inventore itaque. Adipisci nihil sit voluptas et numquam.', 0, '2011-04-01 02:35:48', '1980-10-12 05:37:48');
INSERT INTO `messages` (`id`, `from_user_id`, `to_user_id`, `txt`, `is_delivered`, `created_at`, `update_at`) VALUES ('31', '8', '52', 'In commodi distinctio laboriosam consectetur architecto. Maiores enim repudiandae iste illum hic ex est. Dolor et aut consequatur laudantium. Sequi eos iure modi hic.', 1, '1971-09-07 01:49:07', '1973-07-15 23:39:41');
INSERT INTO `messages` (`id`, `from_user_id`, `to_user_id`, `txt`, `is_delivered`, `created_at`, `update_at`) VALUES ('32', '69', '31', 'Sapiente corporis quam nihil voluptatem. Ut officiis architecto et vitae officia eos. Reprehenderit qui aliquid inventore voluptatem. Dolor reprehenderit totam qui occaecati corporis doloribus non qui.', 1, '2004-11-07 00:01:18', '2007-04-12 17:26:44');
INSERT INTO `messages` (`id`, `from_user_id`, `to_user_id`, `txt`, `is_delivered`, `created_at`, `update_at`) VALUES ('33', '62', '80', 'Numquam sequi et a dolorem. Repellat eligendi quia veritatis facilis omnis vel soluta deleniti. Error voluptatum et veritatis tempora minus error sed molestiae.', 1, '1977-03-27 23:10:58', '2008-06-07 21:45:59');
INSERT INTO `messages` (`id`, `from_user_id`, `to_user_id`, `txt`, `is_delivered`, `created_at`, `update_at`) VALUES ('34', '94', '1', 'Et quo quia officiis delectus. Maxime molestiae quam praesentium laboriosam occaecati aspernatur qui autem. Totam voluptatum numquam iusto quam.', 1, '1993-11-23 16:22:20', '1972-06-04 20:43:03');
INSERT INTO `messages` (`id`, `from_user_id`, `to_user_id`, `txt`, `is_delivered`, `created_at`, `update_at`) VALUES ('35', '54', '67', 'Laborum dolorem quos et voluptatem dolores suscipit illo sed. Mollitia repellendus numquam quo est ut et vel. Reprehenderit omnis delectus est qui. Incidunt sint dolor minima unde dolores ratione.', 0, '2001-02-05 07:00:28', '1980-03-15 02:03:18');
INSERT INTO `messages` (`id`, `from_user_id`, `to_user_id`, `txt`, `is_delivered`, `created_at`, `update_at`) VALUES ('36', '42', '72', 'Sunt pariatur dolor neque aut vel. Nesciunt voluptatem ut nam molestias illo quaerat quas. Expedita vel aut nulla et.', 1, '2002-06-03 07:16:33', '2021-05-20 11:07:36');
INSERT INTO `messages` (`id`, `from_user_id`, `to_user_id`, `txt`, `is_delivered`, `created_at`, `update_at`) VALUES ('37', '29', '63', 'Quae voluptatum corporis repellat consequatur. Sit aliquid deserunt est corrupti. Ut quisquam cum vel.', 1, '1990-06-03 16:55:58', '2020-09-04 23:36:52');
INSERT INTO `messages` (`id`, `from_user_id`, `to_user_id`, `txt`, `is_delivered`, `created_at`, `update_at`) VALUES ('38', '29', '54', 'Voluptas sequi non rem. Earum voluptatibus voluptatibus omnis ipsam. Aut cum pariatur expedita voluptate magni. Dignissimos in voluptatem enim ad.', 0, '1982-02-16 00:24:43', '1978-02-10 18:26:35');
INSERT INTO `messages` (`id`, `from_user_id`, `to_user_id`, `txt`, `is_delivered`, `created_at`, `update_at`) VALUES ('39', '81', '22', 'Cumque id sit commodi non illo. Veniam qui qui sint. Harum quaerat ratione sed dolorum exercitationem vitae beatae repellat.', 1, '1995-01-06 21:28:42', '1978-05-29 18:33:14');
INSERT INTO `messages` (`id`, `from_user_id`, `to_user_id`, `txt`, `is_delivered`, `created_at`, `update_at`) VALUES ('40', '69', '62', 'Vitae aut dolor ullam. Quos incidunt ipsum doloribus ipsa. Porro sit qui velit quia adipisci voluptatum voluptatem. Maxime optio aut consequatur officiis.', 0, '2009-04-17 21:27:40', '1972-12-28 18:49:31');
INSERT INTO `messages` (`id`, `from_user_id`, `to_user_id`, `txt`, `is_delivered`, `created_at`, `update_at`) VALUES ('41', '77', '33', 'Commodi odit eos nam iusto. Repellendus odit sed facilis totam blanditiis illo praesentium consequatur. Et excepturi est delectus qui nisi consequuntur a. Et et rerum vitae nesciunt voluptate sit.', 0, '1975-12-24 06:23:00', '1977-09-16 23:56:09');
INSERT INTO `messages` (`id`, `from_user_id`, `to_user_id`, `txt`, `is_delivered`, `created_at`, `update_at`) VALUES ('42', '31', '67', 'Velit consequuntur a omnis sed ratione expedita quasi. Doloremque dolorum dolorem incidunt sit et rerum laborum. Accusantium eos sit ratione.', 0, '1999-07-20 19:14:43', '2020-07-07 02:48:10');
INSERT INTO `messages` (`id`, `from_user_id`, `to_user_id`, `txt`, `is_delivered`, `created_at`, `update_at`) VALUES ('43', '77', '80', 'Autem minima illo voluptate est cumque tempore. Ex nemo quia ducimus itaque tenetur. Assumenda saepe sed saepe deserunt blanditiis dolorum deserunt. Optio architecto aut maiores consequatur quis quidem quidem.', 1, '1990-04-10 20:52:55', '1985-04-04 02:11:32');
INSERT INTO `messages` (`id`, `from_user_id`, `to_user_id`, `txt`, `is_delivered`, `created_at`, `update_at`) VALUES ('44', '43', '85', 'Quia ex unde cumque sequi hic harum. Velit rerum quia excepturi veniam optio cumque. In molestiae qui numquam dignissimos accusantium et.', 1, '2016-06-03 09:51:06', '2019-04-06 00:04:20');
INSERT INTO `messages` (`id`, `from_user_id`, `to_user_id`, `txt`, `is_delivered`, `created_at`, `update_at`) VALUES ('45', '88', '79', 'Recusandae odio quis ab voluptas aut eaque reprehenderit repellendus. Quod debitis earum ullam nobis. Quas est voluptatum id laboriosam. Sed voluptatem quis quisquam perspiciatis quidem libero.', 0, '1980-07-06 14:32:17', '2002-11-26 09:22:43');
INSERT INTO `messages` (`id`, `from_user_id`, `to_user_id`, `txt`, `is_delivered`, `created_at`, `update_at`) VALUES ('46', '72', '95', 'Excepturi velit rem et voluptas debitis nostrum. Molestiae aut eos et provident nulla. Et rem amet optio et non id. Excepturi earum ad recusandae rerum ipsa fugit.', 1, '2015-06-29 00:39:07', '1998-04-26 21:44:14');
INSERT INTO `messages` (`id`, `from_user_id`, `to_user_id`, `txt`, `is_delivered`, `created_at`, `update_at`) VALUES ('47', '30', '41', 'Molestiae ut et totam illo dignissimos eaque. Velit aliquid qui et libero dolorum officia.', 0, '1972-10-25 02:04:49', '1996-01-12 13:47:38');
INSERT INTO `messages` (`id`, `from_user_id`, `to_user_id`, `txt`, `is_delivered`, `created_at`, `update_at`) VALUES ('48', '26', '92', 'Vel quia nam officia quae officia natus rerum. A consequatur ipsum in quia ut rerum. Vero totam officia voluptatem voluptas quia odio.', 1, '1977-11-29 04:34:16', '1988-11-22 00:27:23');
INSERT INTO `messages` (`id`, `from_user_id`, `to_user_id`, `txt`, `is_delivered`, `created_at`, `update_at`) VALUES ('49', '21', '19', 'Ipsum non recusandae quae et exercitationem soluta libero. Excepturi reprehenderit qui libero.', 0, '2012-06-25 15:37:07', '1971-09-29 17:02:55');
INSERT INTO `messages` (`id`, `from_user_id`, `to_user_id`, `txt`, `is_delivered`, `created_at`, `update_at`) VALUES ('50', '92', '74', 'Numquam iure quasi distinctio possimus numquam. Sapiente cumque sunt quibusdam cupiditate. Cum laudantium deleniti velit et est est. Dolore doloribus quam pariatur.', 0, '1971-03-12 15:18:48', '1990-08-26 05:16:43');
INSERT INTO `messages` (`id`, `from_user_id`, `to_user_id`, `txt`, `is_delivered`, `created_at`, `update_at`) VALUES ('51', '86', '34', 'Vitae eos atque aut adipisci tenetur harum. Est dolor aut culpa beatae. Atque sapiente consectetur quis ipsum sapiente. Beatae illum suscipit beatae dolores.', 1, '2005-10-19 03:37:22', '2011-12-07 21:46:24');
INSERT INTO `messages` (`id`, `from_user_id`, `to_user_id`, `txt`, `is_delivered`, `created_at`, `update_at`) VALUES ('52', '45', '15', 'Illum sed possimus voluptatem alias est. Aut recusandae nisi cupiditate id voluptate ipsam. Harum qui omnis autem libero. Explicabo illo omnis fugiat est et velit.', 0, '2001-08-29 23:52:02', '1995-03-15 23:18:49');
INSERT INTO `messages` (`id`, `from_user_id`, `to_user_id`, `txt`, `is_delivered`, `created_at`, `update_at`) VALUES ('53', '96', '74', 'Eum quam quidem molestiae. Reiciendis quae tenetur dolorem perferendis quod. Similique voluptatem nostrum doloremque unde facilis velit.', 0, '1976-01-18 05:39:29', '1976-03-25 03:58:56');
INSERT INTO `messages` (`id`, `from_user_id`, `to_user_id`, `txt`, `is_delivered`, `created_at`, `update_at`) VALUES ('54', '68', '77', 'Nihil temporibus omnis voluptatem maiores non unde officia. Tempora ea ex reiciendis nemo repellat alias. At voluptatem illo et qui reprehenderit in.', 1, '1982-02-11 19:53:23', '1992-04-01 20:07:02');
INSERT INTO `messages` (`id`, `from_user_id`, `to_user_id`, `txt`, `is_delivered`, `created_at`, `update_at`) VALUES ('55', '95', '37', 'Adipisci totam adipisci quia cumque delectus perferendis. Beatae quas laudantium voluptate sunt. Eum vero nobis ducimus et. Blanditiis repellat in nulla quasi temporibus reprehenderit earum.', 0, '2013-04-22 05:44:51', '1996-04-20 02:13:11');
INSERT INTO `messages` (`id`, `from_user_id`, `to_user_id`, `txt`, `is_delivered`, `created_at`, `update_at`) VALUES ('56', '38', '72', 'Nesciunt sed deserunt est sint tempore. Facere et molestiae sed sunt corrupti sunt enim. Officiis impedit molestiae quae et rerum sequi sit.', 1, '2014-09-19 00:57:09', '1994-12-24 10:52:12');
INSERT INTO `messages` (`id`, `from_user_id`, `to_user_id`, `txt`, `is_delivered`, `created_at`, `update_at`) VALUES ('57', '69', '69', 'Odio consequuntur fuga illum voluptatem. Pariatur corporis ipsa nulla eveniet repellat non sit.', 1, '1974-05-26 16:03:01', '2015-06-29 11:56:58');
INSERT INTO `messages` (`id`, `from_user_id`, `to_user_id`, `txt`, `is_delivered`, `created_at`, `update_at`) VALUES ('58', '38', '46', 'Est inventore sequi repellendus fugiat. Libero maxime ducimus perferendis. Quam eius eos adipisci non. Rerum cupiditate totam harum temporibus.', 1, '2017-09-23 20:03:35', '1971-03-14 10:26:15');
INSERT INTO `messages` (`id`, `from_user_id`, `to_user_id`, `txt`, `is_delivered`, `created_at`, `update_at`) VALUES ('59', '49', '80', 'Et laboriosam fugiat aut et. Dolorum architecto veritatis repudiandae est et ut aperiam. Est dolorem dolorum sequi repellendus voluptatum qui et. Qui iste ipsum laudantium omnis tempora omnis perferendis.', 0, '2004-01-23 13:41:01', '1975-09-07 09:10:31');
INSERT INTO `messages` (`id`, `from_user_id`, `to_user_id`, `txt`, `is_delivered`, `created_at`, `update_at`) VALUES ('60', '30', '36', 'Est in voluptatem facere ut necessitatibus eveniet voluptates. Fuga exercitationem rerum repellendus tempora. Vel aut eaque earum occaecati ducimus. Voluptas minus aspernatur et est officiis.', 0, '2001-12-21 05:00:24', '2018-11-26 04:18:15');
INSERT INTO `messages` (`id`, `from_user_id`, `to_user_id`, `txt`, `is_delivered`, `created_at`, `update_at`) VALUES ('61', '58', '2', 'Non hic ad aspernatur rerum maxime vitae magni. Mollitia a rerum quia quis. Ratione incidunt est veniam impedit tempore aut qui.', 1, '1983-06-22 02:58:43', '1981-01-28 05:15:11');
INSERT INTO `messages` (`id`, `from_user_id`, `to_user_id`, `txt`, `is_delivered`, `created_at`, `update_at`) VALUES ('62', '30', '88', 'Nobis eos dolores magnam nesciunt ipsa dicta laboriosam. Enim nobis atque mollitia est libero. Accusantium aperiam est omnis illum quod.', 0, '1978-08-03 03:10:28', '1982-04-20 03:09:50');
INSERT INTO `messages` (`id`, `from_user_id`, `to_user_id`, `txt`, `is_delivered`, `created_at`, `update_at`) VALUES ('63', '42', '56', 'Vitae similique consequatur id sint. Est esse rerum consequatur aut et et enim. Sapiente repellendus aspernatur eius aut laborum sint. Asperiores ut aut libero inventore quam itaque laborum. Rerum sit impedit facere modi beatae.', 0, '1982-03-16 09:31:38', '2004-10-30 22:01:29');
INSERT INTO `messages` (`id`, `from_user_id`, `to_user_id`, `txt`, `is_delivered`, `created_at`, `update_at`) VALUES ('64', '79', '63', 'Alias ducimus in odio non reiciendis minus veritatis. Et qui ut eligendi quo ut ipsam qui enim. Saepe necessitatibus consectetur voluptatum repellat molestiae consequatur.', 1, '2019-05-23 20:04:00', '2016-01-20 21:12:03');
INSERT INTO `messages` (`id`, `from_user_id`, `to_user_id`, `txt`, `is_delivered`, `created_at`, `update_at`) VALUES ('65', '74', '70', 'Est occaecati qui et aut laborum. Ducimus omnis enim possimus nulla iure minus. Consequatur suscipit suscipit eos inventore repellendus.', 1, '2001-10-24 11:59:34', '1987-02-10 06:21:56');
INSERT INTO `messages` (`id`, `from_user_id`, `to_user_id`, `txt`, `is_delivered`, `created_at`, `update_at`) VALUES ('66', '37', '59', 'Est quo velit qui nisi aspernatur labore dolores. Quia necessitatibus est similique et dolorum qui. Distinctio est ipsam ipsam ut nam est.', 1, '1978-05-12 04:29:50', '2018-07-10 03:10:12');
INSERT INTO `messages` (`id`, `from_user_id`, `to_user_id`, `txt`, `is_delivered`, `created_at`, `update_at`) VALUES ('67', '3', '82', 'Iste perspiciatis aut architecto natus necessitatibus. Corporis sunt et hic tenetur beatae aspernatur aut. Neque eum quo deserunt ex nemo quae.', 1, '1980-06-14 16:41:26', '2003-07-29 03:12:34');
INSERT INTO `messages` (`id`, `from_user_id`, `to_user_id`, `txt`, `is_delivered`, `created_at`, `update_at`) VALUES ('68', '73', '99', 'Numquam optio et eos fugiat repellendus. Enim quia nesciunt aperiam deserunt culpa suscipit voluptas. Accusantium nostrum velit et doloribus eum. Quia quia neque quasi eligendi quia. Eaque eos dolor facilis ut sed maxime tempore.', 0, '2020-10-20 08:44:39', '1996-01-20 15:25:55');
INSERT INTO `messages` (`id`, `from_user_id`, `to_user_id`, `txt`, `is_delivered`, `created_at`, `update_at`) VALUES ('69', '55', '41', 'Aut voluptatem non veritatis cupiditate tenetur quia ut. Architecto sed eveniet qui doloribus repellat fuga. Corporis sed libero repellat qui quibusdam est quidem ea.', 1, '2001-08-22 15:08:45', '1985-05-22 05:40:08');
INSERT INTO `messages` (`id`, `from_user_id`, `to_user_id`, `txt`, `is_delivered`, `created_at`, `update_at`) VALUES ('70', '75', '49', 'Voluptatem placeat ducimus laborum. Placeat aliquid ut quam sed. Porro consectetur totam aut ab perspiciatis.', 1, '1979-05-04 15:45:26', '1992-06-29 14:44:39');
INSERT INTO `messages` (`id`, `from_user_id`, `to_user_id`, `txt`, `is_delivered`, `created_at`, `update_at`) VALUES ('71', '77', '13', 'Voluptas ullam nihil minus. Modi molestiae qui explicabo esse maiores occaecati. Non dolores qui ut tenetur ullam et. Porro corporis est voluptates accusantium amet quia tenetur qui.', 1, '2019-01-23 20:01:39', '2009-08-12 23:34:57');
INSERT INTO `messages` (`id`, `from_user_id`, `to_user_id`, `txt`, `is_delivered`, `created_at`, `update_at`) VALUES ('72', '21', '45', 'Vel quae ad qui sed autem placeat. Consequatur omnis animi natus consequuntur aperiam quis ullam. Sed debitis veniam totam laborum. Perspiciatis iste dignissimos consectetur quod blanditiis sint corrupti voluptatibus.', 1, '1999-01-05 04:13:48', '2004-06-26 17:57:57');
INSERT INTO `messages` (`id`, `from_user_id`, `to_user_id`, `txt`, `is_delivered`, `created_at`, `update_at`) VALUES ('73', '81', '58', 'Quibusdam voluptatem dignissimos dolorem doloribus et. Aspernatur sit doloremque commodi et quos ex. Recusandae voluptates voluptatum provident expedita aut. Tempora laudantium porro consectetur animi velit neque.', 1, '2018-05-04 17:47:44', '1990-05-04 13:11:34');
INSERT INTO `messages` (`id`, `from_user_id`, `to_user_id`, `txt`, `is_delivered`, `created_at`, `update_at`) VALUES ('74', '91', '29', 'Qui fuga possimus velit saepe expedita doloribus est. Laboriosam atque qui fugit. Fugiat culpa laborum et sit in possimus. Est at quasi voluptatem modi et quia exercitationem.', 0, '2007-12-18 00:26:15', '2012-04-18 06:11:16');
INSERT INTO `messages` (`id`, `from_user_id`, `to_user_id`, `txt`, `is_delivered`, `created_at`, `update_at`) VALUES ('75', '38', '20', 'Id dolor et ut fugit voluptas. Veniam perspiciatis illum eos quos fugiat quae animi enim. Iste ad cumque veritatis id et totam ut quo.', 1, '1979-04-03 04:52:29', '2008-10-22 08:14:57');
INSERT INTO `messages` (`id`, `from_user_id`, `to_user_id`, `txt`, `is_delivered`, `created_at`, `update_at`) VALUES ('76', '65', '96', 'Autem mollitia eligendi aliquam reprehenderit et. Architecto aut eum a rerum incidunt est molestiae vel. Voluptas quia qui perspiciatis facilis et. Quod vel ullam deserunt rerum molestiae. Voluptas earum et quae perspiciatis at.', 1, '1981-09-12 20:40:03', '2007-11-13 16:35:59');
INSERT INTO `messages` (`id`, `from_user_id`, `to_user_id`, `txt`, `is_delivered`, `created_at`, `update_at`) VALUES ('77', '22', '94', 'Doloremque at voluptas ad aut sapiente. Aperiam suscipit voluptatum rem corporis dolores aspernatur accusantium. Et qui ea perferendis. Ut totam quia blanditiis voluptas fugiat voluptates.', 0, '1978-01-05 20:24:13', '1996-05-25 22:56:44');
INSERT INTO `messages` (`id`, `from_user_id`, `to_user_id`, `txt`, `is_delivered`, `created_at`, `update_at`) VALUES ('78', '83', '64', 'Ut quia iusto eum perferendis ex et. Voluptatum id ipsam voluptates itaque ut ratione iure. Velit reiciendis voluptatem praesentium aut amet tempora aut.', 0, '2020-08-18 10:56:19', '2003-08-08 05:22:13');
INSERT INTO `messages` (`id`, `from_user_id`, `to_user_id`, `txt`, `is_delivered`, `created_at`, `update_at`) VALUES ('79', '50', '61', 'Quis eius et eius et asperiores. Provident et enim voluptates praesentium ad voluptatum adipisci. Explicabo repellat nihil nobis quisquam et expedita totam.', 0, '2017-02-11 04:28:50', '1988-06-22 11:44:25');
INSERT INTO `messages` (`id`, `from_user_id`, `to_user_id`, `txt`, `is_delivered`, `created_at`, `update_at`) VALUES ('80', '26', '23', 'Eos ut quia in tenetur. Velit dolore nihil asperiores illum. Doloribus architecto accusamus sequi ullam voluptatem ut in.', 1, '2015-01-30 00:17:37', '1983-07-06 09:21:04');
INSERT INTO `messages` (`id`, `from_user_id`, `to_user_id`, `txt`, `is_delivered`, `created_at`, `update_at`) VALUES ('81', '30', '62', 'Nemo dolorem quia perspiciatis quaerat. Non et quae adipisci officiis. Id porro aut voluptatem sed autem.', 1, '2011-04-25 03:38:51', '2010-04-02 17:13:16');
INSERT INTO `messages` (`id`, `from_user_id`, `to_user_id`, `txt`, `is_delivered`, `created_at`, `update_at`) VALUES ('82', '82', '33', 'Quia delectus unde aliquam et asperiores velit. Quisquam debitis nostrum sit dolorum qui doloremque soluta.', 1, '1974-07-17 03:04:24', '1981-01-27 00:26:22');
INSERT INTO `messages` (`id`, `from_user_id`, `to_user_id`, `txt`, `is_delivered`, `created_at`, `update_at`) VALUES ('83', '43', '55', 'Ut enim nobis nemo quae non. Qui expedita dolorem placeat. Et aut et reprehenderit. Tenetur beatae reprehenderit voluptatem ut eveniet omnis impedit. Sequi et autem rerum laboriosam.', 1, '2016-04-20 14:18:16', '1984-05-06 19:01:17');
INSERT INTO `messages` (`id`, `from_user_id`, `to_user_id`, `txt`, `is_delivered`, `created_at`, `update_at`) VALUES ('84', '32', '98', 'Cumque distinctio quia occaecati fuga deserunt commodi nihil. Animi dolorum molestiae quisquam eum. Quidem dolor qui non quidem mollitia ut cupiditate. Et sint molestiae rem et.', 0, '2008-08-29 03:42:52', '2014-10-28 06:21:48');
INSERT INTO `messages` (`id`, `from_user_id`, `to_user_id`, `txt`, `is_delivered`, `created_at`, `update_at`) VALUES ('85', '95', '6', 'At et facilis aut nihil repellendus aliquid. Necessitatibus et veniam assumenda consequatur. Natus cumque vel quia occaecati.', 0, '2014-11-27 16:44:01', '1976-08-26 22:17:08');
INSERT INTO `messages` (`id`, `from_user_id`, `to_user_id`, `txt`, `is_delivered`, `created_at`, `update_at`) VALUES ('86', '47', '71', 'Iusto qui illo quas voluptatem nihil ut. Omnis aut laudantium iusto numquam deleniti eligendi soluta. Eveniet tempore modi ut autem vero quia itaque.', 1, '1974-03-14 14:39:18', '1989-10-10 18:10:19');
INSERT INTO `messages` (`id`, `from_user_id`, `to_user_id`, `txt`, `is_delivered`, `created_at`, `update_at`) VALUES ('87', '19', '67', 'Sint aut molestiae nam. In id commodi deleniti. Nam esse voluptas modi voluptatum aut sint.', 0, '1991-03-15 13:12:45', '1984-02-05 16:53:34');
INSERT INTO `messages` (`id`, `from_user_id`, `to_user_id`, `txt`, `is_delivered`, `created_at`, `update_at`) VALUES ('88', '16', '100', 'Officiis quaerat omnis eum occaecati. Voluptatem voluptatibus a dolor et dolore aspernatur maxime reprehenderit. Consequatur dolorum aliquam blanditiis vel itaque doloremque id. Quae officia perspiciatis voluptatum.', 1, '1972-07-27 04:42:55', '1977-01-05 07:30:47');
INSERT INTO `messages` (`id`, `from_user_id`, `to_user_id`, `txt`, `is_delivered`, `created_at`, `update_at`) VALUES ('89', '24', '6', 'Voluptas exercitationem repellat soluta optio. Rerum exercitationem ad nostrum veritatis eos voluptates id. Et ratione consequatur voluptatem debitis. Sapiente saepe similique atque. Voluptas sit delectus et velit.', 1, '1987-06-10 02:29:05', '2019-04-20 22:30:44');
INSERT INTO `messages` (`id`, `from_user_id`, `to_user_id`, `txt`, `is_delivered`, `created_at`, `update_at`) VALUES ('90', '29', '62', 'Et amet et officiis a unde suscipit. Necessitatibus ut sed maxime rerum atque. Et rem fugit non sed doloremque qui ut et.', 0, '2005-08-29 10:35:02', '1978-06-27 11:12:52');
INSERT INTO `messages` (`id`, `from_user_id`, `to_user_id`, `txt`, `is_delivered`, `created_at`, `update_at`) VALUES ('91', '26', '93', 'Iste quisquam autem maiores ut repellendus voluptas enim. Soluta sit nemo ipsum ducimus.', 0, '2004-11-10 21:23:30', '1987-08-12 02:09:20');
INSERT INTO `messages` (`id`, `from_user_id`, `to_user_id`, `txt`, `is_delivered`, `created_at`, `update_at`) VALUES ('92', '57', '47', 'Fugiat ea et quod laboriosam fugit omnis animi. Impedit commodi corporis sunt. Qui sit blanditiis doloribus.', 1, '1984-08-28 23:11:14', '2001-04-27 18:21:09');
INSERT INTO `messages` (`id`, `from_user_id`, `to_user_id`, `txt`, `is_delivered`, `created_at`, `update_at`) VALUES ('93', '87', '39', 'Ipsa est esse ratione est eum voluptatum. Nesciunt odit omnis ab. Commodi odit rerum omnis sed error numquam aspernatur. Assumenda illo nam assumenda quia voluptatibus libero repudiandae ducimus. Cum tempora fugiat dolores inventore eveniet non officiis.', 1, '2015-01-26 12:32:38', '2021-01-22 08:40:33');
INSERT INTO `messages` (`id`, `from_user_id`, `to_user_id`, `txt`, `is_delivered`, `created_at`, `update_at`) VALUES ('94', '11', '36', 'Cumque deleniti ut facilis qui. Quaerat distinctio voluptas ut porro. Dolor numquam omnis qui ea. Fugit esse ipsum id.', 1, '2004-05-06 12:15:05', '2010-02-26 12:21:09');
INSERT INTO `messages` (`id`, `from_user_id`, `to_user_id`, `txt`, `is_delivered`, `created_at`, `update_at`) VALUES ('95', '100', '36', 'Ex omnis autem assumenda velit qui laborum alias. Vel laudantium numquam quo aliquid sunt.', 0, '1983-06-09 11:07:25', '1977-07-16 05:36:54');
INSERT INTO `messages` (`id`, `from_user_id`, `to_user_id`, `txt`, `is_delivered`, `created_at`, `update_at`) VALUES ('96', '58', '30', 'Consequuntur esse et est doloribus. Iure quia occaecati sapiente quos. Saepe dignissimos autem nesciunt odio nulla ut ipsam enim. Minima quasi fugit laudantium voluptatibus voluptatibus.', 1, '2016-03-02 03:18:54', '2018-07-29 06:58:43');
INSERT INTO `messages` (`id`, `from_user_id`, `to_user_id`, `txt`, `is_delivered`, `created_at`, `update_at`) VALUES ('97', '98', '40', 'Placeat eos dolorem cupiditate non. Eos eius aperiam aut aut voluptatum quia tempora dolor. Et similique eligendi ut repellendus.', 0, '1970-03-15 05:53:17', '1980-03-24 11:30:37');
INSERT INTO `messages` (`id`, `from_user_id`, `to_user_id`, `txt`, `is_delivered`, `created_at`, `update_at`) VALUES ('98', '62', '40', 'Minus et amet dolorem cumque qui. Voluptatem explicabo minima consequuntur ut. Mollitia ea aliquam eos in officiis.', 0, '1978-05-06 09:59:24', '1971-04-27 16:02:37');
INSERT INTO `messages` (`id`, `from_user_id`, `to_user_id`, `txt`, `is_delivered`, `created_at`, `update_at`) VALUES ('99', '94', '93', 'Voluptatem repellat molestias eaque recusandae debitis fuga. Facere exercitationem illum in est. Voluptatibus repellendus earum est delectus molestias consectetur.', 1, '2016-01-22 03:08:19', '1998-09-18 15:14:23');
INSERT INTO `messages` (`id`, `from_user_id`, `to_user_id`, `txt`, `is_delivered`, `created_at`, `update_at`) VALUES ('100', '38', '89', 'Iusto fugiat distinctio blanditiis magni doloribus quidem. Rerum omnis fuga consectetur totam eius qui et. Facere impedit explicabo quo recusandae doloremque. Dolor quia quis suscipit minima totam.', 0, '2012-04-07 03:55:14', '2020-08-20 18:41:38');
INSERT INTO `messages` (`id`, `from_user_id`, `to_user_id`, `txt`, `is_delivered`, `created_at`, `update_at`) VALUES ('101', '99', '84', 'Est dolores nihil illo eligendi iusto veniam magni. Blanditiis iusto animi amet commodi. Asperiores iste molestiae assumenda eum sint. Exercitationem sit illo dolor aut.', 1, '2012-04-13 05:16:51', '1989-11-14 05:19:09');
INSERT INTO `messages` (`id`, `from_user_id`, `to_user_id`, `txt`, `is_delivered`, `created_at`, `update_at`) VALUES ('102', '59', '17', 'Aut sunt veritatis nobis vero. Deleniti rerum non deserunt ut consequatur voluptatum dolores. Qui est sint qui voluptates facilis quo.', 1, '1998-12-10 20:30:22', '1981-09-24 03:16:32');
INSERT INTO `messages` (`id`, `from_user_id`, `to_user_id`, `txt`, `is_delivered`, `created_at`, `update_at`) VALUES ('103', '50', '75', 'Atque officiis quae perferendis dolorem repellat at ipsa. Quidem ut odio omnis est reprehenderit. Porro voluptatum ad id ipsam odit repellendus.', 1, '1999-05-16 12:42:01', '1971-12-23 22:54:04');
INSERT INTO `messages` (`id`, `from_user_id`, `to_user_id`, `txt`, `is_delivered`, `created_at`, `update_at`) VALUES ('104', '17', '73', 'Dolores deleniti fuga sit ad modi animi in. In ut libero aut id iste sequi sequi odio. Quis aut enim ut qui quasi excepturi. Vero facilis temporibus qui culpa et.', 1, '2010-12-28 13:30:16', '1993-11-14 23:14:33');
INSERT INTO `messages` (`id`, `from_user_id`, `to_user_id`, `txt`, `is_delivered`, `created_at`, `update_at`) VALUES ('105', '80', '45', 'Nulla soluta vitae molestiae. Necessitatibus excepturi similique eius sed ullam quidem. Voluptas odit praesentium id enim voluptas.', 1, '1990-06-30 03:10:22', '1998-07-01 18:16:52');
INSERT INTO `messages` (`id`, `from_user_id`, `to_user_id`, `txt`, `is_delivered`, `created_at`, `update_at`) VALUES ('106', '35', '6', 'Hic quo aut minus id molestiae saepe vel. Vitae autem at quas voluptates dolor numquam voluptatum et. Sit quia quo doloribus non id nostrum. Nemo nostrum non provident qui dolor temporibus vel.', 1, '1983-05-12 17:01:00', '1991-12-02 20:20:43');
INSERT INTO `messages` (`id`, `from_user_id`, `to_user_id`, `txt`, `is_delivered`, `created_at`, `update_at`) VALUES ('107', '37', '91', 'Nihil quaerat voluptas voluptatem. Fugit commodi soluta est nihil. Sint molestiae dolorum iure provident consequatur sed modi.', 1, '1998-06-22 19:50:59', '2016-04-10 09:36:33');
INSERT INTO `messages` (`id`, `from_user_id`, `to_user_id`, `txt`, `is_delivered`, `created_at`, `update_at`) VALUES ('108', '52', '23', 'Dolores culpa perspiciatis voluptatum id inventore provident illo velit. Assumenda quo consequatur et cum laborum quam animi. Vero quam ad enim aut illo architecto. Laudantium consequatur accusantium odio sint dicta.', 0, '2010-11-10 09:13:39', '2013-10-10 04:37:58');
INSERT INTO `messages` (`id`, `from_user_id`, `to_user_id`, `txt`, `is_delivered`, `created_at`, `update_at`) VALUES ('109', '30', '62', 'Quae labore commodi laborum possimus asperiores. Perferendis tenetur sunt vel dolor adipisci.', 0, '1985-07-10 09:17:29', '1989-02-13 21:13:47');
INSERT INTO `messages` (`id`, `from_user_id`, `to_user_id`, `txt`, `is_delivered`, `created_at`, `update_at`) VALUES ('110', '58', '29', 'Praesentium explicabo blanditiis laborum tempora labore totam excepturi. Rerum sequi et quos atque. Eos recusandae quaerat laborum. Aut laboriosam et voluptate ut eum adipisci autem. Nobis repellendus maiores culpa optio quisquam.', 0, '1974-02-10 20:42:47', '1996-01-20 02:42:47');
INSERT INTO `messages` (`id`, `from_user_id`, `to_user_id`, `txt`, `is_delivered`, `created_at`, `update_at`) VALUES ('111', '98', '16', 'Unde doloremque odio corrupti quas eaque dolorem soluta. Qui nobis atque repellendus enim quia possimus. Enim atque dolorem ullam incidunt velit corrupti quam. Libero asperiores occaecati ad.', 1, '1990-12-13 14:33:02', '2000-12-09 01:43:45');
INSERT INTO `messages` (`id`, `from_user_id`, `to_user_id`, `txt`, `is_delivered`, `created_at`, `update_at`) VALUES ('112', '58', '95', 'Omnis commodi id reiciendis sint commodi. Eum asperiores officiis nisi in assumenda sed iste sed.', 1, '2000-04-30 22:46:08', '2008-04-14 06:26:24');
INSERT INTO `messages` (`id`, `from_user_id`, `to_user_id`, `txt`, `is_delivered`, `created_at`, `update_at`) VALUES ('113', '56', '19', 'Quos magni iure deleniti. Officia earum ratione aut quos. Neque voluptatem voluptas corporis. Rem expedita non id sint.', 0, '2016-07-10 00:54:06', '2017-10-30 23:28:16');
INSERT INTO `messages` (`id`, `from_user_id`, `to_user_id`, `txt`, `is_delivered`, `created_at`, `update_at`) VALUES ('114', '35', '49', 'Totam velit sunt omnis earum. Rerum earum accusamus reiciendis quas mollitia minus occaecati et. Nihil non reprehenderit soluta quod tenetur non laudantium nam. Optio quia ratione quam eveniet.', 0, '2013-08-13 04:30:11', '2004-11-07 02:42:26');
INSERT INTO `messages` (`id`, `from_user_id`, `to_user_id`, `txt`, `is_delivered`, `created_at`, `update_at`) VALUES ('115', '12', '72', 'Odio sit quibusdam sed rem sunt impedit eos. Aut iste necessitatibus quas et enim. Cum consequatur numquam minima ut deleniti.', 0, '2017-02-15 16:25:25', '2001-12-22 14:21:41');
INSERT INTO `messages` (`id`, `from_user_id`, `to_user_id`, `txt`, `is_delivered`, `created_at`, `update_at`) VALUES ('116', '38', '11', 'Quod ratione nostrum aperiam vitae alias nobis. Autem qui voluptas facere rerum. Doloremque vitae doloribus id quaerat qui omnis.', 0, '1993-12-12 12:02:35', '2007-01-13 10:55:14');
INSERT INTO `messages` (`id`, `from_user_id`, `to_user_id`, `txt`, `is_delivered`, `created_at`, `update_at`) VALUES ('117', '55', '97', 'Asperiores minus dolore voluptatibus veniam quisquam. Repudiandae nihil minus molestias corrupti quasi et. Consequatur excepturi quo deserunt et.', 0, '2007-03-28 19:32:02', '1995-11-24 11:45:27');
INSERT INTO `messages` (`id`, `from_user_id`, `to_user_id`, `txt`, `is_delivered`, `created_at`, `update_at`) VALUES ('118', '28', '4', 'A ut temporibus unde eum et impedit sit et. Odit velit nulla pariatur magnam. Aspernatur officiis neque itaque omnis magni. Aliquam in in dolores aut nisi hic.', 1, '2017-01-11 16:57:14', '1986-03-19 01:17:35');
INSERT INTO `messages` (`id`, `from_user_id`, `to_user_id`, `txt`, `is_delivered`, `created_at`, `update_at`) VALUES ('119', '71', '44', 'Illum natus minima modi blanditiis soluta non necessitatibus. Voluptatem ratione occaecati eveniet explicabo repudiandae. Aut porro quod molestiae animi ut velit asperiores. Repudiandae eaque et quia similique tempore in. Ut rerum cum modi molestiae dolore et cupiditate.', 0, '1974-03-15 19:35:57', '1998-06-16 21:09:35');
INSERT INTO `messages` (`id`, `from_user_id`, `to_user_id`, `txt`, `is_delivered`, `created_at`, `update_at`) VALUES ('120', '77', '51', 'Tenetur qui fugit beatae. Nihil maiores cum temporibus enim illo aliquid. Dolorum doloremque soluta et minus hic. A dolore odio amet dolorem dolores.', 0, '2019-05-09 18:46:13', '1994-04-20 11:51:43');
INSERT INTO `messages` (`id`, `from_user_id`, `to_user_id`, `txt`, `is_delivered`, `created_at`, `update_at`) VALUES ('121', '88', '11', 'Tempore sit delectus expedita autem. Sit aut officiis error quia velit error omnis ut. Nesciunt praesentium possimus sit cupiditate aut. Rerum sit repudiandae et beatae accusamus modi.', 0, '2006-08-26 14:18:38', '1990-04-11 10:59:10');
INSERT INTO `messages` (`id`, `from_user_id`, `to_user_id`, `txt`, `is_delivered`, `created_at`, `update_at`) VALUES ('122', '56', '24', 'Est illum ut facilis qui. Autem ea eos ut asperiores.', 0, '2012-07-12 17:22:10', '1993-10-22 00:42:43');
INSERT INTO `messages` (`id`, `from_user_id`, `to_user_id`, `txt`, `is_delivered`, `created_at`, `update_at`) VALUES ('123', '2', '8', 'Eius id enim nesciunt necessitatibus vitae voluptatem exercitationem. Optio dolor cum dolor qui. Dolores voluptate illum cum.', 1, '2001-10-12 14:53:27', '1997-01-30 13:02:55');
INSERT INTO `messages` (`id`, `from_user_id`, `to_user_id`, `txt`, `is_delivered`, `created_at`, `update_at`) VALUES ('124', '47', '31', 'Non qui ullam nam nulla quae assumenda. Totam repellat et autem rem quo et. Placeat rerum repudiandae impedit ipsam ex sed consequatur.', 1, '2006-03-08 02:28:49', '2012-06-07 09:09:39');
INSERT INTO `messages` (`id`, `from_user_id`, `to_user_id`, `txt`, `is_delivered`, `created_at`, `update_at`) VALUES ('125', '70', '5', 'Aut nihil omnis enim distinctio sed aliquam. Qui accusantium non quaerat dolor quia consequatur. Numquam cumque fugiat laborum quisquam perferendis ex. At dolores nihil soluta omnis.', 1, '1978-06-28 04:34:15', '1999-02-13 12:28:20');
INSERT INTO `messages` (`id`, `from_user_id`, `to_user_id`, `txt`, `is_delivered`, `created_at`, `update_at`) VALUES ('126', '59', '67', 'Eos debitis ipsum saepe inventore. Accusamus totam velit saepe sed asperiores.', 1, '2006-03-25 05:40:20', '1970-09-02 09:44:12');
INSERT INTO `messages` (`id`, `from_user_id`, `to_user_id`, `txt`, `is_delivered`, `created_at`, `update_at`) VALUES ('127', '20', '16', 'Repellat sed omnis temporibus qui sapiente accusantium. Dolorum temporibus cupiditate recusandae in illum dolorem doloribus. Et sit maiores est quasi.', 1, '1981-07-02 18:35:00', '1997-02-12 11:20:24');
INSERT INTO `messages` (`id`, `from_user_id`, `to_user_id`, `txt`, `is_delivered`, `created_at`, `update_at`) VALUES ('128', '62', '76', 'Dolore nisi atque porro sint quo consectetur consequatur ea. Consectetur cumque sunt repudiandae veritatis in eos sint. Quaerat veritatis qui a voluptate sequi. Perspiciatis in tempora est magni consequatur itaque.', 0, '1983-05-07 12:24:28', '2007-04-24 18:29:08');
INSERT INTO `messages` (`id`, `from_user_id`, `to_user_id`, `txt`, `is_delivered`, `created_at`, `update_at`) VALUES ('129', '34', '96', 'Animi libero et aut quo iusto magni. Sequi rem et sequi eos libero voluptatem. Ut eius fugit dolorum doloribus corrupti enim. Consequatur voluptatem sapiente eum labore.', 1, '2018-03-23 13:14:29', '2012-04-25 22:54:13');
INSERT INTO `messages` (`id`, `from_user_id`, `to_user_id`, `txt`, `is_delivered`, `created_at`, `update_at`) VALUES ('130', '25', '46', 'Ut quibusdam velit non unde sed facilis. Sapiente necessitatibus qui quaerat deserunt inventore. Voluptatem ut occaecati quas voluptatem enim non nisi. Ex natus commodi alias alias qui architecto ipsam.', 0, '1995-08-29 12:39:39', '1997-01-14 10:10:40');
INSERT INTO `messages` (`id`, `from_user_id`, `to_user_id`, `txt`, `is_delivered`, `created_at`, `update_at`) VALUES ('131', '68', '62', 'Dolor consequatur provident aut deleniti omnis. Non neque omnis vel consequatur quibusdam deleniti hic.', 0, '1988-10-04 06:03:47', '1970-06-17 07:38:14');
INSERT INTO `messages` (`id`, `from_user_id`, `to_user_id`, `txt`, `is_delivered`, `created_at`, `update_at`) VALUES ('132', '56', '22', 'Possimus ipsa a iure. Voluptatem aspernatur alias provident quam pariatur necessitatibus voluptatem aut. Ea magnam nesciunt nihil iste sequi.', 0, '1997-06-22 04:05:27', '1996-02-06 03:46:08');
INSERT INTO `messages` (`id`, `from_user_id`, `to_user_id`, `txt`, `is_delivered`, `created_at`, `update_at`) VALUES ('133', '58', '84', 'Harum alias deleniti voluptatem. Tenetur dolor ea et earum vitae similique. Qui sit vel quod culpa sint ipsum facere impedit. Voluptas sapiente earum iste ab. Nisi aperiam quia rem ipsam minus.', 0, '1988-09-10 23:15:57', '1972-01-14 11:34:57');
INSERT INTO `messages` (`id`, `from_user_id`, `to_user_id`, `txt`, `is_delivered`, `created_at`, `update_at`) VALUES ('134', '26', '28', 'Iste eius nihil impedit praesentium aspernatur neque accusantium dicta. In enim possimus omnis autem dicta quia eveniet. Sed consequatur ad non voluptatem molestiae. Doloremque voluptatem quidem ducimus qui voluptatem quasi eum.', 0, '2012-07-22 20:35:07', '1996-09-12 02:28:05');
INSERT INTO `messages` (`id`, `from_user_id`, `to_user_id`, `txt`, `is_delivered`, `created_at`, `update_at`) VALUES ('135', '27', '2', 'Accusamus commodi mollitia quis unde expedita sit qui. At veniam temporibus amet incidunt et eaque. Molestiae qui cumque aperiam molestias earum praesentium.', 1, '1971-08-12 14:19:43', '1979-12-14 23:18:28');
INSERT INTO `messages` (`id`, `from_user_id`, `to_user_id`, `txt`, `is_delivered`, `created_at`, `update_at`) VALUES ('136', '79', '14', 'Vel eum tempore rerum dolorem voluptatem officiis optio. Minima repellat impedit asperiores rerum.', 1, '1988-09-20 16:50:19', '1986-05-29 06:05:51');
INSERT INTO `messages` (`id`, `from_user_id`, `to_user_id`, `txt`, `is_delivered`, `created_at`, `update_at`) VALUES ('137', '13', '34', 'Exercitationem natus voluptate debitis rerum. Consequatur omnis quod expedita repudiandae natus. Temporibus saepe fugiat necessitatibus fuga sed. Doloremque sint enim atque iste molestias nulla itaque.', 1, '2015-04-13 00:01:18', '1976-02-15 21:17:21');
INSERT INTO `messages` (`id`, `from_user_id`, `to_user_id`, `txt`, `is_delivered`, `created_at`, `update_at`) VALUES ('138', '38', '14', 'Est sapiente suscipit ducimus molestiae sed perferendis culpa. Aut et dolor eum eius corrupti nisi et. Sunt laboriosam sit culpa magnam hic reiciendis sit.', 1, '2016-03-03 19:47:24', '2005-09-13 02:25:59');
INSERT INTO `messages` (`id`, `from_user_id`, `to_user_id`, `txt`, `is_delivered`, `created_at`, `update_at`) VALUES ('139', '41', '85', 'Incidunt eius aut facilis quam sapiente cum voluptatibus. Voluptas inventore est tempore. Praesentium veniam officiis voluptate rerum.', 0, '2005-10-15 17:34:08', '1993-03-27 01:50:35');
INSERT INTO `messages` (`id`, `from_user_id`, `to_user_id`, `txt`, `is_delivered`, `created_at`, `update_at`) VALUES ('140', '44', '10', 'Quos vero qui rerum sint vel. Voluptates soluta distinctio qui necessitatibus perferendis. Molestias sit dolor ipsa magnam doloribus. Et unde ratione pariatur.', 1, '2011-11-09 03:28:34', '1989-10-04 13:09:28');
INSERT INTO `messages` (`id`, `from_user_id`, `to_user_id`, `txt`, `is_delivered`, `created_at`, `update_at`) VALUES ('141', '89', '3', 'Inventore labore et illo beatae. Cum eligendi velit atque eligendi et provident. In et ex maiores non impedit. Dolorem omnis quod aut doloremque.', 1, '2000-06-30 17:01:48', '1981-03-11 14:40:50');
INSERT INTO `messages` (`id`, `from_user_id`, `to_user_id`, `txt`, `is_delivered`, `created_at`, `update_at`) VALUES ('142', '76', '9', 'Sequi quia possimus et. Qui eos est beatae dolor sunt voluptatem. Et et perspiciatis repellendus deleniti. Velit porro quos velit quae.', 1, '1970-04-28 22:07:49', '2015-11-11 21:43:34');
INSERT INTO `messages` (`id`, `from_user_id`, `to_user_id`, `txt`, `is_delivered`, `created_at`, `update_at`) VALUES ('143', '18', '37', 'Omnis culpa iure facilis aut molestiae. Quos deleniti quasi rerum accusantium saepe placeat. Omnis soluta a qui quod. Accusamus consequatur nulla voluptas.', 0, '1978-06-28 06:09:03', '1986-09-27 05:58:22');
INSERT INTO `messages` (`id`, `from_user_id`, `to_user_id`, `txt`, `is_delivered`, `created_at`, `update_at`) VALUES ('144', '84', '52', 'Voluptatem voluptatem ut enim dolorem. Quia perferendis dolor et sed reiciendis. Qui accusantium natus voluptatem facere qui sunt.', 1, '2021-02-15 13:52:38', '1998-03-17 20:02:27');
INSERT INTO `messages` (`id`, `from_user_id`, `to_user_id`, `txt`, `is_delivered`, `created_at`, `update_at`) VALUES ('145', '33', '8', 'Tempore quia sequi quo in. Delectus facere non et iusto sunt quo sed. Libero sunt iusto vero numquam.', 0, '2002-10-15 12:15:14', '2003-03-28 22:52:01');
INSERT INTO `messages` (`id`, `from_user_id`, `to_user_id`, `txt`, `is_delivered`, `created_at`, `update_at`) VALUES ('146', '97', '100', 'Porro laboriosam quo dolorem similique mollitia. Necessitatibus non sed optio quo consequuntur possimus dicta occaecati. Ut blanditiis placeat delectus laborum delectus odit facere. Aut voluptatibus eum sint reprehenderit dolor et corporis sit.', 0, '2018-09-20 02:11:37', '2020-06-06 11:04:05');
INSERT INTO `messages` (`id`, `from_user_id`, `to_user_id`, `txt`, `is_delivered`, `created_at`, `update_at`) VALUES ('147', '69', '53', 'Est debitis quis maxime et totam omnis dicta. Eius animi totam id. Et qui eum eveniet vitae quidem. Non asperiores qui sint itaque temporibus est doloremque. Aut ea asperiores provident hic voluptatem.', 1, '2016-03-27 11:28:57', '2010-08-18 06:09:15');
INSERT INTO `messages` (`id`, `from_user_id`, `to_user_id`, `txt`, `is_delivered`, `created_at`, `update_at`) VALUES ('148', '22', '27', 'Eius et soluta voluptate eos corporis. Quis quia id nesciunt occaecati consequatur atque. Itaque reiciendis vero dolorem asperiores voluptas. Consequatur sed quibusdam vel quidem ut consequatur.', 1, '1998-10-06 07:39:19', '2002-02-08 03:15:25');
INSERT INTO `messages` (`id`, `from_user_id`, `to_user_id`, `txt`, `is_delivered`, `created_at`, `update_at`) VALUES ('149', '37', '47', 'Aspernatur eius consequuntur magni rem. Maxime id veritatis eos non laboriosam sed enim. Praesentium sint aliquid et eos quia ipsum inventore. Quae quas vel architecto nisi.', 1, '2009-09-23 12:52:25', '2002-10-21 09:36:32');
INSERT INTO `messages` (`id`, `from_user_id`, `to_user_id`, `txt`, `is_delivered`, `created_at`, `update_at`) VALUES ('150', '55', '63', 'Recusandae error accusantium quasi necessitatibus explicabo velit. Inventore sint laboriosam quaerat quod. Beatae incidunt et velit. A repellendus corrupti neque repellat reprehenderit eos.', 1, '2002-12-26 16:06:40', '1997-01-28 22:39:03');
INSERT INTO `messages` (`id`, `from_user_id`, `to_user_id`, `txt`, `is_delivered`, `created_at`, `update_at`) VALUES ('151', '49', '33', 'Dolore aliquam dolores quo quod provident iusto dolorum dignissimos. Enim qui enim quia enim ipsam ullam. Facere in in quis ullam.', 1, '2013-07-28 04:34:28', '1970-05-03 04:05:55');
INSERT INTO `messages` (`id`, `from_user_id`, `to_user_id`, `txt`, `is_delivered`, `created_at`, `update_at`) VALUES ('152', '77', '62', 'Sunt cumque recusandae suscipit est. Cum quis eligendi modi est voluptatem accusamus. Est eius et nostrum ducimus ipsum natus dolores id. Culpa minus sunt culpa nulla.', 0, '1998-05-09 16:05:32', '1976-01-13 14:05:16');
INSERT INTO `messages` (`id`, `from_user_id`, `to_user_id`, `txt`, `is_delivered`, `created_at`, `update_at`) VALUES ('153', '66', '15', 'Similique ipsa rem voluptatem molestias dolor ab. Veniam a eos aliquid. Qui cupiditate repellendus harum eligendi eum qui ut.', 1, '2009-06-15 18:20:51', '1973-11-10 07:52:09');
INSERT INTO `messages` (`id`, `from_user_id`, `to_user_id`, `txt`, `is_delivered`, `created_at`, `update_at`) VALUES ('154', '75', '6', 'Quidem nihil est quia sint laudantium et incidunt. Ea quibusdam omnis et. Sunt aut non et repellat reprehenderit.', 1, '1970-05-11 18:28:14', '1980-12-13 04:55:56');
INSERT INTO `messages` (`id`, `from_user_id`, `to_user_id`, `txt`, `is_delivered`, `created_at`, `update_at`) VALUES ('155', '99', '19', 'Consequatur iste sed fuga incidunt. Est rerum culpa voluptatum adipisci non voluptatem eveniet. Delectus commodi earum sunt quidem hic. Esse veniam quidem natus veritatis corporis.', 1, '1983-09-07 22:53:28', '2006-10-27 12:55:45');
INSERT INTO `messages` (`id`, `from_user_id`, `to_user_id`, `txt`, `is_delivered`, `created_at`, `update_at`) VALUES ('156', '16', '87', 'Consectetur quis maiores amet totam ratione aut non. Voluptatem aut non accusamus ea consectetur rerum minima magni.', 1, '1985-12-29 00:26:26', '1984-06-11 11:39:25');
INSERT INTO `messages` (`id`, `from_user_id`, `to_user_id`, `txt`, `is_delivered`, `created_at`, `update_at`) VALUES ('157', '21', '92', 'Et et quasi voluptatem nulla et. Qui deleniti et repudiandae et. Numquam et laborum illo quae ut. Quod corporis ducimus eligendi assumenda dignissimos quod.', 1, '1979-05-27 15:39:41', '1978-01-28 08:15:13');
INSERT INTO `messages` (`id`, `from_user_id`, `to_user_id`, `txt`, `is_delivered`, `created_at`, `update_at`) VALUES ('158', '96', '39', 'Ipsa quis perferendis est qui velit omnis laudantium aut. Tempora debitis soluta iste ut eos dolorem. Quia placeat sunt laboriosam mollitia et.', 1, '1988-03-30 07:35:29', '2004-10-15 21:39:35');
INSERT INTO `messages` (`id`, `from_user_id`, `to_user_id`, `txt`, `is_delivered`, `created_at`, `update_at`) VALUES ('159', '28', '79', 'Ea quod maiores nisi voluptatem quos et. Eum repellat sit voluptatem quis.', 0, '1987-09-21 16:20:22', '2007-07-23 07:31:55');
INSERT INTO `messages` (`id`, `from_user_id`, `to_user_id`, `txt`, `is_delivered`, `created_at`, `update_at`) VALUES ('160', '90', '61', 'Saepe pariatur consectetur facilis. Iusto accusantium voluptas tempora sit veniam consequatur. Quo harum non dolores aut sit. Amet ducimus dolores dolor voluptatem eaque deleniti.', 0, '2020-05-10 17:02:25', '1974-02-28 02:59:15');
INSERT INTO `messages` (`id`, `from_user_id`, `to_user_id`, `txt`, `is_delivered`, `created_at`, `update_at`) VALUES ('161', '86', '87', 'Ut tempora ad alias commodi recusandae porro. Officia rerum dolores nemo consequuntur cumque.', 1, '2021-07-04 21:28:47', '1976-05-21 19:23:45');
INSERT INTO `messages` (`id`, `from_user_id`, `to_user_id`, `txt`, `is_delivered`, `created_at`, `update_at`) VALUES ('162', '60', '55', 'Et hic non qui aut animi. Consequatur rerum est similique blanditiis iusto eum.', 1, '1971-07-20 14:46:38', '1992-07-17 20:37:52');
INSERT INTO `messages` (`id`, `from_user_id`, `to_user_id`, `txt`, `is_delivered`, `created_at`, `update_at`) VALUES ('163', '40', '81', 'Alias harum dignissimos cumque. Id sint veniam vel sint ex tempora est. Cum nesciunt voluptatibus et quis et quibusdam sed.', 0, '2005-10-17 05:26:28', '1993-06-30 18:31:05');
INSERT INTO `messages` (`id`, `from_user_id`, `to_user_id`, `txt`, `is_delivered`, `created_at`, `update_at`) VALUES ('164', '81', '76', 'Reprehenderit cum ut rerum harum quidem. Quasi totam omnis voluptatibus illum eos.', 1, '1975-07-23 18:46:00', '1981-03-26 14:22:14');
INSERT INTO `messages` (`id`, `from_user_id`, `to_user_id`, `txt`, `is_delivered`, `created_at`, `update_at`) VALUES ('165', '28', '35', 'Nemo sit voluptas maxime earum illum. Aut ex perferendis blanditiis cum rerum hic.', 1, '2012-03-01 03:28:06', '1983-09-15 21:48:58');
INSERT INTO `messages` (`id`, `from_user_id`, `to_user_id`, `txt`, `is_delivered`, `created_at`, `update_at`) VALUES ('166', '39', '76', 'Nobis ut totam similique omnis. Eius rem sit aut aliquid iusto alias recusandae. Voluptatibus at consequatur ab non quaerat. Aut quaerat minima ipsam et voluptates et ut.', 0, '2021-01-25 14:10:11', '2001-02-14 16:34:13');
INSERT INTO `messages` (`id`, `from_user_id`, `to_user_id`, `txt`, `is_delivered`, `created_at`, `update_at`) VALUES ('167', '68', '15', 'Et delectus saepe veniam laudantium asperiores necessitatibus. Modi iure dolorum et facilis quidem exercitationem praesentium. Dolores veniam eius vero autem. Consectetur optio nobis nulla quia qui. Facere sit non pariatur corrupti consequatur.', 1, '1979-10-12 12:50:40', '2010-06-03 09:41:38');
INSERT INTO `messages` (`id`, `from_user_id`, `to_user_id`, `txt`, `is_delivered`, `created_at`, `update_at`) VALUES ('168', '37', '33', 'Nisi similique consectetur ratione cumque. Non architecto porro et qui sit. Voluptas dolor qui expedita iure dolor sed. Qui non maiores qui harum unde id laudantium qui.', 0, '1993-10-18 09:23:00', '2007-08-25 16:13:59');
INSERT INTO `messages` (`id`, `from_user_id`, `to_user_id`, `txt`, `is_delivered`, `created_at`, `update_at`) VALUES ('169', '30', '12', 'Et accusamus assumenda inventore voluptates maxime. Nihil doloremque est consequuntur dolores porro.', 0, '1993-07-10 05:52:02', '2019-08-02 19:58:46');
INSERT INTO `messages` (`id`, `from_user_id`, `to_user_id`, `txt`, `is_delivered`, `created_at`, `update_at`) VALUES ('170', '39', '28', 'Ut itaque tenetur voluptatibus minus. Beatae aliquam et aut excepturi cupiditate distinctio qui.', 1, '1984-09-18 03:28:34', '1995-10-05 21:03:31');
INSERT INTO `messages` (`id`, `from_user_id`, `to_user_id`, `txt`, `is_delivered`, `created_at`, `update_at`) VALUES ('171', '31', '54', 'Minus quis est a et. Assumenda autem odio rerum debitis aliquid quo eius. Esse sed et odio reiciendis eaque. Atque ut laborum ipsa ab et.', 0, '1987-03-11 03:52:35', '1983-10-18 01:14:56');
INSERT INTO `messages` (`id`, `from_user_id`, `to_user_id`, `txt`, `is_delivered`, `created_at`, `update_at`) VALUES ('172', '15', '51', 'Debitis et earum accusantium nesciunt doloribus omnis. Reiciendis voluptatem cupiditate id molestiae doloribus. Velit natus molestias iure cupiditate at ex assumenda.', 0, '2018-03-17 13:12:00', '2012-12-07 15:32:46');
INSERT INTO `messages` (`id`, `from_user_id`, `to_user_id`, `txt`, `is_delivered`, `created_at`, `update_at`) VALUES ('173', '45', '10', 'Aliquam id animi omnis rerum in et. Officiis illum voluptatum dolores qui. Deleniti molestiae dolorem earum qui sint. Eos laborum quia voluptatum vel magnam ut corporis.', 1, '1988-02-03 21:22:45', '1978-02-12 12:48:38');
INSERT INTO `messages` (`id`, `from_user_id`, `to_user_id`, `txt`, `is_delivered`, `created_at`, `update_at`) VALUES ('174', '90', '73', 'Aut ut placeat est id excepturi. Quos error omnis quas ab. Quas et et nesciunt qui architecto et non. Aliquam repellendus vitae voluptatem.', 0, '1989-08-12 23:18:53', '1977-10-30 01:00:09');
INSERT INTO `messages` (`id`, `from_user_id`, `to_user_id`, `txt`, `is_delivered`, `created_at`, `update_at`) VALUES ('175', '89', '79', 'Cumque ducimus et autem hic distinctio est. Ex beatae et sit recusandae deserunt voluptas est. Sunt minus et consequatur hic provident dolores ab harum. Dolor iure et mollitia perspiciatis ipsam sapiente.', 1, '1983-05-19 23:27:24', '1988-09-27 20:42:51');
INSERT INTO `messages` (`id`, `from_user_id`, `to_user_id`, `txt`, `is_delivered`, `created_at`, `update_at`) VALUES ('176', '33', '75', 'Molestias quo distinctio voluptas corrupti dolores corrupti. Repudiandae est fugit assumenda dicta qui consequatur autem. Necessitatibus commodi at unde quae exercitationem. Facilis accusamus qui odio animi autem similique tempora.', 1, '1991-02-04 09:11:05', '1998-02-21 11:26:47');
INSERT INTO `messages` (`id`, `from_user_id`, `to_user_id`, `txt`, `is_delivered`, `created_at`, `update_at`) VALUES ('177', '65', '93', 'Dolor sit rem a earum. Vero perferendis aut veniam quos. Nostrum sint mollitia natus sapiente ut deleniti.', 0, '2000-03-13 17:23:14', '1974-03-28 21:20:36');
INSERT INTO `messages` (`id`, `from_user_id`, `to_user_id`, `txt`, `is_delivered`, `created_at`, `update_at`) VALUES ('178', '29', '4', 'Reiciendis nihil voluptas animi. Cum ab et deleniti aliquam iusto.', 0, '2005-02-07 20:00:09', '2020-03-21 21:43:20');
INSERT INTO `messages` (`id`, `from_user_id`, `to_user_id`, `txt`, `is_delivered`, `created_at`, `update_at`) VALUES ('179', '74', '10', 'Consequatur molestiae rerum fugit qui sunt sunt non. Sunt et nihil voluptatem sint cumque sed. Ex expedita quia dolorem a consequatur voluptas. Ad magni aut nihil consectetur.', 1, '1994-12-24 10:05:57', '2018-02-14 10:31:29');
INSERT INTO `messages` (`id`, `from_user_id`, `to_user_id`, `txt`, `is_delivered`, `created_at`, `update_at`) VALUES ('180', '80', '1', 'Ea repudiandae illum eius sed rerum. Explicabo optio est fugiat pariatur. Qui sit consequuntur et.', 1, '1994-11-09 12:25:40', '1970-10-10 09:21:29');
INSERT INTO `messages` (`id`, `from_user_id`, `to_user_id`, `txt`, `is_delivered`, `created_at`, `update_at`) VALUES ('181', '45', '18', 'Provident quia odit et tempora asperiores distinctio. Sit fugit dolor quia consequatur perspiciatis. Ratione molestias tempora laborum pariatur hic voluptatem autem.', 0, '1984-05-08 06:32:53', '1995-03-21 01:54:43');
INSERT INTO `messages` (`id`, `from_user_id`, `to_user_id`, `txt`, `is_delivered`, `created_at`, `update_at`) VALUES ('182', '76', '12', 'Explicabo in ipsam tempora sed voluptatem fuga nisi. Adipisci hic soluta consequatur voluptatem voluptates voluptate reprehenderit. Ipsum sint qui ratione voluptatum itaque asperiores et.', 0, '1995-05-15 17:50:33', '2006-12-10 18:09:26');
INSERT INTO `messages` (`id`, `from_user_id`, `to_user_id`, `txt`, `is_delivered`, `created_at`, `update_at`) VALUES ('183', '32', '13', 'Ipsum aliquam et et perspiciatis id perferendis libero. Molestias voluptatem voluptatem qui repellendus ea perferendis. Libero aut atque repellendus magnam laboriosam et nobis. Dolores quo numquam facilis cumque tempora enim.', 1, '1988-12-24 03:15:30', '2000-04-12 18:14:07');
INSERT INTO `messages` (`id`, `from_user_id`, `to_user_id`, `txt`, `is_delivered`, `created_at`, `update_at`) VALUES ('184', '45', '62', 'Excepturi natus harum velit amet laboriosam. Commodi non delectus eum omnis ab quaerat. Asperiores placeat et quo aut consequatur aut.', 0, '2006-02-13 08:50:18', '2021-06-16 16:14:57');
INSERT INTO `messages` (`id`, `from_user_id`, `to_user_id`, `txt`, `is_delivered`, `created_at`, `update_at`) VALUES ('185', '24', '83', 'Qui nemo aspernatur fugiat. Fugiat deserunt alias odio autem iusto. Id fugit dolor ut voluptatem ratione quo. Omnis atque alias architecto laborum aut ratione.', 0, '1974-10-11 06:34:19', '1987-02-24 22:28:46');
INSERT INTO `messages` (`id`, `from_user_id`, `to_user_id`, `txt`, `is_delivered`, `created_at`, `update_at`) VALUES ('186', '89', '55', 'Amet labore rerum aut magnam officia rerum natus. Esse esse omnis odio et. Ea quia eaque incidunt qui.', 0, '1970-04-27 19:12:48', '2018-07-23 08:08:55');
INSERT INTO `messages` (`id`, `from_user_id`, `to_user_id`, `txt`, `is_delivered`, `created_at`, `update_at`) VALUES ('187', '36', '4', 'Aut fugiat nulla ut. Voluptates ab aut ipsam et odio accusamus illum. Dolores dolore aperiam iste beatae.', 0, '1977-01-20 08:59:51', '1986-05-01 10:59:39');
INSERT INTO `messages` (`id`, `from_user_id`, `to_user_id`, `txt`, `is_delivered`, `created_at`, `update_at`) VALUES ('188', '6', '80', 'Sequi magnam dolor rerum quia facilis id consequatur ratione. Aut ut numquam eius sed ea. Rerum hic velit sapiente. Velit rerum ut nostrum voluptate autem occaecati dolores.', 0, '2011-03-09 04:48:54', '2013-11-18 05:42:54');
INSERT INTO `messages` (`id`, `from_user_id`, `to_user_id`, `txt`, `is_delivered`, `created_at`, `update_at`) VALUES ('189', '14', '95', 'In est laudantium non aut aut. Magni dignissimos quis enim praesentium recusandae voluptatem. Ipsa sapiente quisquam doloribus natus.', 1, '2014-07-31 18:13:00', '2008-08-02 18:14:18');
INSERT INTO `messages` (`id`, `from_user_id`, `to_user_id`, `txt`, `is_delivered`, `created_at`, `update_at`) VALUES ('190', '53', '2', 'Aut rem et recusandae magnam nihil voluptas. Unde quia et vel error est doloremque corporis. Laborum vel quibusdam fugiat et quis ex.', 1, '2021-05-14 15:01:08', '2015-06-02 06:10:20');
INSERT INTO `messages` (`id`, `from_user_id`, `to_user_id`, `txt`, `is_delivered`, `created_at`, `update_at`) VALUES ('191', '73', '85', 'Et quasi laudantium repellat et fugiat consectetur reiciendis. Dolorem minus perspiciatis accusamus quia est quibusdam velit culpa. Velit quibusdam et minus corrupti expedita modi molestiae.', 0, '1992-10-21 14:41:52', '1971-06-26 19:51:03');
INSERT INTO `messages` (`id`, `from_user_id`, `to_user_id`, `txt`, `is_delivered`, `created_at`, `update_at`) VALUES ('192', '76', '38', 'Corrupti et dolorem rerum explicabo nemo exercitationem illo. Nisi veritatis a accusamus ducimus sunt qui. Neque quod aliquid et ut officiis similique quasi. Voluptates quaerat ut et.', 0, '2017-08-14 17:28:45', '1986-11-08 03:35:54');
INSERT INTO `messages` (`id`, `from_user_id`, `to_user_id`, `txt`, `is_delivered`, `created_at`, `update_at`) VALUES ('193', '78', '5', 'Eveniet ut aliquid totam possimus ut minima non. Odio et nihil repudiandae. Fugit modi facilis ullam est neque et architecto.', 1, '1974-09-29 10:22:54', '1975-12-30 02:31:30');
INSERT INTO `messages` (`id`, `from_user_id`, `to_user_id`, `txt`, `is_delivered`, `created_at`, `update_at`) VALUES ('194', '42', '51', 'Veniam natus architecto dolorem inventore harum. Id repellendus eveniet nihil in necessitatibus nisi velit. Deserunt sapiente cum iste in id voluptatem.', 1, '2011-06-03 10:18:49', '2009-10-18 14:22:15');
INSERT INTO `messages` (`id`, `from_user_id`, `to_user_id`, `txt`, `is_delivered`, `created_at`, `update_at`) VALUES ('195', '15', '21', 'Praesentium est doloremque tenetur ipsa voluptas non. Perspiciatis et eum doloribus omnis qui est voluptatem. Assumenda ratione voluptatibus quis est quaerat consequatur. Vel amet ut ut odit corporis.', 1, '1977-10-24 09:55:06', '2011-01-29 13:21:15');
INSERT INTO `messages` (`id`, `from_user_id`, `to_user_id`, `txt`, `is_delivered`, `created_at`, `update_at`) VALUES ('196', '51', '59', 'Perferendis provident consectetur ipsum vitae. Dignissimos ab perspiciatis hic magnam harum aperiam quo. Velit et incidunt nostrum ratione qui in. Eum quam aut et illum perspiciatis.', 0, '1992-02-23 12:19:49', '2010-01-18 14:09:20');
INSERT INTO `messages` (`id`, `from_user_id`, `to_user_id`, `txt`, `is_delivered`, `created_at`, `update_at`) VALUES ('197', '38', '27', 'Voluptate illum eum et consequatur. Et distinctio qui odit consequatur necessitatibus. Quo aut animi ad sequi fugit.', 0, '2005-05-29 01:56:32', '1992-05-08 14:24:23');
INSERT INTO `messages` (`id`, `from_user_id`, `to_user_id`, `txt`, `is_delivered`, `created_at`, `update_at`) VALUES ('198', '71', '70', 'At ducimus culpa rerum ea. Perferendis eos voluptas aut earum tempore. Ipsum ipsum doloremque porro dolorum non est.', 1, '2014-02-24 03:45:15', '2014-03-06 06:18:01');
INSERT INTO `messages` (`id`, `from_user_id`, `to_user_id`, `txt`, `is_delivered`, `created_at`, `update_at`) VALUES ('199', '40', '15', 'Deleniti tempore nam alias et temporibus in est dicta. Ipsum eum ad fugit facere molestiae debitis enim quisquam. At dolorem dignissimos quisquam id.', 1, '1993-12-10 17:48:44', '1989-02-25 07:28:13');
INSERT INTO `messages` (`id`, `from_user_id`, `to_user_id`, `txt`, `is_delivered`, `created_at`, `update_at`) VALUES ('200', '31', '64', 'Voluptatibus aut perspiciatis est a et. Qui nulla minus nihil. Ipsam reprehenderit quisquam tempore voluptatem. Voluptatem magni sunt aliquam.', 0, '1973-05-26 19:19:45', '1982-12-31 07:27:05');
INSERT INTO `messages` (`id`, `from_user_id`, `to_user_id`, `txt`, `is_delivered`, `created_at`, `update_at`) VALUES ('201', '98', '20', 'Facilis libero asperiores vero recusandae cupiditate reprehenderit quos. Totam voluptas temporibus voluptatem rerum quis ab ad. Omnis eum eius quidem. Doloremque officiis et sequi nesciunt consequatur qui blanditiis.', 1, '2015-03-10 08:50:17', '1978-02-18 01:06:23');
INSERT INTO `messages` (`id`, `from_user_id`, `to_user_id`, `txt`, `is_delivered`, `created_at`, `update_at`) VALUES ('202', '18', '33', 'Dolores odio rerum maxime sit ut qui delectus. Quidem vitae aut omnis sunt. Est expedita incidunt ut qui.', 1, '1975-05-23 00:28:06', '2012-12-20 03:17:52');
INSERT INTO `messages` (`id`, `from_user_id`, `to_user_id`, `txt`, `is_delivered`, `created_at`, `update_at`) VALUES ('203', '24', '23', 'Sit aliquid doloremque odio tempore veniam. Voluptatum numquam natus soluta velit quam ratione. Quisquam ipsa rerum qui. Repellendus aliquid repellat aperiam provident accusamus id.', 1, '2003-06-25 12:22:38', '2018-01-08 19:25:08');
INSERT INTO `messages` (`id`, `from_user_id`, `to_user_id`, `txt`, `is_delivered`, `created_at`, `update_at`) VALUES ('204', '13', '37', 'Aspernatur modi reprehenderit quis quia quis atque. Est nemo veritatis modi unde aliquam aut earum consequatur. Fugit nam quia odit inventore dolores quos.', 1, '2010-09-23 11:29:04', '1990-04-30 21:27:11');
INSERT INTO `messages` (`id`, `from_user_id`, `to_user_id`, `txt`, `is_delivered`, `created_at`, `update_at`) VALUES ('205', '17', '65', 'Aliquam provident corporis id at perspiciatis. Dicta ab exercitationem architecto in dolorem libero nisi et. Alias nobis similique ipsa neque iure vero perspiciatis recusandae. Quibusdam sed quis omnis aliquid dolorem.', 0, '2016-02-03 16:14:14', '2005-10-18 13:49:29');
INSERT INTO `messages` (`id`, `from_user_id`, `to_user_id`, `txt`, `is_delivered`, `created_at`, `update_at`) VALUES ('206', '38', '89', 'Dolorem velit possimus recusandae repellat ut quidem. Blanditiis ut quam aut expedita facere vitae eum. Dolore deserunt qui totam minus perspiciatis. Veritatis et pariatur magni illo.', 0, '1982-02-05 21:09:12', '1998-05-20 10:52:50');
INSERT INTO `messages` (`id`, `from_user_id`, `to_user_id`, `txt`, `is_delivered`, `created_at`, `update_at`) VALUES ('207', '50', '14', 'Voluptatem reprehenderit magnam est libero esse sunt minus. Ipsa atque rem voluptate sapiente facere. Sint dolorum magnam aut repudiandae ut ea molestias. Beatae molestias id voluptatem excepturi corrupti.', 1, '1989-03-13 23:05:10', '1996-05-12 10:23:30');
INSERT INTO `messages` (`id`, `from_user_id`, `to_user_id`, `txt`, `is_delivered`, `created_at`, `update_at`) VALUES ('208', '27', '27', 'Consequatur ut sint quia qui. Commodi saepe voluptas animi eum delectus laboriosam est. Suscipit quaerat voluptas ullam nostrum odio. Omnis ab aut quibusdam animi eum ea necessitatibus.', 1, '2016-02-28 10:18:56', '1970-12-26 02:13:36');
INSERT INTO `messages` (`id`, `from_user_id`, `to_user_id`, `txt`, `is_delivered`, `created_at`, `update_at`) VALUES ('209', '18', '68', 'Inventore et nihil in et. Totam debitis et vel aspernatur voluptatum sint. Deleniti commodi sapiente voluptate autem quia et non voluptatem.', 0, '2016-02-29 05:36:11', '1978-07-20 21:15:32');
INSERT INTO `messages` (`id`, `from_user_id`, `to_user_id`, `txt`, `is_delivered`, `created_at`, `update_at`) VALUES ('210', '77', '32', 'Atque tenetur consectetur ea qui. Dicta est enim omnis reiciendis in exercitationem et. Hic repellendus non quia id.', 0, '1997-04-20 19:28:37', '1998-07-20 23:15:17');
INSERT INTO `messages` (`id`, `from_user_id`, `to_user_id`, `txt`, `is_delivered`, `created_at`, `update_at`) VALUES ('211', '89', '28', 'A saepe voluptatum aspernatur exercitationem blanditiis suscipit. Quis aut sed qui illum ipsam. Voluptatem voluptas modi explicabo quidem blanditiis quasi. Eos et at fuga voluptatum.', 1, '2001-01-13 00:03:08', '2005-10-22 09:23:19');
INSERT INTO `messages` (`id`, `from_user_id`, `to_user_id`, `txt`, `is_delivered`, `created_at`, `update_at`) VALUES ('212', '91', '27', 'Occaecati est quia vel ut. Nesciunt et officiis qui reprehenderit dolorum. Dolor ducimus unde omnis et. Praesentium tempora magni quia qui repellendus.', 1, '1983-02-03 05:30:35', '2013-02-28 16:29:22');
INSERT INTO `messages` (`id`, `from_user_id`, `to_user_id`, `txt`, `is_delivered`, `created_at`, `update_at`) VALUES ('213', '55', '62', 'Cumque in et ea omnis doloribus tempora. Dolorum iste laborum assumenda doloremque amet velit. Quam ut tenetur et.', 0, '2017-05-22 17:33:50', '2018-03-16 15:12:40');
INSERT INTO `messages` (`id`, `from_user_id`, `to_user_id`, `txt`, `is_delivered`, `created_at`, `update_at`) VALUES ('214', '96', '94', 'Sunt ut natus deleniti sed molestias animi dolore facilis. Et doloribus officia doloremque corrupti.', 1, '2003-03-08 02:47:21', '1977-06-15 10:25:37');
INSERT INTO `messages` (`id`, `from_user_id`, `to_user_id`, `txt`, `is_delivered`, `created_at`, `update_at`) VALUES ('215', '76', '27', 'Et illum deleniti aut numquam est facilis. Veniam aperiam minima sit dolorem tempore voluptas amet. Sint est et corrupti numquam iusto eveniet. Vero aspernatur ratione odit aut ad qui.', 0, '1996-05-19 09:56:53', '1990-12-24 00:43:47');
INSERT INTO `messages` (`id`, `from_user_id`, `to_user_id`, `txt`, `is_delivered`, `created_at`, `update_at`) VALUES ('216', '57', '73', 'Ea ullam molestias nobis doloribus sed sint. Accusantium quibusdam quibusdam consequatur voluptatem. Aliquid suscipit molestias architecto rem.', 0, '2018-03-06 15:14:45', '1992-11-13 12:32:42');
INSERT INTO `messages` (`id`, `from_user_id`, `to_user_id`, `txt`, `is_delivered`, `created_at`, `update_at`) VALUES ('217', '47', '74', 'Ut qui laudantium accusantium rerum optio non vel. Non quas ut autem.', 0, '1984-09-24 00:40:03', '1971-06-01 07:03:22');
INSERT INTO `messages` (`id`, `from_user_id`, `to_user_id`, `txt`, `is_delivered`, `created_at`, `update_at`) VALUES ('218', '6', '70', 'Et qui id et omnis. Sit provident ducimus sint et quibusdam. Explicabo nihil provident nostrum dignissimos ipsam.', 1, '1979-10-06 02:41:59', '2001-12-24 10:26:11');
INSERT INTO `messages` (`id`, `from_user_id`, `to_user_id`, `txt`, `is_delivered`, `created_at`, `update_at`) VALUES ('219', '96', '19', 'Nihil adipisci culpa qui voluptates blanditiis rem corrupti. Iusto tempora molestiae labore eos. Excepturi perspiciatis sed autem.', 1, '1996-08-03 12:41:49', '1994-01-20 07:02:38');
INSERT INTO `messages` (`id`, `from_user_id`, `to_user_id`, `txt`, `is_delivered`, `created_at`, `update_at`) VALUES ('220', '7', '12', 'Consectetur ut maxime et aut qui. Repellat quis commodi dolorem quia rem porro exercitationem beatae. Reiciendis ea ut qui quam. Perspiciatis sunt et praesentium voluptatem nobis voluptas ut. Consequatur earum sequi quasi impedit dolores odio autem.', 0, '1996-12-18 11:11:56', '1995-08-08 17:09:10');
INSERT INTO `messages` (`id`, `from_user_id`, `to_user_id`, `txt`, `is_delivered`, `created_at`, `update_at`) VALUES ('221', '83', '44', 'Ut dolorem id cupiditate magni omnis ratione. Eos repellendus excepturi sunt occaecati. Asperiores quis commodi quis qui libero occaecati fuga.', 0, '1992-10-30 07:04:33', '1996-05-29 13:45:39');
INSERT INTO `messages` (`id`, `from_user_id`, `to_user_id`, `txt`, `is_delivered`, `created_at`, `update_at`) VALUES ('222', '1', '33', 'Velit maxime quia est voluptate non. Quae iusto repellendus quis architecto natus. Voluptatem quia asperiores perspiciatis. Necessitatibus accusamus voluptatem animi eveniet molestiae id.', 0, '1970-12-30 20:35:23', '1986-01-09 14:01:11');
INSERT INTO `messages` (`id`, `from_user_id`, `to_user_id`, `txt`, `is_delivered`, `created_at`, `update_at`) VALUES ('223', '58', '28', 'Fuga earum veniam blanditiis reprehenderit quia rerum temporibus. Nesciunt enim aut similique asperiores quia laborum qui. Temporibus laudantium quia corrupti nostrum fugit asperiores odit. Porro ea aut sint quibusdam facere. Harum perferendis rem quo debitis praesentium.', 1, '1985-05-20 08:07:01', '1990-07-31 03:08:04');
INSERT INTO `messages` (`id`, `from_user_id`, `to_user_id`, `txt`, `is_delivered`, `created_at`, `update_at`) VALUES ('224', '60', '75', 'Voluptatem doloremque repudiandae et quibusdam qui distinctio dolorem. Aperiam sed autem unde omnis delectus eius. Aut exercitationem illo rem nobis fugit.', 1, '2001-06-25 23:17:28', '2019-05-06 17:28:40');
INSERT INTO `messages` (`id`, `from_user_id`, `to_user_id`, `txt`, `is_delivered`, `created_at`, `update_at`) VALUES ('225', '95', '36', 'Exercitationem officiis praesentium veniam molestias aperiam. Dolor quis autem et fugit. Laboriosam ex sed ipsum officiis suscipit. Blanditiis voluptatibus sed aut.', 0, '1982-07-24 12:21:52', '1995-12-11 10:37:40');
INSERT INTO `messages` (`id`, `from_user_id`, `to_user_id`, `txt`, `is_delivered`, `created_at`, `update_at`) VALUES ('226', '7', '84', 'Quis possimus aut quibusdam voluptatem consequatur ab dolores. Temporibus qui aperiam minima nihil dolorem eveniet quaerat. Aut blanditiis aperiam rem consequuntur fugiat minima. Eum autem ut corporis quam sapiente necessitatibus quas.', 0, '2018-12-16 16:54:32', '2000-11-02 12:36:48');
INSERT INTO `messages` (`id`, `from_user_id`, `to_user_id`, `txt`, `is_delivered`, `created_at`, `update_at`) VALUES ('227', '64', '97', 'Asperiores possimus omnis voluptatem quaerat nihil qui odit perspiciatis. Quasi animi non aut. Pariatur adipisci ea voluptatem dolor expedita.', 1, '1977-11-05 09:17:55', '1995-07-24 20:48:04');
INSERT INTO `messages` (`id`, `from_user_id`, `to_user_id`, `txt`, `is_delivered`, `created_at`, `update_at`) VALUES ('228', '10', '18', 'Mollitia officia quis vel qui laborum. Accusantium expedita incidunt adipisci natus. Earum cum ea assumenda eaque quas voluptas ullam qui. Quia ut nobis quaerat voluptatem voluptas pariatur nihil eaque.', 0, '1978-08-06 16:47:18', '2003-10-29 21:46:40');
INSERT INTO `messages` (`id`, `from_user_id`, `to_user_id`, `txt`, `is_delivered`, `created_at`, `update_at`) VALUES ('229', '58', '5', 'Omnis eaque accusantium quia rerum voluptate voluptatibus sunt. Veritatis aperiam rerum a.', 1, '2002-06-14 15:09:39', '1990-03-22 22:20:52');
INSERT INTO `messages` (`id`, `from_user_id`, `to_user_id`, `txt`, `is_delivered`, `created_at`, `update_at`) VALUES ('230', '11', '34', 'Enim culpa officia autem voluptatem. Sint voluptatibus consequuntur debitis quos tenetur. Fuga iusto dolorem ut qui ratione. Qui voluptatem occaecati saepe aliquam.', 0, '2014-03-07 17:36:29', '1979-12-07 19:59:14');
INSERT INTO `messages` (`id`, `from_user_id`, `to_user_id`, `txt`, `is_delivered`, `created_at`, `update_at`) VALUES ('231', '32', '68', 'Id non eum aut consequatur maxime est inventore dignissimos. Atque corporis magni beatae quia voluptas tenetur modi aut. Ullam odio numquam totam nulla est commodi dicta.', 1, '1976-10-18 13:48:42', '2016-03-18 17:46:44');
INSERT INTO `messages` (`id`, `from_user_id`, `to_user_id`, `txt`, `is_delivered`, `created_at`, `update_at`) VALUES ('232', '7', '78', 'Qui quas consectetur itaque voluptate at. Aut mollitia repellat vitae nisi sequi. Non qui ex dolores nisi.', 0, '2011-03-27 00:13:58', '1999-09-25 03:08:46');
INSERT INTO `messages` (`id`, `from_user_id`, `to_user_id`, `txt`, `is_delivered`, `created_at`, `update_at`) VALUES ('233', '41', '12', 'Nihil aut dicta culpa sunt ipsam est blanditiis. Earum ratione rerum dolore non quis aut pariatur. Exercitationem incidunt sit dolores dignissimos dicta. Aut officiis voluptate et in deserunt id.', 0, '2007-11-15 10:36:43', '2009-05-07 06:49:17');
INSERT INTO `messages` (`id`, `from_user_id`, `to_user_id`, `txt`, `is_delivered`, `created_at`, `update_at`) VALUES ('234', '48', '37', 'Molestiae iure ut nesciunt veritatis vitae saepe sed. Consectetur architecto quia doloribus expedita praesentium aperiam. Atque quos natus dolor.', 1, '1996-05-17 09:33:06', '2014-10-22 01:44:50');
INSERT INTO `messages` (`id`, `from_user_id`, `to_user_id`, `txt`, `is_delivered`, `created_at`, `update_at`) VALUES ('235', '31', '54', 'Minima aperiam occaecati consectetur voluptate iure distinctio. Neque temporibus deleniti in amet. Est quo inventore inventore omnis dolorem adipisci quis.', 0, '1984-01-11 09:29:37', '2005-08-30 14:52:40');
INSERT INTO `messages` (`id`, `from_user_id`, `to_user_id`, `txt`, `is_delivered`, `created_at`, `update_at`) VALUES ('236', '48', '14', 'Molestias incidunt hic vel et cum velit. Temporibus sit id dolorem ullam vel placeat ad.', 0, '1982-04-25 22:37:24', '2006-07-16 10:56:10');
INSERT INTO `messages` (`id`, `from_user_id`, `to_user_id`, `txt`, `is_delivered`, `created_at`, `update_at`) VALUES ('237', '98', '49', 'Totam asperiores alias eveniet amet non totam repellendus. Ut quos eum veritatis ut repellendus vel expedita. Occaecati exercitationem non temporibus.', 0, '2000-10-31 19:09:49', '1978-11-14 01:08:02');
INSERT INTO `messages` (`id`, `from_user_id`, `to_user_id`, `txt`, `is_delivered`, `created_at`, `update_at`) VALUES ('238', '46', '55', 'Voluptas et est et est facere et. Tenetur quod quia quia. Incidunt veniam nihil error. Dolores eum similique non illo. Enim eaque eveniet vel quia molestiae rerum ut.', 1, '2005-11-11 05:15:34', '2003-08-03 05:24:12');
INSERT INTO `messages` (`id`, `from_user_id`, `to_user_id`, `txt`, `is_delivered`, `created_at`, `update_at`) VALUES ('239', '76', '5', 'Sed consequatur et mollitia alias. Sed animi cumque sunt laudantium sint. Commodi nisi explicabo corrupti itaque vero dolorem eveniet. Beatae sit maiores doloremque qui aut sapiente.', 0, '1972-04-03 08:20:49', '2014-12-17 16:29:51');
INSERT INTO `messages` (`id`, `from_user_id`, `to_user_id`, `txt`, `is_delivered`, `created_at`, `update_at`) VALUES ('240', '30', '71', 'Ut explicabo rerum inventore. Delectus eius distinctio et nisi et qui deserunt. Nulla incidunt quam qui quis. Autem vero sequi dolorum aperiam et dolore. Dolores numquam reprehenderit minus itaque illum molestias eligendi.', 0, '1975-08-26 15:57:23', '1976-10-19 08:01:44');
INSERT INTO `messages` (`id`, `from_user_id`, `to_user_id`, `txt`, `is_delivered`, `created_at`, `update_at`) VALUES ('241', '41', '36', 'Rerum harum doloremque sint eos occaecati. Laudantium et dolores veniam et hic non. Id quas labore neque quia laborum vero sed.', 0, '2018-04-17 10:25:57', '2013-04-26 06:51:10');
INSERT INTO `messages` (`id`, `from_user_id`, `to_user_id`, `txt`, `is_delivered`, `created_at`, `update_at`) VALUES ('242', '55', '4', 'Distinctio reiciendis necessitatibus nostrum et. Cumque aut ut cupiditate quisquam perferendis consectetur. Et eveniet modi aspernatur est quia tenetur.', 1, '1983-11-09 10:06:12', '1982-02-27 00:22:37');
INSERT INTO `messages` (`id`, `from_user_id`, `to_user_id`, `txt`, `is_delivered`, `created_at`, `update_at`) VALUES ('243', '32', '64', 'Quis magnam aliquid et aut architecto aspernatur. Et doloribus itaque sint. Voluptatum laborum incidunt nisi aliquid tempora quia est et. Voluptas omnis perspiciatis magni facilis. Qui dolorem natus consequatur libero.', 0, '2004-02-16 04:58:27', '1979-09-13 16:39:10');
INSERT INTO `messages` (`id`, `from_user_id`, `to_user_id`, `txt`, `is_delivered`, `created_at`, `update_at`) VALUES ('244', '22', '90', 'Dicta eligendi maxime ea voluptatem in ut. Modi neque recusandae assumenda quas impedit saepe impedit. Deserunt ipsam accusantium doloribus eum impedit et. A a tempora ut enim nihil natus.', 0, '2019-03-03 18:27:02', '1971-12-11 12:24:48');
INSERT INTO `messages` (`id`, `from_user_id`, `to_user_id`, `txt`, `is_delivered`, `created_at`, `update_at`) VALUES ('245', '69', '32', 'Nisi est quidem magni. Aspernatur consectetur occaecati fuga. Exercitationem enim officiis unde vitae sit in illo. Dolor omnis quis et saepe pariatur et debitis atque.', 0, '1972-01-17 13:51:20', '2018-03-11 04:17:22');
INSERT INTO `messages` (`id`, `from_user_id`, `to_user_id`, `txt`, `is_delivered`, `created_at`, `update_at`) VALUES ('246', '24', '100', 'In ut molestiae blanditiis enim tempore pariatur consequatur. Iure quis quae libero ut porro non. Tempore quae vero fuga.', 0, '1981-10-29 00:23:05', '2016-08-03 16:36:58');
INSERT INTO `messages` (`id`, `from_user_id`, `to_user_id`, `txt`, `is_delivered`, `created_at`, `update_at`) VALUES ('247', '100', '30', 'Eius et omnis sunt inventore dicta incidunt. Nobis earum velit omnis est sint. Qui assumenda vero ipsa aut commodi sunt. Vero eos iste nihil ut.', 1, '1995-04-09 23:13:57', '2010-02-23 17:34:30');
INSERT INTO `messages` (`id`, `from_user_id`, `to_user_id`, `txt`, `is_delivered`, `created_at`, `update_at`) VALUES ('248', '78', '40', 'Distinctio consequatur eaque fuga voluptas. Ut voluptatem quam quia voluptatem natus. Excepturi voluptatem consequatur reprehenderit optio sint aspernatur. Sint non et reprehenderit voluptate.', 0, '1974-11-09 14:27:14', '2008-10-04 12:11:09');
INSERT INTO `messages` (`id`, `from_user_id`, `to_user_id`, `txt`, `is_delivered`, `created_at`, `update_at`) VALUES ('249', '42', '25', 'Repellendus voluptas voluptas deleniti et dolore non facere qui. Quis cum voluptatibus soluta corrupti doloremque commodi eveniet. Optio sequi deleniti et sit sit nulla. Adipisci nihil itaque atque dolore est voluptas laborum dicta.', 1, '1987-04-14 09:36:02', '1988-07-27 20:01:52');
INSERT INTO `messages` (`id`, `from_user_id`, `to_user_id`, `txt`, `is_delivered`, `created_at`, `update_at`) VALUES ('250', '76', '72', 'Nulla ea veritatis quasi qui vel. Culpa quaerat ipsum quo velit debitis. A aut a dolorum voluptatem sint omnis eos voluptas. Iste non officia laudantium nesciunt.', 1, '2016-02-15 19:45:54', '2020-11-19 00:49:18');
INSERT INTO `messages` (`id`, `from_user_id`, `to_user_id`, `txt`, `is_delivered`, `created_at`, `update_at`) VALUES ('251', '79', '24', 'Sequi optio aut laudantium et saepe voluptatem. Quia quo et voluptatem sit. Aliquam qui perspiciatis ut. Fugit laudantium optio dolore sit id fugiat maiores.', 1, '1994-03-09 00:58:38', '1984-09-25 10:40:39');
INSERT INTO `messages` (`id`, `from_user_id`, `to_user_id`, `txt`, `is_delivered`, `created_at`, `update_at`) VALUES ('252', '85', '76', 'Ut laborum omnis nulla ut doloribus aut. Qui doloremque in rerum aut sit vel ducimus. Illum sit repudiandae excepturi reiciendis aut.', 0, '2010-08-11 14:12:02', '2021-01-30 21:34:29');
INSERT INTO `messages` (`id`, `from_user_id`, `to_user_id`, `txt`, `is_delivered`, `created_at`, `update_at`) VALUES ('253', '73', '30', 'Et dicta velit repellat. Et nesciunt deserunt saepe. Aut maiores sed similique.', 0, '2021-06-26 17:08:02', '1974-09-21 05:21:46');
INSERT INTO `messages` (`id`, `from_user_id`, `to_user_id`, `txt`, `is_delivered`, `created_at`, `update_at`) VALUES ('254', '30', '49', 'Illum qui id ex. Aliquid dolorem provident laboriosam. Voluptates repellat error et quia laborum.', 0, '2003-10-15 04:59:03', '1992-02-13 20:41:53');
INSERT INTO `messages` (`id`, `from_user_id`, `to_user_id`, `txt`, `is_delivered`, `created_at`, `update_at`) VALUES ('255', '35', '59', 'Unde numquam voluptatem voluptates pariatur nobis ad. Sapiente qui enim perspiciatis enim a. Voluptatum quis possimus quia ad.', 1, '1976-08-24 01:31:57', '2006-10-08 20:06:56');
INSERT INTO `messages` (`id`, `from_user_id`, `to_user_id`, `txt`, `is_delivered`, `created_at`, `update_at`) VALUES ('256', '19', '75', 'Assumenda est dicta minima id asperiores quos. Quasi est nisi doloremque laboriosam ea. Consequatur excepturi et veritatis sit quos. Iste repellat fugit consectetur dolor.', 0, '2001-05-02 20:58:28', '1988-08-26 20:15:27');
INSERT INTO `messages` (`id`, `from_user_id`, `to_user_id`, `txt`, `is_delivered`, `created_at`, `update_at`) VALUES ('257', '95', '73', 'Repudiandae qui dolorum voluptate libero excepturi. Fugiat ut inventore et est reprehenderit dolore sed. Eius nulla animi autem aut ullam.', 1, '1975-08-13 10:02:44', '2010-01-04 13:57:18');
INSERT INTO `messages` (`id`, `from_user_id`, `to_user_id`, `txt`, `is_delivered`, `created_at`, `update_at`) VALUES ('258', '79', '27', 'Ad culpa harum quidem ut et autem. Beatae quidem laudantium aliquid cumque. Qui voluptas cumque velit temporibus minima aspernatur quisquam.', 1, '1982-02-15 13:39:38', '2020-07-17 07:02:52');
INSERT INTO `messages` (`id`, `from_user_id`, `to_user_id`, `txt`, `is_delivered`, `created_at`, `update_at`) VALUES ('259', '37', '100', 'Fugiat ratione consequuntur eos quas qui autem est sed. Magni nesciunt ipsa voluptas. Est ullam quod quis dolorem labore deleniti sed.', 0, '2015-10-26 12:58:43', '1999-04-10 11:36:50');
INSERT INTO `messages` (`id`, `from_user_id`, `to_user_id`, `txt`, `is_delivered`, `created_at`, `update_at`) VALUES ('260', '16', '5', 'Reiciendis id et illum ad repellat necessitatibus. Voluptatibus debitis occaecati quibusdam et. Perspiciatis molestiae sint ipsam vitae veritatis porro inventore.', 0, '1974-10-13 19:18:08', '2021-03-04 18:52:15');
INSERT INTO `messages` (`id`, `from_user_id`, `to_user_id`, `txt`, `is_delivered`, `created_at`, `update_at`) VALUES ('261', '32', '39', 'Laudantium distinctio excepturi pariatur. Odit perferendis facilis expedita eum quia voluptatibus omnis consectetur. Corrupti temporibus at reiciendis aperiam ad numquam voluptate.', 1, '1975-07-26 16:00:30', '1978-12-18 18:36:18');
INSERT INTO `messages` (`id`, `from_user_id`, `to_user_id`, `txt`, `is_delivered`, `created_at`, `update_at`) VALUES ('262', '5', '31', 'Excepturi aut labore assumenda. Doloremque non et vel voluptas voluptatem dolores magnam. Et sint harum ipsum impedit. Ipsa est sit nemo adipisci consequatur nam. Natus illum consequatur est quaerat.', 1, '2010-10-23 05:16:43', '1990-06-25 14:40:49');
INSERT INTO `messages` (`id`, `from_user_id`, `to_user_id`, `txt`, `is_delivered`, `created_at`, `update_at`) VALUES ('263', '69', '82', 'Quaerat eos hic dolores quo. Nihil sint est ut tenetur sed. Facilis ipsum placeat beatae ea est.', 0, '2004-06-17 22:08:27', '2006-08-24 19:16:13');
INSERT INTO `messages` (`id`, `from_user_id`, `to_user_id`, `txt`, `is_delivered`, `created_at`, `update_at`) VALUES ('264', '71', '10', 'Consequatur occaecati qui quis quidem in ut facilis culpa. Qui minus sit aspernatur cum non. Ut ratione dolores nam qui quia. Consectetur et quia maxime rem.', 0, '1999-12-31 22:41:59', '1986-07-22 00:30:55');
INSERT INTO `messages` (`id`, `from_user_id`, `to_user_id`, `txt`, `is_delivered`, `created_at`, `update_at`) VALUES ('265', '7', '46', 'A maiores vero perferendis. Cupiditate consequatur reiciendis autem et corrupti quia ut. Perspiciatis atque aut aut consectetur quam ut quas quis. Suscipit odio debitis eum officiis.', 0, '1987-06-15 03:44:46', '1989-02-15 21:06:40');
INSERT INTO `messages` (`id`, `from_user_id`, `to_user_id`, `txt`, `is_delivered`, `created_at`, `update_at`) VALUES ('266', '81', '85', 'In esse ad dolorem sapiente. Voluptatum quibusdam quisquam dolores quos expedita consequuntur. Veniam nam necessitatibus deleniti quia voluptate quaerat. Et quam distinctio dolorem voluptatem.', 1, '2010-07-22 20:44:09', '1981-04-08 17:47:39');
INSERT INTO `messages` (`id`, `from_user_id`, `to_user_id`, `txt`, `is_delivered`, `created_at`, `update_at`) VALUES ('267', '70', '66', 'Praesentium doloribus voluptatum commodi hic corporis aspernatur. Nostrum et eaque eius debitis nulla architecto similique. Est tempore blanditiis repellendus consequatur. Quidem nulla dolores dolores nostrum veniam ullam iure.', 1, '1978-01-02 11:24:59', '1999-02-09 16:22:31');
INSERT INTO `messages` (`id`, `from_user_id`, `to_user_id`, `txt`, `is_delivered`, `created_at`, `update_at`) VALUES ('268', '60', '42', 'Est a excepturi voluptatem aliquid. Voluptatem provident soluta expedita dolores quos alias. Esse ex ut natus.', 0, '1990-05-07 15:02:01', '1979-04-19 01:40:07');
INSERT INTO `messages` (`id`, `from_user_id`, `to_user_id`, `txt`, `is_delivered`, `created_at`, `update_at`) VALUES ('269', '95', '90', 'Autem magnam quia sed maxime ut eum sapiente. Repellendus rem aliquid id. Odio et quam nemo earum tenetur.', 0, '2005-03-15 22:14:27', '1988-04-13 02:02:48');
INSERT INTO `messages` (`id`, `from_user_id`, `to_user_id`, `txt`, `is_delivered`, `created_at`, `update_at`) VALUES ('270', '90', '30', 'Neque nobis ut ut laboriosam iusto pariatur eum. Nam ipsa harum ut eaque quidem. Odit deleniti minus et voluptatem omnis et. Vero nemo soluta quibusdam voluptatem explicabo a. Nihil sequi impedit quae quo maxime enim.', 1, '1970-02-19 02:12:42', '1979-01-01 18:22:51');
INSERT INTO `messages` (`id`, `from_user_id`, `to_user_id`, `txt`, `is_delivered`, `created_at`, `update_at`) VALUES ('271', '49', '9', 'Et veritatis nihil sit. Atque magnam est qui impedit accusantium perspiciatis. Debitis qui rerum dolores sint eveniet incidunt. Laboriosam iure modi quaerat sunt.', 0, '2016-06-23 11:09:56', '1983-08-19 22:22:19');
INSERT INTO `messages` (`id`, `from_user_id`, `to_user_id`, `txt`, `is_delivered`, `created_at`, `update_at`) VALUES ('272', '4', '43', 'Quia molestiae et reiciendis et labore iure est. Magni itaque maxime rerum inventore sit error voluptatum. Et fugit voluptas sunt et magni perspiciatis voluptatem. Expedita itaque ab et mollitia. Veniam consequatur quam facilis doloremque quo sit.', 0, '2006-06-13 09:44:50', '2014-12-15 01:56:58');
INSERT INTO `messages` (`id`, `from_user_id`, `to_user_id`, `txt`, `is_delivered`, `created_at`, `update_at`) VALUES ('273', '82', '83', 'Veniam veniam et aut incidunt porro. Accusantium aspernatur aut sed debitis. Quas dolores qui accusantium unde sed nostrum.', 0, '1974-10-23 01:50:54', '2004-11-17 06:43:17');
INSERT INTO `messages` (`id`, `from_user_id`, `to_user_id`, `txt`, `is_delivered`, `created_at`, `update_at`) VALUES ('274', '69', '18', 'Quidem eligendi qui architecto quisquam totam quia suscipit. Sint rem perspiciatis qui ut et rerum et. A non labore suscipit reprehenderit eligendi ut.', 1, '2002-04-05 09:13:35', '2004-06-06 10:30:30');
INSERT INTO `messages` (`id`, `from_user_id`, `to_user_id`, `txt`, `is_delivered`, `created_at`, `update_at`) VALUES ('275', '82', '85', 'Aspernatur sunt et vitae totam ad dolor nostrum. Perspiciatis atque vel impedit pariatur cum fugiat quibusdam. Voluptates repellat ad excepturi necessitatibus temporibus molestiae ab sapiente. Molestiae placeat officiis omnis ut nemo natus dicta.', 0, '1984-08-31 07:45:08', '1994-09-19 03:31:06');
INSERT INTO `messages` (`id`, `from_user_id`, `to_user_id`, `txt`, `is_delivered`, `created_at`, `update_at`) VALUES ('276', '23', '14', 'Sit molestiae dolor aliquid quis inventore deserunt. Debitis at non provident provident dignissimos reprehenderit aliquid. Eos et sed repellat voluptas id. Sed assumenda voluptatem eius quisquam aut quidem quo. Itaque repudiandae a odio.', 0, '2019-06-14 00:54:56', '1998-06-12 23:40:21');
INSERT INTO `messages` (`id`, `from_user_id`, `to_user_id`, `txt`, `is_delivered`, `created_at`, `update_at`) VALUES ('277', '24', '28', 'Eligendi fuga dolorem magni fuga. Voluptas minus dicta vitae labore temporibus ullam earum.', 0, '1970-11-29 08:30:37', '2007-01-13 05:59:07');
INSERT INTO `messages` (`id`, `from_user_id`, `to_user_id`, `txt`, `is_delivered`, `created_at`, `update_at`) VALUES ('278', '45', '92', 'Et qui deleniti quidem ullam tenetur voluptate in. Aut voluptas aperiam qui consequatur aliquam reprehenderit. Aut tempore qui neque ut dolorum eligendi. Expedita culpa cum est pariatur voluptatum voluptatibus architecto. Neque aut ut sit rerum doloribus magnam temporibus.', 1, '1984-03-13 05:17:44', '2015-11-07 09:56:39');
INSERT INTO `messages` (`id`, `from_user_id`, `to_user_id`, `txt`, `is_delivered`, `created_at`, `update_at`) VALUES ('279', '10', '15', 'Fugit quis et dolor quis est eius iure. Suscipit id eum praesentium possimus.', 1, '2001-05-24 21:47:00', '2003-03-01 08:14:52');
INSERT INTO `messages` (`id`, `from_user_id`, `to_user_id`, `txt`, `is_delivered`, `created_at`, `update_at`) VALUES ('280', '2', '16', 'Nobis voluptates vel aut incidunt ut non. Cupiditate laudantium dolorum quis et qui eum doloribus. Soluta nam enim nobis iure doloribus tempora.', 1, '2008-07-16 19:25:20', '1982-01-04 22:32:41');
INSERT INTO `messages` (`id`, `from_user_id`, `to_user_id`, `txt`, `is_delivered`, `created_at`, `update_at`) VALUES ('281', '61', '82', 'Culpa illum similique est recusandae. Rerum iure et aut doloribus. Qui ut quis dolore et consequatur et quia.', 1, '1976-09-08 15:12:40', '2013-09-26 15:39:27');
INSERT INTO `messages` (`id`, `from_user_id`, `to_user_id`, `txt`, `is_delivered`, `created_at`, `update_at`) VALUES ('282', '1', '30', 'Non cupiditate omnis vero quidem eos. Sit ut explicabo et molestiae. Autem magnam voluptas iusto qui numquam iure. Ut qui cupiditate aspernatur ad aut.', 0, '1972-05-14 20:25:27', '2020-06-29 15:15:24');
INSERT INTO `messages` (`id`, `from_user_id`, `to_user_id`, `txt`, `is_delivered`, `created_at`, `update_at`) VALUES ('283', '47', '61', 'Ipsam quod reiciendis et et cum recusandae saepe. Quo non atque placeat est laborum ducimus. Aut accusamus voluptatum aut explicabo.', 0, '1994-01-28 11:32:22', '2007-01-13 05:31:16');
INSERT INTO `messages` (`id`, `from_user_id`, `to_user_id`, `txt`, `is_delivered`, `created_at`, `update_at`) VALUES ('284', '72', '42', 'Earum eaque ducimus quisquam dolores. Velit ratione cupiditate nostrum ea atque. Vel nobis aliquam aliquam eius deserunt.', 0, '1977-03-24 15:14:15', '2003-06-19 23:42:23');
INSERT INTO `messages` (`id`, `from_user_id`, `to_user_id`, `txt`, `is_delivered`, `created_at`, `update_at`) VALUES ('285', '51', '62', 'Commodi possimus et sed aperiam. Labore in repudiandae dolor vitae qui. Nihil pariatur laudantium itaque officia repellendus ex qui voluptatem.', 1, '2005-08-04 06:02:18', '1983-05-29 19:30:45');
INSERT INTO `messages` (`id`, `from_user_id`, `to_user_id`, `txt`, `is_delivered`, `created_at`, `update_at`) VALUES ('286', '72', '99', 'Quidem sapiente laboriosam aperiam in. Magni aut sapiente quibusdam magni perferendis ad.', 1, '2019-07-15 01:41:26', '1986-11-20 18:42:17');
INSERT INTO `messages` (`id`, `from_user_id`, `to_user_id`, `txt`, `is_delivered`, `created_at`, `update_at`) VALUES ('287', '70', '76', 'Est id voluptatem incidunt ut aperiam eaque veniam. Iure totam possimus et aut ad unde enim. Iusto dolor temporibus assumenda saepe laborum. Rem molestiae sapiente ab.', 0, '1987-05-25 07:55:38', '2005-08-05 12:11:32');
INSERT INTO `messages` (`id`, `from_user_id`, `to_user_id`, `txt`, `is_delivered`, `created_at`, `update_at`) VALUES ('288', '42', '52', 'Rem voluptas laboriosam quia magni quo. Voluptate vitae ratione perspiciatis accusamus ipsam. Nesciunt explicabo dolorem fugit cupiditate.', 0, '1972-04-10 13:52:13', '1973-06-22 21:53:44');
INSERT INTO `messages` (`id`, `from_user_id`, `to_user_id`, `txt`, `is_delivered`, `created_at`, `update_at`) VALUES ('289', '58', '11', 'Aspernatur impedit quis recusandae cupiditate tempore. Beatae suscipit et dolorum et odio laborum unde. Veritatis eius illum aut minus dolor assumenda possimus. Mollitia rerum necessitatibus nostrum quia nihil.', 1, '1998-11-16 00:54:20', '2019-08-11 11:46:59');
INSERT INTO `messages` (`id`, `from_user_id`, `to_user_id`, `txt`, `is_delivered`, `created_at`, `update_at`) VALUES ('290', '70', '40', 'Velit corrupti eius dignissimos aut nobis quibusdam. Unde perspiciatis laboriosam quia accusamus distinctio debitis. Consequuntur doloribus ducimus sint facere est temporibus. Eum quia sapiente quos vitae amet non ut maxime.', 0, '2012-12-13 16:51:56', '2005-09-25 07:39:06');
INSERT INTO `messages` (`id`, `from_user_id`, `to_user_id`, `txt`, `is_delivered`, `created_at`, `update_at`) VALUES ('291', '95', '92', 'Quia adipisci maxime voluptas aut quia. Non incidunt eligendi aut nihil et. Voluptatem qui eligendi velit quidem ex in.', 0, '1975-06-21 09:08:39', '1987-04-03 20:13:50');
INSERT INTO `messages` (`id`, `from_user_id`, `to_user_id`, `txt`, `is_delivered`, `created_at`, `update_at`) VALUES ('292', '53', '19', 'Quaerat odio perferendis voluptatum eius. Vel eius ut quia cupiditate laborum. Earum corrupti quasi perferendis omnis officia molestiae. Quaerat perferendis doloribus doloribus.', 1, '1999-06-08 18:12:51', '1985-07-21 19:09:03');
INSERT INTO `messages` (`id`, `from_user_id`, `to_user_id`, `txt`, `is_delivered`, `created_at`, `update_at`) VALUES ('293', '20', '97', 'Explicabo non eum alias laborum maiores atque aperiam id. Autem magni rerum et qui fugit. Dicta autem libero quos dicta. Nostrum quas perferendis nihil quis officiis quam.', 1, '2014-11-07 18:54:01', '1990-02-10 10:31:05');
INSERT INTO `messages` (`id`, `from_user_id`, `to_user_id`, `txt`, `is_delivered`, `created_at`, `update_at`) VALUES ('294', '10', '29', 'Voluptatibus iure incidunt impedit iste eius doloremque. Dignissimos delectus esse placeat distinctio.', 1, '1986-06-18 15:16:11', '1984-03-24 12:09:49');
INSERT INTO `messages` (`id`, `from_user_id`, `to_user_id`, `txt`, `is_delivered`, `created_at`, `update_at`) VALUES ('295', '12', '12', 'Inventore esse veritatis repellendus ut. Ad sint temporibus laudantium. Vero voluptatum et vero aliquid distinctio. Laboriosam facere ullam totam ad ratione.', 1, '2018-10-12 22:49:00', '2005-02-22 18:04:42');
INSERT INTO `messages` (`id`, `from_user_id`, `to_user_id`, `txt`, `is_delivered`, `created_at`, `update_at`) VALUES ('296', '45', '72', 'Error non laboriosam incidunt autem architecto suscipit. Expedita architecto enim animi similique reprehenderit accusantium consequatur. Minima dignissimos voluptates ullam enim natus exercitationem. Enim dolorum repellendus quaerat officia.', 0, '1995-07-27 11:23:33', '2017-06-27 12:09:11');
INSERT INTO `messages` (`id`, `from_user_id`, `to_user_id`, `txt`, `is_delivered`, `created_at`, `update_at`) VALUES ('297', '93', '45', 'Excepturi nemo illum magnam optio quia. Quasi nihil qui aliquid minus. Molestiae possimus necessitatibus repellat qui debitis.', 1, '1981-11-19 20:16:36', '2008-05-05 13:49:02');
INSERT INTO `messages` (`id`, `from_user_id`, `to_user_id`, `txt`, `is_delivered`, `created_at`, `update_at`) VALUES ('298', '1', '40', 'Pariatur aperiam distinctio ducimus reprehenderit excepturi aliquam repudiandae. Tempora nihil eum in possimus voluptatibus veritatis. Dolores consequuntur dolores nihil eveniet in.', 0, '2019-06-12 01:32:27', '1984-10-16 07:37:14');
INSERT INTO `messages` (`id`, `from_user_id`, `to_user_id`, `txt`, `is_delivered`, `created_at`, `update_at`) VALUES ('299', '5', '73', 'Ut autem nesciunt aperiam quibusdam aspernatur. Aut similique odit nihil consequatur dolorem. Nulla numquam fugit quibusdam.', 1, '1976-03-27 00:13:27', '2003-04-09 19:32:14');
INSERT INTO `messages` (`id`, `from_user_id`, `to_user_id`, `txt`, `is_delivered`, `created_at`, `update_at`) VALUES ('300', '82', '56', 'Excepturi aut vel numquam iusto corporis consequuntur. Natus optio soluta asperiores. Beatae dolor porro laboriosam cumque praesentium.', 0, '1999-09-22 08:53:16', '1974-09-20 17:00:05');
INSERT INTO `messages` (`id`, `from_user_id`, `to_user_id`, `txt`, `is_delivered`, `created_at`, `update_at`) VALUES ('301', '34', '53', 'Sed deserunt sed ullam quam. Dolorem veniam consequuntur deleniti. Consectetur autem aut est consequuntur. Eaque consectetur dolorem aliquid a.', 0, '1997-03-09 14:35:50', '2015-09-13 06:39:18');
INSERT INTO `messages` (`id`, `from_user_id`, `to_user_id`, `txt`, `is_delivered`, `created_at`, `update_at`) VALUES ('302', '54', '4', 'Perspiciatis quas quo quisquam vel aspernatur cum reprehenderit. Unde eum est voluptatem. Quibusdam quibusdam voluptatem minima natus doloremque est voluptas. Aut quisquam doloribus aut et doloremque quibusdam.', 0, '1970-11-04 06:07:10', '1981-10-30 14:12:19');
INSERT INTO `messages` (`id`, `from_user_id`, `to_user_id`, `txt`, `is_delivered`, `created_at`, `update_at`) VALUES ('303', '29', '96', 'Sed quia culpa voluptas quo. Rem doloribus aut non consequatur perferendis. Aut inventore molestiae porro mollitia.', 0, '2011-01-25 16:03:21', '1983-05-03 16:39:12');
INSERT INTO `messages` (`id`, `from_user_id`, `to_user_id`, `txt`, `is_delivered`, `created_at`, `update_at`) VALUES ('304', '55', '86', 'Est officiis voluptatem et est id quis. Aspernatur quo repellat quo suscipit tempora veritatis. Fugit rerum repudiandae harum et.', 1, '2012-04-24 00:43:00', '2007-08-21 12:42:18');
INSERT INTO `messages` (`id`, `from_user_id`, `to_user_id`, `txt`, `is_delivered`, `created_at`, `update_at`) VALUES ('305', '6', '24', 'Cum labore recusandae cum id. Accusantium et ad quia quis odio voluptas et. Maxime dicta occaecati accusamus exercitationem qui ut consequatur. Cumque dolorum molestiae nisi eaque a perspiciatis cum aut.', 1, '1973-05-31 14:18:08', '2006-06-21 07:30:54');
INSERT INTO `messages` (`id`, `from_user_id`, `to_user_id`, `txt`, `is_delivered`, `created_at`, `update_at`) VALUES ('306', '26', '1', 'Enim libero recusandae sint porro. Quisquam ullam consectetur laborum dolores nesciunt vitae. Velit commodi dolore corrupti ut.', 1, '1990-06-10 04:59:36', '1996-12-18 11:14:57');
INSERT INTO `messages` (`id`, `from_user_id`, `to_user_id`, `txt`, `is_delivered`, `created_at`, `update_at`) VALUES ('307', '16', '79', 'Qui facilis ut modi nihil. Delectus nostrum eos sapiente quam minus quisquam. Optio vel tempore quae aspernatur.', 1, '2003-05-31 16:19:07', '2021-05-20 14:06:02');
INSERT INTO `messages` (`id`, `from_user_id`, `to_user_id`, `txt`, `is_delivered`, `created_at`, `update_at`) VALUES ('308', '19', '35', 'Dolore et quo maiores voluptas odio officia quis. Voluptatem et veniam nisi velit eos. Placeat occaecati minima magnam et asperiores adipisci consequuntur.', 0, '2004-06-16 10:13:33', '2020-11-18 07:42:19');
INSERT INTO `messages` (`id`, `from_user_id`, `to_user_id`, `txt`, `is_delivered`, `created_at`, `update_at`) VALUES ('309', '75', '29', 'Aliquam quibusdam officiis officiis esse doloremque culpa. Ea fugiat sit corporis saepe quae qui. Voluptatum optio esse consequatur amet ut. Est omnis laborum omnis dicta consequatur.', 1, '2011-07-29 05:01:25', '1981-12-07 19:14:28');
INSERT INTO `messages` (`id`, `from_user_id`, `to_user_id`, `txt`, `is_delivered`, `created_at`, `update_at`) VALUES ('310', '63', '87', 'Aspernatur earum quae dolor. Sit saepe quis nihil delectus velit maiores.', 0, '1990-05-09 00:50:00', '1995-05-02 20:15:25');
INSERT INTO `messages` (`id`, `from_user_id`, `to_user_id`, `txt`, `is_delivered`, `created_at`, `update_at`) VALUES ('311', '40', '7', 'Blanditiis tenetur expedita alias eos. Occaecati distinctio nobis quidem voluptatem et illum. Praesentium ut perspiciatis consequatur ab.', 0, '1977-02-03 02:24:26', '2007-12-10 16:58:29');
INSERT INTO `messages` (`id`, `from_user_id`, `to_user_id`, `txt`, `is_delivered`, `created_at`, `update_at`) VALUES ('312', '58', '33', 'Eligendi molestiae excepturi dolor ducimus sint. Et officia eaque itaque dicta. Libero doloremque sint nobis debitis vel. Iste doloribus officiis quaerat vitae.', 0, '2003-11-22 03:38:10', '1974-01-01 17:07:17');
INSERT INTO `messages` (`id`, `from_user_id`, `to_user_id`, `txt`, `is_delivered`, `created_at`, `update_at`) VALUES ('313', '52', '59', 'Iusto cupiditate est sint a non blanditiis. Sit ipsam vitae repudiandae sed nihil consectetur. Rerum fugiat voluptates eaque consequatur facere. Nostrum voluptatem culpa et dolor voluptas.', 1, '2018-07-16 02:34:21', '1990-12-26 01:26:49');
INSERT INTO `messages` (`id`, `from_user_id`, `to_user_id`, `txt`, `is_delivered`, `created_at`, `update_at`) VALUES ('314', '73', '57', 'Debitis voluptatem odio expedita. Totam nam rem tempore atque perferendis nesciunt qui est. Itaque explicabo non dolore ad et. Voluptatem cupiditate non ut et.', 0, '1973-12-10 15:00:47', '1991-11-25 16:11:14');
INSERT INTO `messages` (`id`, `from_user_id`, `to_user_id`, `txt`, `is_delivered`, `created_at`, `update_at`) VALUES ('315', '31', '54', 'Voluptatem id fugiat rerum libero quisquam aperiam quasi quia. Et ut nemo qui ut modi. Est qui molestias doloremque odio sed aut.', 1, '1987-07-27 02:41:30', '1997-09-22 21:07:37');
INSERT INTO `messages` (`id`, `from_user_id`, `to_user_id`, `txt`, `is_delivered`, `created_at`, `update_at`) VALUES ('316', '12', '65', 'Non veritatis placeat ut eum doloribus voluptatibus quidem. Quia corrupti libero non enim repudiandae modi omnis id. Error labore repellendus repellendus minima. Animi error architecto dolores dolore.', 1, '2014-04-02 06:45:59', '2015-01-06 21:06:17');
INSERT INTO `messages` (`id`, `from_user_id`, `to_user_id`, `txt`, `is_delivered`, `created_at`, `update_at`) VALUES ('317', '7', '66', 'Qui inventore necessitatibus porro ea quia. Qui voluptatem et saepe provident ullam vero incidunt. Non reiciendis provident et provident illo illum.', 0, '1984-01-04 19:41:18', '1996-11-11 06:05:55');
INSERT INTO `messages` (`id`, `from_user_id`, `to_user_id`, `txt`, `is_delivered`, `created_at`, `update_at`) VALUES ('318', '68', '36', 'Maxime non beatae iusto velit reprehenderit est. A vel fugiat in voluptatem dicta deserunt consequuntur. Unde quibusdam non eum quo provident corporis. Enim ut ratione atque.', 1, '2015-04-21 14:02:39', '2002-02-17 21:23:33');
INSERT INTO `messages` (`id`, `from_user_id`, `to_user_id`, `txt`, `is_delivered`, `created_at`, `update_at`) VALUES ('319', '61', '22', 'Suscipit est sunt in placeat quibusdam architecto. Perferendis et iste quis ad corporis amet. Tempore suscipit praesentium dolores ut numquam et voluptas perferendis. Id ea iusto assumenda blanditiis aliquid.', 0, '2019-10-29 05:49:20', '2017-03-16 08:22:27');
INSERT INTO `messages` (`id`, `from_user_id`, `to_user_id`, `txt`, `is_delivered`, `created_at`, `update_at`) VALUES ('320', '21', '66', 'Quam cupiditate itaque aliquid rerum fugiat. Eos qui sunt aut eveniet provident. Voluptas nostrum ea est molestiae aut consequatur quia id.', 0, '1983-07-10 16:44:28', '1982-03-08 10:02:03');
INSERT INTO `messages` (`id`, `from_user_id`, `to_user_id`, `txt`, `is_delivered`, `created_at`, `update_at`) VALUES ('321', '46', '46', 'Consectetur reiciendis amet maxime voluptas qui est veritatis. Consequatur nostrum saepe voluptatum natus. Sit dicta ut eos ipsum dolorum.', 1, '2014-07-04 01:59:58', '2009-09-11 04:20:00');
INSERT INTO `messages` (`id`, `from_user_id`, `to_user_id`, `txt`, `is_delivered`, `created_at`, `update_at`) VALUES ('322', '66', '61', 'Velit veniam ut in. Minus est ullam nulla neque ut. Recusandae consequatur consectetur ea et.', 0, '1979-03-18 21:05:10', '2005-02-23 16:05:36');
INSERT INTO `messages` (`id`, `from_user_id`, `to_user_id`, `txt`, `is_delivered`, `created_at`, `update_at`) VALUES ('323', '24', '84', 'Quaerat autem commodi autem ea cum in quam tenetur. Minus atque dolor consequuntur quia ullam in expedita. Quis ab maiores sed adipisci. Voluptatem nobis alias molestiae fuga quidem.', 1, '2003-03-28 21:35:09', '2004-01-01 10:37:30');
INSERT INTO `messages` (`id`, `from_user_id`, `to_user_id`, `txt`, `is_delivered`, `created_at`, `update_at`) VALUES ('324', '96', '99', 'Accusamus ducimus atque repellat. Nesciunt corrupti voluptate ut ullam quo voluptatem veniam. Totam soluta corporis neque sit iure molestiae inventore.', 0, '2013-07-08 17:09:30', '2007-10-27 22:28:39');
INSERT INTO `messages` (`id`, `from_user_id`, `to_user_id`, `txt`, `is_delivered`, `created_at`, `update_at`) VALUES ('325', '13', '58', 'Fugiat qui sed iure veniam omnis explicabo maiores aut. Unde dolor voluptatibus facere perferendis. Blanditiis rerum sapiente quod sunt voluptas non laudantium.', 1, '2016-08-08 13:11:33', '2011-10-02 04:17:07');
INSERT INTO `messages` (`id`, `from_user_id`, `to_user_id`, `txt`, `is_delivered`, `created_at`, `update_at`) VALUES ('326', '85', '52', 'Dolore et iste et quod doloremque dignissimos neque. Perferendis quidem officia repellendus rem iure. Rerum totam beatae quo numquam. Non voluptatibus incidunt quae aliquam tempore.', 1, '1977-09-04 20:55:38', '2018-01-13 22:17:04');
INSERT INTO `messages` (`id`, `from_user_id`, `to_user_id`, `txt`, `is_delivered`, `created_at`, `update_at`) VALUES ('327', '65', '43', 'Eaque ea voluptatem eos quis. Veritatis dolorum et voluptate consequatur nam ipsum. Recusandae similique et voluptates asperiores voluptates recusandae sed et. Velit porro veniam ipsa non ut facilis est.', 0, '1987-12-20 19:17:42', '2018-04-04 22:30:35');
INSERT INTO `messages` (`id`, `from_user_id`, `to_user_id`, `txt`, `is_delivered`, `created_at`, `update_at`) VALUES ('328', '84', '16', 'Aperiam magnam et ut praesentium. Ipsa nihil consequuntur pariatur voluptatem optio minus.', 0, '2015-04-08 03:51:36', '1984-01-12 02:29:55');
INSERT INTO `messages` (`id`, `from_user_id`, `to_user_id`, `txt`, `is_delivered`, `created_at`, `update_at`) VALUES ('329', '1', '56', 'Fugiat in et consequatur ratione laborum nostrum incidunt. Esse soluta iste ullam nulla ea repellendus. Dolorem neque quo minus necessitatibus.', 1, '1973-04-06 06:55:19', '1974-03-09 05:09:05');
INSERT INTO `messages` (`id`, `from_user_id`, `to_user_id`, `txt`, `is_delivered`, `created_at`, `update_at`) VALUES ('330', '73', '32', 'Sed nulla aspernatur nihil. Explicabo corrupti rerum est quisquam. Impedit est nisi sunt sed. Laboriosam est voluptatibus ex consectetur qui. Quod doloremque totam et labore.', 1, '2012-02-13 01:27:11', '2014-08-26 11:32:53');
INSERT INTO `messages` (`id`, `from_user_id`, `to_user_id`, `txt`, `is_delivered`, `created_at`, `update_at`) VALUES ('331', '10', '84', 'Perspiciatis illum dolore ex nam. Reprehenderit ullam magni laborum rerum fugit autem aliquid. Qui consectetur accusamus accusantium qui.', 0, '2006-03-05 07:44:10', '1993-09-25 02:25:47');
INSERT INTO `messages` (`id`, `from_user_id`, `to_user_id`, `txt`, `is_delivered`, `created_at`, `update_at`) VALUES ('332', '96', '17', 'Dolorum tenetur nihil fugit cumque alias quae. Hic non et animi et. Aut voluptatum ut omnis assumenda autem eos in. Reprehenderit quo maiores exercitationem tempora incidunt consequatur.', 1, '2006-10-31 09:38:24', '2000-02-17 09:58:57');
INSERT INTO `messages` (`id`, `from_user_id`, `to_user_id`, `txt`, `is_delivered`, `created_at`, `update_at`) VALUES ('333', '49', '63', 'Sit ut corporis voluptatum ipsum eos. Fuga natus pariatur ea quibusdam. Sequi vero labore ipsam quo et earum error. Ea omnis itaque reprehenderit rerum ipsam debitis. Quas placeat nihil laborum magni facere non.', 1, '1989-07-03 22:34:07', '1986-08-20 05:51:08');
INSERT INTO `messages` (`id`, `from_user_id`, `to_user_id`, `txt`, `is_delivered`, `created_at`, `update_at`) VALUES ('334', '52', '9', 'Optio rerum sunt quas earum consequatur nisi fugit. Enim porro a nobis quasi aliquid occaecati voluptatem harum.', 1, '2006-07-19 09:24:57', '2004-05-07 05:06:40');
INSERT INTO `messages` (`id`, `from_user_id`, `to_user_id`, `txt`, `is_delivered`, `created_at`, `update_at`) VALUES ('335', '84', '73', 'Non soluta omnis velit non qui consequuntur cupiditate. Libero porro tempore quia. Reiciendis repudiandae officiis est. Quasi modi enim suscipit corrupti nihil modi ipsa. Eum quaerat omnis id minima quis necessitatibus sed.', 0, '1992-10-23 10:43:11', '1983-11-26 08:24:27');
INSERT INTO `messages` (`id`, `from_user_id`, `to_user_id`, `txt`, `is_delivered`, `created_at`, `update_at`) VALUES ('336', '75', '30', 'Enim nisi distinctio omnis sed quos illum officiis. Id ducimus veniam impedit amet nemo quis fugit. Minima voluptate enim dolore deserunt nihil nesciunt consequatur et.', 0, '2011-01-14 07:12:12', '1978-09-27 03:05:38');
INSERT INTO `messages` (`id`, `from_user_id`, `to_user_id`, `txt`, `is_delivered`, `created_at`, `update_at`) VALUES ('337', '19', '41', 'Sit et odio sint impedit rerum. Aut laborum vitae sit facilis soluta voluptas. Velit provident autem explicabo quaerat ex in quia eum. Ex ut quidem nisi fugit corporis.', 1, '1987-07-28 16:21:38', '1976-07-21 16:13:53');
INSERT INTO `messages` (`id`, `from_user_id`, `to_user_id`, `txt`, `is_delivered`, `created_at`, `update_at`) VALUES ('338', '90', '43', 'Maiores eligendi qui et praesentium autem earum asperiores. Voluptas quis necessitatibus sequi molestiae non minima veritatis ex. Qui reprehenderit molestiae dolorem quia saepe est. Sit consequatur unde explicabo est quidem neque perferendis.', 0, '1986-07-21 11:12:30', '1989-11-18 19:18:47');
INSERT INTO `messages` (`id`, `from_user_id`, `to_user_id`, `txt`, `is_delivered`, `created_at`, `update_at`) VALUES ('339', '24', '85', 'Et qui consequatur mollitia laboriosam et eos sequi. Fuga ut aut optio facilis iure quos. Praesentium rerum architecto quae magnam voluptate. Quibusdam quia magnam corrupti laborum iste aut.', 1, '2016-09-23 19:10:13', '2021-01-16 09:43:58');
INSERT INTO `messages` (`id`, `from_user_id`, `to_user_id`, `txt`, `is_delivered`, `created_at`, `update_at`) VALUES ('340', '42', '37', 'Quaerat alias adipisci a possimus minus. Explicabo iste eum perspiciatis. Praesentium aut numquam autem eum delectus numquam. Ut commodi ullam tenetur labore harum dolores.', 1, '1995-04-20 12:31:44', '1977-05-05 02:14:50');
INSERT INTO `messages` (`id`, `from_user_id`, `to_user_id`, `txt`, `is_delivered`, `created_at`, `update_at`) VALUES ('341', '43', '27', 'Quas ex sint a molestias excepturi quia alias. Nihil libero quia et temporibus ut. Adipisci vero dolores commodi ipsum ipsum perspiciatis. Ad blanditiis recusandae voluptate voluptate. Dolorem ipsum delectus quia iste debitis neque ea quasi.', 0, '2012-04-26 11:40:15', '2007-05-14 00:12:20');
INSERT INTO `messages` (`id`, `from_user_id`, `to_user_id`, `txt`, `is_delivered`, `created_at`, `update_at`) VALUES ('342', '88', '8', 'Accusamus odio facere voluptas quis. Exercitationem nostrum illo aspernatur. Facilis earum nobis et porro laudantium enim adipisci.', 0, '1981-07-29 21:18:51', '2018-09-23 19:59:44');
INSERT INTO `messages` (`id`, `from_user_id`, `to_user_id`, `txt`, `is_delivered`, `created_at`, `update_at`) VALUES ('343', '69', '72', 'Incidunt sunt cum iste animi asperiores. Consequatur a quia praesentium ea. Voluptates et perferendis consequatur hic velit. Rerum et quaerat voluptate et consequatur.', 0, '2011-05-22 10:54:08', '2011-03-28 10:06:43');
INSERT INTO `messages` (`id`, `from_user_id`, `to_user_id`, `txt`, `is_delivered`, `created_at`, `update_at`) VALUES ('344', '24', '70', 'Molestias quae accusantium esse harum. Sed corrupti dolorum quia.', 1, '2018-07-25 19:07:02', '1975-09-23 13:31:21');
INSERT INTO `messages` (`id`, `from_user_id`, `to_user_id`, `txt`, `is_delivered`, `created_at`, `update_at`) VALUES ('345', '27', '96', 'Tempora voluptatem dolorem laborum et dolorem autem suscipit consequatur. Alias quisquam laudantium error. Dolores quod cum aut et et.', 0, '1995-01-05 05:02:13', '2015-09-10 18:58:29');
INSERT INTO `messages` (`id`, `from_user_id`, `to_user_id`, `txt`, `is_delivered`, `created_at`, `update_at`) VALUES ('346', '1', '37', 'Accusantium quo non fugit rem autem adipisci. Aspernatur incidunt dignissimos soluta ratione voluptatem. Voluptatem voluptas aut quia.', 0, '2003-09-19 03:00:59', '2010-11-24 05:10:44');
INSERT INTO `messages` (`id`, `from_user_id`, `to_user_id`, `txt`, `is_delivered`, `created_at`, `update_at`) VALUES ('347', '79', '97', 'At excepturi consequuntur esse eos dolore vel. Et explicabo nostrum quis occaecati earum officiis ea. Dolorum est sunt est et facilis voluptate omnis. Similique dolorem autem explicabo alias.', 0, '1977-12-20 05:20:50', '1975-10-21 00:12:55');
INSERT INTO `messages` (`id`, `from_user_id`, `to_user_id`, `txt`, `is_delivered`, `created_at`, `update_at`) VALUES ('348', '54', '28', 'Minima non minima consequuntur eum. Excepturi nam sit amet esse. Quo similique ad nemo aut quas alias.', 0, '2017-05-08 13:11:25', '1994-06-01 01:45:03');
INSERT INTO `messages` (`id`, `from_user_id`, `to_user_id`, `txt`, `is_delivered`, `created_at`, `update_at`) VALUES ('349', '59', '6', 'Quis iste laudantium nesciunt repellendus. Omnis vel dolorem et. Fuga sed est aperiam.', 0, '2017-12-30 13:01:41', '2019-10-05 15:14:27');
INSERT INTO `messages` (`id`, `from_user_id`, `to_user_id`, `txt`, `is_delivered`, `created_at`, `update_at`) VALUES ('350', '37', '43', 'Praesentium aut quis nesciunt. Tempore eum debitis qui et quia. Eius dolor amet maxime ea quis maiores.', 1, '1972-12-05 19:48:40', '1982-02-11 01:21:49');
INSERT INTO `messages` (`id`, `from_user_id`, `to_user_id`, `txt`, `is_delivered`, `created_at`, `update_at`) VALUES ('351', '78', '11', 'Commodi ut occaecati laudantium optio. Est ipsam eligendi vitae molestiae. Molestiae quos qui sint mollitia dolorem placeat dolorem. Quam fugiat a et illo voluptatem.', 1, '1977-04-20 04:33:49', '1983-01-10 19:18:14');
INSERT INTO `messages` (`id`, `from_user_id`, `to_user_id`, `txt`, `is_delivered`, `created_at`, `update_at`) VALUES ('352', '72', '97', 'Distinctio fuga accusamus distinctio veniam. Est consequuntur quaerat repellat ea itaque est dolores. Officia deleniti voluptatem ipsam maxime in magnam. Eum sed et optio quae.', 1, '2012-11-28 17:15:50', '1995-08-01 22:57:58');
INSERT INTO `messages` (`id`, `from_user_id`, `to_user_id`, `txt`, `is_delivered`, `created_at`, `update_at`) VALUES ('353', '51', '62', 'Et voluptas sunt architecto sed dolorum quia. Odit repellendus ut sed et. Similique inventore rerum sit dolores eius.', 0, '1978-07-09 03:32:02', '1973-09-05 22:15:21');
INSERT INTO `messages` (`id`, `from_user_id`, `to_user_id`, `txt`, `is_delivered`, `created_at`, `update_at`) VALUES ('354', '39', '75', 'Nemo omnis aut rerum. Quidem hic nisi dolor officia. Et quia aut rerum et necessitatibus quo deleniti. Laudantium pariatur ea ut rerum.', 1, '1971-05-22 16:03:16', '1977-09-14 06:06:49');
INSERT INTO `messages` (`id`, `from_user_id`, `to_user_id`, `txt`, `is_delivered`, `created_at`, `update_at`) VALUES ('355', '46', '81', 'Eius fugit cum deleniti atque quis sed. Et modi sunt iusto dolorem unde qui. Qui beatae quidem vel maiores optio et iure odit.', 0, '1998-05-25 07:17:15', '2000-06-18 04:45:18');
INSERT INTO `messages` (`id`, `from_user_id`, `to_user_id`, `txt`, `is_delivered`, `created_at`, `update_at`) VALUES ('356', '11', '89', 'Aut eius doloribus et qui. Rerum ut eligendi vel fugiat consequatur sed nemo. Rerum laudantium provident consequatur praesentium facere accusamus velit. Beatae numquam rerum asperiores maiores nostrum.', 1, '2016-06-22 15:07:07', '2016-03-21 17:36:03');
INSERT INTO `messages` (`id`, `from_user_id`, `to_user_id`, `txt`, `is_delivered`, `created_at`, `update_at`) VALUES ('357', '7', '99', 'Incidunt sit ea magni et non tenetur earum. Quia sed aut dignissimos tempora. Blanditiis aut ut quaerat ut. Qui dolores eum incidunt laboriosam tempora.', 0, '1984-12-07 00:59:14', '1979-10-12 16:49:04');
INSERT INTO `messages` (`id`, `from_user_id`, `to_user_id`, `txt`, `is_delivered`, `created_at`, `update_at`) VALUES ('358', '96', '76', 'Aut eum accusantium enim cupiditate eum blanditiis vel sit. In temporibus exercitationem ullam inventore. Veniam expedita est distinctio distinctio nostrum.', 1, '2003-07-03 08:36:44', '1970-04-25 03:37:39');
INSERT INTO `messages` (`id`, `from_user_id`, `to_user_id`, `txt`, `is_delivered`, `created_at`, `update_at`) VALUES ('359', '70', '19', 'A dolorem voluptatem nam cum dolorem quisquam quasi. Illum accusamus ullam tempore autem officia esse iusto fugit. Et assumenda fugiat reiciendis asperiores qui. Eius non fugiat officiis eius maiores id.', 1, '1971-07-03 12:52:06', '1971-01-15 17:54:44');
INSERT INTO `messages` (`id`, `from_user_id`, `to_user_id`, `txt`, `is_delivered`, `created_at`, `update_at`) VALUES ('360', '45', '97', 'Molestias dicta dolor earum temporibus molestias dolor. Earum similique quo quisquam odit. Occaecati omnis omnis rerum qui repellendus aliquam sit eius. Quidem laboriosam nihil et sit suscipit.', 0, '1978-09-01 09:06:06', '1984-03-13 22:12:45');
INSERT INTO `messages` (`id`, `from_user_id`, `to_user_id`, `txt`, `is_delivered`, `created_at`, `update_at`) VALUES ('361', '14', '46', 'Aut voluptatum accusamus voluptatibus nisi. Facilis nobis voluptatem commodi occaecati. Qui vel molestias blanditiis voluptas et. Laudantium cumque cum qui qui.', 1, '1983-04-11 23:20:37', '1977-02-09 21:49:13');
INSERT INTO `messages` (`id`, `from_user_id`, `to_user_id`, `txt`, `is_delivered`, `created_at`, `update_at`) VALUES ('362', '34', '93', 'Ea molestiae est ipsam exercitationem animi qui. Et corrupti numquam omnis quas ea quia. Aut facere vitae itaque omnis suscipit est voluptates soluta.', 1, '1994-03-18 08:50:17', '1974-06-24 20:35:41');
INSERT INTO `messages` (`id`, `from_user_id`, `to_user_id`, `txt`, `is_delivered`, `created_at`, `update_at`) VALUES ('363', '42', '87', 'Ipsa quis possimus omnis mollitia consequuntur dolor ullam. Ullam et animi tenetur perspiciatis ea et. Recusandae nostrum dolor fugit minima labore libero. Enim culpa repudiandae id iure.', 1, '1994-05-27 05:48:25', '1992-11-07 07:48:46');
INSERT INTO `messages` (`id`, `from_user_id`, `to_user_id`, `txt`, `is_delivered`, `created_at`, `update_at`) VALUES ('364', '20', '1', 'Sint incidunt nulla omnis voluptates. Fugit dolorem omnis velit porro. Est quia illum commodi sunt. Necessitatibus qui et incidunt ut quam natus cumque.', 0, '1975-10-17 23:20:13', '2005-03-07 08:49:46');
INSERT INTO `messages` (`id`, `from_user_id`, `to_user_id`, `txt`, `is_delivered`, `created_at`, `update_at`) VALUES ('365', '92', '56', 'Nobis qui dolorem voluptas. Et enim magni temporibus distinctio hic. Sed ipsa placeat et ex autem facilis id. Exercitationem doloribus sequi esse quibusdam blanditiis.', 0, '2004-11-28 03:51:37', '2014-03-26 12:38:37');
INSERT INTO `messages` (`id`, `from_user_id`, `to_user_id`, `txt`, `is_delivered`, `created_at`, `update_at`) VALUES ('366', '43', '70', 'Quia vitae eveniet ipsum. Praesentium voluptatem facilis ipsum quis.', 1, '2007-04-20 20:10:25', '2015-06-15 05:53:08');
INSERT INTO `messages` (`id`, `from_user_id`, `to_user_id`, `txt`, `is_delivered`, `created_at`, `update_at`) VALUES ('367', '67', '15', 'Omnis eos omnis unde omnis rerum molestiae eligendi. Suscipit ipsam sint nobis. Laudantium voluptatem sint quas consequatur aut.', 0, '2016-06-01 00:08:09', '1978-01-16 19:59:13');
INSERT INTO `messages` (`id`, `from_user_id`, `to_user_id`, `txt`, `is_delivered`, `created_at`, `update_at`) VALUES ('368', '67', '18', 'Repellat deserunt velit et maxime. Nam molestiae voluptatibus et eligendi omnis eaque quo asperiores. Nihil voluptatum molestiae enim cumque. Repellat laboriosam deserunt nemo rerum et.', 0, '1971-02-25 13:04:49', '1985-09-17 23:28:54');
INSERT INTO `messages` (`id`, `from_user_id`, `to_user_id`, `txt`, `is_delivered`, `created_at`, `update_at`) VALUES ('369', '76', '6', 'Sunt repudiandae sunt sunt. Voluptatem voluptate molestiae fugiat ut porro molestias veniam corporis. Autem pariatur neque qui assumenda. Deleniti eos quia et in nihil eum.', 1, '1985-01-18 05:05:53', '1995-08-03 07:31:16');
INSERT INTO `messages` (`id`, `from_user_id`, `to_user_id`, `txt`, `is_delivered`, `created_at`, `update_at`) VALUES ('370', '92', '22', 'Eveniet explicabo quasi velit. Sit natus facere animi eum tenetur expedita.', 1, '2001-12-06 18:43:25', '1979-10-24 18:09:28');
INSERT INTO `messages` (`id`, `from_user_id`, `to_user_id`, `txt`, `is_delivered`, `created_at`, `update_at`) VALUES ('371', '86', '3', 'Ut aliquid doloribus totam cumque a quidem voluptatum. Debitis harum quidem accusamus dolorum dolorum explicabo. Repellendus suscipit dolores quo ea mollitia nihil veniam. Quibusdam voluptatem voluptatem quod sit. Porro laborum minus laborum voluptatem quod sunt ut.', 1, '1996-01-26 09:22:19', '2000-11-02 21:02:09');
INSERT INTO `messages` (`id`, `from_user_id`, `to_user_id`, `txt`, `is_delivered`, `created_at`, `update_at`) VALUES ('372', '10', '92', 'Cupiditate dolorum iure commodi ea accusamus dolores voluptates. Cum quae ea quia quo velit. Non sapiente dolorum sequi. Ratione qui voluptatem nostrum non inventore error.', 1, '1971-09-13 21:11:20', '1984-11-23 11:35:57');
INSERT INTO `messages` (`id`, `from_user_id`, `to_user_id`, `txt`, `is_delivered`, `created_at`, `update_at`) VALUES ('373', '1', '6', 'Ut error odit nostrum est fugiat voluptatum. Eveniet atque ut at aut pariatur accusamus. Repudiandae culpa natus sit vel dolor laboriosam. Eum dolores exercitationem culpa ut ut eum consequatur.', 0, '1997-07-27 10:07:56', '2010-08-16 03:55:42');
INSERT INTO `messages` (`id`, `from_user_id`, `to_user_id`, `txt`, `is_delivered`, `created_at`, `update_at`) VALUES ('374', '67', '70', 'Et aliquid dolor optio. Magni aspernatur qui beatae voluptatem nostrum quaerat. Illo veniam ut numquam reiciendis aut sit sunt. Et inventore enim voluptas consectetur dolor fugiat.', 1, '2017-02-13 20:04:14', '1989-11-16 12:33:03');
INSERT INTO `messages` (`id`, `from_user_id`, `to_user_id`, `txt`, `is_delivered`, `created_at`, `update_at`) VALUES ('375', '24', '12', 'Molestiae et et aperiam aut omnis sapiente odio. Molestias soluta quo minima dolore nulla quo. Nemo saepe atque voluptates qui sed et.', 1, '1979-10-10 14:37:38', '2002-08-02 22:13:42');
INSERT INTO `messages` (`id`, `from_user_id`, `to_user_id`, `txt`, `is_delivered`, `created_at`, `update_at`) VALUES ('376', '67', '37', 'Cumque voluptatem autem cumque ut accusamus qui. Porro laborum vero eum quis. Quasi sed dolore est quam.', 0, '1993-12-14 19:55:35', '1998-02-12 02:22:03');
INSERT INTO `messages` (`id`, `from_user_id`, `to_user_id`, `txt`, `is_delivered`, `created_at`, `update_at`) VALUES ('377', '57', '100', 'Asperiores consequuntur quidem expedita omnis eligendi. Enim libero dolorum consectetur repudiandae ea corporis consequatur.', 0, '2020-09-10 19:15:02', '2011-11-25 09:50:49');
INSERT INTO `messages` (`id`, `from_user_id`, `to_user_id`, `txt`, `is_delivered`, `created_at`, `update_at`) VALUES ('378', '30', '99', 'Non consequuntur reiciendis nesciunt eligendi distinctio. Ex non alias qui animi a. Blanditiis veniam ducimus pariatur non.', 1, '2014-02-13 05:19:22', '2004-08-19 06:00:45');
INSERT INTO `messages` (`id`, `from_user_id`, `to_user_id`, `txt`, `is_delivered`, `created_at`, `update_at`) VALUES ('379', '86', '50', 'Pariatur aut quos dolor molestias unde. Ducimus occaecati vel similique aliquid. Voluptates quis ab dignissimos dolorem. Et excepturi laudantium nam debitis libero harum commodi qui.', 0, '1976-07-19 07:46:26', '1992-05-16 17:04:22');
INSERT INTO `messages` (`id`, `from_user_id`, `to_user_id`, `txt`, `is_delivered`, `created_at`, `update_at`) VALUES ('380', '99', '78', 'Perferendis omnis placeat delectus ut aut nostrum error. Sequi consequatur architecto aspernatur sint quas et. Quos eius necessitatibus expedita enim cupiditate.', 0, '1993-02-15 10:57:17', '2006-11-23 07:35:15');
INSERT INTO `messages` (`id`, `from_user_id`, `to_user_id`, `txt`, `is_delivered`, `created_at`, `update_at`) VALUES ('381', '6', '42', 'Accusamus sit ad voluptatem in architecto ut. Et in numquam ut nobis at reiciendis sint ut.', 1, '2002-04-13 04:46:29', '1992-12-28 00:38:38');
INSERT INTO `messages` (`id`, `from_user_id`, `to_user_id`, `txt`, `is_delivered`, `created_at`, `update_at`) VALUES ('382', '48', '72', 'Facilis qui quas hic nobis aut nam. Nulla eos occaecati eius. Qui placeat quidem dignissimos at culpa debitis labore.', 1, '1991-03-13 22:12:14', '2015-08-08 14:59:58');
INSERT INTO `messages` (`id`, `from_user_id`, `to_user_id`, `txt`, `is_delivered`, `created_at`, `update_at`) VALUES ('383', '56', '14', 'Corrupti inventore accusamus iure et id tempora assumenda. Est voluptate quia commodi nobis eos maiores fuga sit.', 1, '1990-08-22 13:42:40', '2013-04-20 11:37:14');
INSERT INTO `messages` (`id`, `from_user_id`, `to_user_id`, `txt`, `is_delivered`, `created_at`, `update_at`) VALUES ('384', '89', '32', 'Rem harum velit error architecto. Incidunt odio aut vero iure. Asperiores omnis et ipsum qui magnam quibusdam et adipisci. Reprehenderit corrupti ipsum quia voluptatem.', 1, '1980-07-13 01:06:38', '1970-10-10 11:52:20');
INSERT INTO `messages` (`id`, `from_user_id`, `to_user_id`, `txt`, `is_delivered`, `created_at`, `update_at`) VALUES ('385', '20', '81', 'Quas consequuntur odit porro et neque. Quisquam quae est voluptatibus laborum quod ea. Est dicta inventore vel voluptatem velit aliquam.', 1, '1974-09-15 13:19:59', '1975-01-27 07:17:36');
INSERT INTO `messages` (`id`, `from_user_id`, `to_user_id`, `txt`, `is_delivered`, `created_at`, `update_at`) VALUES ('386', '54', '5', 'Temporibus autem aperiam dicta consequatur quidem eaque. Cum voluptas enim facilis sunt ex praesentium voluptates impedit. Eius amet tempore rerum commodi.', 1, '2015-05-26 17:33:37', '1987-09-05 15:43:49');
INSERT INTO `messages` (`id`, `from_user_id`, `to_user_id`, `txt`, `is_delivered`, `created_at`, `update_at`) VALUES ('387', '84', '63', 'Magni labore numquam corporis est blanditiis animi saepe. Eum voluptas sed esse pariatur doloremque est quod. Architecto quis ratione adipisci deserunt. Aut alias occaecati harum est.', 1, '2000-10-10 13:11:46', '2002-05-02 15:34:06');
INSERT INTO `messages` (`id`, `from_user_id`, `to_user_id`, `txt`, `is_delivered`, `created_at`, `update_at`) VALUES ('388', '97', '85', 'Odio qui esse aspernatur. Consectetur repellendus recusandae ut ipsa qui. Temporibus id vel debitis mollitia dolores dolorem placeat.', 0, '1979-01-29 13:17:11', '2017-03-06 18:52:58');
INSERT INTO `messages` (`id`, `from_user_id`, `to_user_id`, `txt`, `is_delivered`, `created_at`, `update_at`) VALUES ('389', '68', '64', 'Adipisci maxime nulla et dolores reprehenderit dolores. Soluta rem explicabo quas rerum minima nobis nam. Officiis et eum rem voluptatem.', 1, '2015-10-26 20:12:40', '2002-03-17 10:38:17');
INSERT INTO `messages` (`id`, `from_user_id`, `to_user_id`, `txt`, `is_delivered`, `created_at`, `update_at`) VALUES ('390', '54', '92', 'Corporis ratione possimus ducimus aliquam exercitationem voluptatem fuga velit. Est veniam natus est rerum quidem et voluptatem. Omnis enim ad quia quis. Id dolorem aut excepturi. Optio expedita possimus ullam quidem.', 0, '1998-12-06 01:24:28', '2008-05-17 09:28:23');
INSERT INTO `messages` (`id`, `from_user_id`, `to_user_id`, `txt`, `is_delivered`, `created_at`, `update_at`) VALUES ('391', '75', '21', 'Ipsam odio facere laudantium et. Tenetur aut quam exercitationem. Maxime et omnis et qui est.', 0, '2006-05-15 01:06:13', '2012-06-30 15:59:46');
INSERT INTO `messages` (`id`, `from_user_id`, `to_user_id`, `txt`, `is_delivered`, `created_at`, `update_at`) VALUES ('392', '29', '32', 'Et deleniti ab minus sit facilis magni eos. Magnam tenetur qui veniam in occaecati illo harum. Animi ex et nobis omnis explicabo expedita consequatur. Debitis corporis odio tenetur unde nihil et quidem.', 0, '2007-11-29 08:49:14', '1998-02-14 18:09:22');
INSERT INTO `messages` (`id`, `from_user_id`, `to_user_id`, `txt`, `is_delivered`, `created_at`, `update_at`) VALUES ('393', '20', '58', 'Dolores illo aut fugiat tenetur velit. Minus consequatur voluptas quas nulla nisi veritatis. Numquam tempora culpa eum.', 0, '1997-08-17 20:55:01', '1994-05-15 19:12:20');
INSERT INTO `messages` (`id`, `from_user_id`, `to_user_id`, `txt`, `is_delivered`, `created_at`, `update_at`) VALUES ('394', '30', '6', 'Ullam quisquam earum possimus rerum quod quia inventore. Aut rerum reiciendis temporibus est debitis ut possimus. Pariatur quis eligendi fugit architecto ut sunt aperiam.', 0, '1993-04-02 23:52:13', '1990-01-17 17:44:55');
INSERT INTO `messages` (`id`, `from_user_id`, `to_user_id`, `txt`, `is_delivered`, `created_at`, `update_at`) VALUES ('395', '7', '29', 'Dolorum sit quia consequatur consequatur sunt atque. Ipsa debitis esse magnam quia adipisci porro quasi culpa. Et necessitatibus dolores alias sed. Maiores est ut sed sunt accusantium ipsam autem rerum.', 1, '1977-08-30 08:16:41', '1985-07-24 09:57:35');
INSERT INTO `messages` (`id`, `from_user_id`, `to_user_id`, `txt`, `is_delivered`, `created_at`, `update_at`) VALUES ('396', '83', '12', 'Et ut aperiam qui omnis rerum. Autem quia error neque tempora. Quaerat et occaecati quasi eligendi et eos qui. Distinctio minima id amet alias.', 0, '2015-05-20 05:33:57', '1990-05-10 18:44:12');
INSERT INTO `messages` (`id`, `from_user_id`, `to_user_id`, `txt`, `is_delivered`, `created_at`, `update_at`) VALUES ('397', '70', '31', 'Omnis et sit soluta nemo molestias molestiae quam. Nemo dolor debitis et est qui. Eos maiores nobis velit alias.', 1, '2015-10-25 11:50:32', '1988-11-28 00:52:37');
INSERT INTO `messages` (`id`, `from_user_id`, `to_user_id`, `txt`, `is_delivered`, `created_at`, `update_at`) VALUES ('398', '84', '26', 'Aut iure quam sed amet porro molestiae aliquam. Doloremque aut eum aut rerum similique qui. Et aut deleniti qui et quibusdam dolorem. Illum excepturi quia recusandae odit eos quia sit.', 0, '2015-02-13 13:18:00', '1976-08-24 10:22:39');
INSERT INTO `messages` (`id`, `from_user_id`, `to_user_id`, `txt`, `is_delivered`, `created_at`, `update_at`) VALUES ('399', '45', '73', 'Commodi impedit tempora aliquam officia. Sint cum consequatur impedit sed itaque sapiente nisi. Soluta tempora non est consequatur ea occaecati pariatur. Expedita at repudiandae fuga voluptas ea.', 0, '1992-04-20 07:38:42', '1989-06-22 22:25:23');
INSERT INTO `messages` (`id`, `from_user_id`, `to_user_id`, `txt`, `is_delivered`, `created_at`, `update_at`) VALUES ('400', '57', '64', 'Non vero voluptatibus corporis ab deleniti velit et. Accusantium adipisci vel sunt facere. Sed beatae qui cum sed.', 0, '2012-03-14 16:54:26', '1980-06-28 23:47:06');
INSERT INTO `messages` (`id`, `from_user_id`, `to_user_id`, `txt`, `is_delivered`, `created_at`, `update_at`) VALUES ('401', '53', '11', 'Iure et modi expedita velit tenetur. Dignissimos eos corrupti vero sed iste. Est qui velit assumenda qui omnis molestiae harum mollitia. Tempore voluptatem quia voluptatum recusandae.', 1, '2010-08-16 19:38:10', '1994-07-25 05:31:14');
INSERT INTO `messages` (`id`, `from_user_id`, `to_user_id`, `txt`, `is_delivered`, `created_at`, `update_at`) VALUES ('402', '69', '37', 'Tempore autem consequatur et perferendis mollitia magni explicabo. Sequi illum minima dolorum quasi odio et. Cum voluptatibus beatae nam rerum. Et dolor voluptatem corrupti quas qui.', 1, '2008-10-06 13:14:41', '1984-05-17 09:04:22');
INSERT INTO `messages` (`id`, `from_user_id`, `to_user_id`, `txt`, `is_delivered`, `created_at`, `update_at`) VALUES ('403', '73', '65', 'Dolor aut animi saepe possimus. Maxime voluptatibus nemo possimus molestiae corporis.', 0, '2019-04-03 17:36:44', '1997-10-19 14:39:34');
INSERT INTO `messages` (`id`, `from_user_id`, `to_user_id`, `txt`, `is_delivered`, `created_at`, `update_at`) VALUES ('404', '21', '41', 'Quisquam quidem eos omnis. Aspernatur distinctio non vero quia. Aut ratione totam labore cupiditate delectus est dolorem. Aut molestiae quo voluptatibus repellendus modi quae.', 1, '1972-05-18 18:00:35', '2008-06-21 13:36:04');
INSERT INTO `messages` (`id`, `from_user_id`, `to_user_id`, `txt`, `is_delivered`, `created_at`, `update_at`) VALUES ('405', '28', '75', 'Rem labore voluptate soluta provident. Dolor voluptatum et ea voluptatem magnam qui. Quisquam et officia quod. Nisi repellat velit unde minima.', 0, '1983-07-08 08:29:27', '1981-04-06 08:16:19');
INSERT INTO `messages` (`id`, `from_user_id`, `to_user_id`, `txt`, `is_delivered`, `created_at`, `update_at`) VALUES ('406', '32', '3', 'Veritatis cupiditate praesentium rerum voluptas amet voluptatem ipsa. Autem facere rem pariatur aperiam. Est doloremque fugit corporis et fugiat et. Cumque quo cum in sit vitae sequi.', 0, '1998-01-23 13:10:39', '1971-09-30 22:14:52');
INSERT INTO `messages` (`id`, `from_user_id`, `to_user_id`, `txt`, `is_delivered`, `created_at`, `update_at`) VALUES ('407', '95', '60', 'Debitis cum optio inventore commodi quis quia. Sed suscipit ut eum aperiam placeat perspiciatis quo. Voluptates rerum illo sed dolore quia rem officia beatae. Est voluptatum quis ea sit a dolore. Corrupti aperiam quia ut consequatur temporibus voluptas ut in.', 0, '1973-10-05 02:14:57', '1987-01-26 05:42:16');
INSERT INTO `messages` (`id`, `from_user_id`, `to_user_id`, `txt`, `is_delivered`, `created_at`, `update_at`) VALUES ('408', '35', '14', 'Facilis itaque et autem qui eligendi sequi laborum. Itaque quia beatae impedit est quo perspiciatis itaque dolores. Et et consequatur aut omnis ea.', 0, '2001-07-07 03:28:20', '2018-10-08 03:05:50');
INSERT INTO `messages` (`id`, `from_user_id`, `to_user_id`, `txt`, `is_delivered`, `created_at`, `update_at`) VALUES ('409', '18', '64', 'Quos alias et atque enim impedit. Unde sapiente et recusandae voluptatem quis itaque iusto.', 1, '1989-06-27 10:13:35', '1997-09-02 06:18:35');
INSERT INTO `messages` (`id`, `from_user_id`, `to_user_id`, `txt`, `is_delivered`, `created_at`, `update_at`) VALUES ('410', '20', '24', 'Minus est non accusantium est quia cumque eos. Voluptas praesentium sequi cumque ad esse. Rerum sapiente eius cupiditate et. Rerum ratione architecto ipsa.', 1, '1970-01-19 17:05:35', '1977-09-07 20:53:42');
INSERT INTO `messages` (`id`, `from_user_id`, `to_user_id`, `txt`, `is_delivered`, `created_at`, `update_at`) VALUES ('411', '93', '2', 'Ipsa nulla maiores nulla architecto. Hic dolorem perferendis nobis praesentium. Dolor a voluptates amet quos quae sit. Dolorem assumenda nulla quae ullam nam.', 0, '2011-04-10 16:33:17', '1974-02-10 22:41:14');
INSERT INTO `messages` (`id`, `from_user_id`, `to_user_id`, `txt`, `is_delivered`, `created_at`, `update_at`) VALUES ('412', '36', '62', 'Maxime quaerat et ut necessitatibus nam nihil nobis. Nostrum voluptas fuga voluptates qui. Cumque cupiditate eos magnam voluptas quos deleniti quam. Iusto ut illum ipsa.', 1, '1991-11-05 18:25:20', '2010-12-08 15:57:13');
INSERT INTO `messages` (`id`, `from_user_id`, `to_user_id`, `txt`, `is_delivered`, `created_at`, `update_at`) VALUES ('413', '33', '19', 'Maiores voluptatem reprehenderit nemo. Autem consequuntur nulla eveniet aliquam et. Rerum quibusdam facere consequatur vero totam est autem.', 1, '1994-07-26 22:42:24', '1985-12-22 01:15:04');
INSERT INTO `messages` (`id`, `from_user_id`, `to_user_id`, `txt`, `is_delivered`, `created_at`, `update_at`) VALUES ('414', '88', '77', 'Doloribus deserunt similique sapiente facilis quia quis dolorum ipsum. Rerum cumque et atque et ipsum voluptas. Quia quo possimus blanditiis rerum expedita. Temporibus quis quibusdam qui aperiam veritatis nihil aliquid atque.', 0, '1978-08-03 11:26:00', '2006-07-22 04:57:46');
INSERT INTO `messages` (`id`, `from_user_id`, `to_user_id`, `txt`, `is_delivered`, `created_at`, `update_at`) VALUES ('415', '91', '45', 'Hic asperiores autem in dolorem nihil vel quis molestiae. Adipisci minima maxime officia nihil ut. Atque velit ullam dignissimos ducimus. At aspernatur praesentium necessitatibus voluptas temporibus quo beatae.', 0, '1988-09-04 10:13:54', '2005-06-28 08:14:11');
INSERT INTO `messages` (`id`, `from_user_id`, `to_user_id`, `txt`, `is_delivered`, `created_at`, `update_at`) VALUES ('416', '41', '44', 'Nulla ipsam voluptas iusto at molestias eligendi. Ut et molestias perferendis sint sunt. Iusto adipisci provident velit possimus in tenetur quaerat.', 1, '1998-08-24 16:18:42', '1986-12-27 04:25:09');
INSERT INTO `messages` (`id`, `from_user_id`, `to_user_id`, `txt`, `is_delivered`, `created_at`, `update_at`) VALUES ('417', '55', '9', 'Dolorum quis non officiis hic illum rerum. Facilis et consectetur voluptas earum sit provident. Aut fugit reprehenderit minima omnis. Est dolores sint rem quam.', 0, '2013-07-19 21:30:55', '1986-03-31 06:33:25');
INSERT INTO `messages` (`id`, `from_user_id`, `to_user_id`, `txt`, `is_delivered`, `created_at`, `update_at`) VALUES ('418', '81', '27', 'Sit doloribus at expedita maxime quos. Voluptatem unde similique et distinctio rerum. Maxime ut laborum distinctio veniam amet alias voluptas. Fugit et iusto ipsam sunt provident et sequi illo.', 0, '2009-06-14 23:00:22', '1981-04-09 17:04:55');
INSERT INTO `messages` (`id`, `from_user_id`, `to_user_id`, `txt`, `is_delivered`, `created_at`, `update_at`) VALUES ('419', '73', '1', 'Eum aut unde quia. Qui est modi et enim numquam minus et quo. Et repellendus et quidem sit vel fugit aspernatur. Quod vero velit a molestias doloremque.', 0, '1997-04-26 04:56:48', '2005-09-05 11:42:52');
INSERT INTO `messages` (`id`, `from_user_id`, `to_user_id`, `txt`, `is_delivered`, `created_at`, `update_at`) VALUES ('420', '68', '1', 'Eum ipsa qui et animi. Eos neque cum voluptates. Dolorum sint non similique consequatur. Amet alias qui at ducimus ex. Ut qui dolor rerum et.', 0, '2016-07-16 20:22:50', '1985-11-11 15:17:13');
INSERT INTO `messages` (`id`, `from_user_id`, `to_user_id`, `txt`, `is_delivered`, `created_at`, `update_at`) VALUES ('421', '75', '100', 'Velit deleniti qui aut qui accusamus eligendi fugit. Et quis et consequuntur sit. Ipsa iure itaque ipsa id ut. Est consequatur commodi culpa et. Ut consectetur explicabo magni eum.', 1, '1993-07-25 01:10:34', '1990-06-18 14:42:15');
INSERT INTO `messages` (`id`, `from_user_id`, `to_user_id`, `txt`, `is_delivered`, `created_at`, `update_at`) VALUES ('422', '3', '70', 'Est ut repellat laboriosam possimus. Nulla cupiditate animi nihil ex. Omnis veniam tempore iste impedit odit. Aliquid aut quae incidunt voluptatibus iste qui.', 1, '2015-09-23 07:28:47', '2002-11-15 07:10:58');
INSERT INTO `messages` (`id`, `from_user_id`, `to_user_id`, `txt`, `is_delivered`, `created_at`, `update_at`) VALUES ('423', '59', '37', 'Omnis earum occaecati facere est officia molestiae in. Quia deleniti aspernatur cupiditate. Aliquam deserunt est autem voluptatum et quis. Non totam voluptatibus voluptatem dignissimos ut.', 0, '1970-09-07 06:29:56', '2021-05-08 17:52:56');
INSERT INTO `messages` (`id`, `from_user_id`, `to_user_id`, `txt`, `is_delivered`, `created_at`, `update_at`) VALUES ('424', '84', '77', 'Iste sit alias eligendi ullam eligendi aperiam. Doloribus mollitia occaecati dicta culpa. Soluta suscipit et quaerat explicabo minus consequatur.', 1, '2002-05-04 21:02:34', '1983-12-13 02:50:31');
INSERT INTO `messages` (`id`, `from_user_id`, `to_user_id`, `txt`, `is_delivered`, `created_at`, `update_at`) VALUES ('425', '1', '3', 'Veritatis eius qui voluptas aut. Et rerum quia occaecati hic. Autem quis rerum doloribus incidunt sint ea. A veniam repudiandae qui eveniet amet et. Totam necessitatibus et similique adipisci dicta dolorem.', 0, '1975-11-29 06:37:27', '1971-05-26 13:29:23');
INSERT INTO `messages` (`id`, `from_user_id`, `to_user_id`, `txt`, `is_delivered`, `created_at`, `update_at`) VALUES ('426', '100', '94', 'Cumque facere soluta autem vel quidem nostrum deserunt cum. Perferendis cupiditate voluptatem et eos. Voluptatem libero dolor illum hic qui in a odit. Quia numquam et repudiandae laudantium.', 1, '1971-07-27 12:13:19', '1997-11-17 19:47:29');
INSERT INTO `messages` (`id`, `from_user_id`, `to_user_id`, `txt`, `is_delivered`, `created_at`, `update_at`) VALUES ('427', '5', '36', 'Iusto id porro et blanditiis at esse corporis eos. Aut fugiat eum ratione provident error illo adipisci. Laboriosam minus laudantium doloribus ut odio.', 0, '1996-09-19 00:49:10', '2008-11-15 11:50:01');
INSERT INTO `messages` (`id`, `from_user_id`, `to_user_id`, `txt`, `is_delivered`, `created_at`, `update_at`) VALUES ('428', '55', '37', 'Nostrum natus rem voluptas consequuntur sit vero. Laboriosam quo quibusdam explicabo est. Aut est necessitatibus sit consequatur aut magni. Id sunt iure unde deleniti rerum occaecati distinctio.', 1, '2009-11-30 18:22:20', '2012-04-04 05:46:53');
INSERT INTO `messages` (`id`, `from_user_id`, `to_user_id`, `txt`, `is_delivered`, `created_at`, `update_at`) VALUES ('429', '55', '43', 'Et eos omnis et ad distinctio et ratione. Nihil non molestiae et incidunt distinctio debitis. Qui est qui autem nisi dignissimos dolorum. Eum omnis id consequuntur consequuntur earum iusto.', 1, '2012-10-18 00:09:39', '2020-01-22 20:02:49');
INSERT INTO `messages` (`id`, `from_user_id`, `to_user_id`, `txt`, `is_delivered`, `created_at`, `update_at`) VALUES ('430', '14', '45', 'Et placeat sapiente et quidem deleniti. Numquam quibusdam ratione rerum quia dolore officiis dolore. Rem sapiente nostrum omnis repellendus. Iste asperiores blanditiis alias et voluptates placeat quaerat.', 0, '2001-07-03 07:15:01', '2017-07-29 03:23:39');
INSERT INTO `messages` (`id`, `from_user_id`, `to_user_id`, `txt`, `is_delivered`, `created_at`, `update_at`) VALUES ('431', '87', '54', 'Magnam provident vel et quidem architecto eos cum. Pariatur et aut voluptatibus in quo fugiat nam.', 0, '2001-06-05 16:42:07', '1998-04-04 02:31:03');
INSERT INTO `messages` (`id`, `from_user_id`, `to_user_id`, `txt`, `is_delivered`, `created_at`, `update_at`) VALUES ('432', '89', '41', 'Deserunt consequatur nihil nostrum fugit. Debitis expedita dicta aut tempora.', 1, '1982-02-03 11:29:08', '1980-04-28 23:01:48');
INSERT INTO `messages` (`id`, `from_user_id`, `to_user_id`, `txt`, `is_delivered`, `created_at`, `update_at`) VALUES ('433', '62', '70', 'Et facere ut quos culpa magnam. Sed quaerat fuga accusamus assumenda illum ea. Rem veritatis accusantium aperiam eos cumque consectetur aliquam. Sed debitis aut magnam unde.', 1, '1971-07-14 19:59:55', '2004-11-24 16:36:02');
INSERT INTO `messages` (`id`, `from_user_id`, `to_user_id`, `txt`, `is_delivered`, `created_at`, `update_at`) VALUES ('434', '68', '35', 'Soluta qui possimus quia enim. Assumenda blanditiis est odit aliquam a voluptas. Est porro odio recusandae voluptatem. Tempora quas aut nihil qui repellendus consequatur earum exercitationem. Assumenda voluptatem ut aspernatur id id.', 1, '1989-09-05 20:37:43', '1985-05-01 18:52:25');
INSERT INTO `messages` (`id`, `from_user_id`, `to_user_id`, `txt`, `is_delivered`, `created_at`, `update_at`) VALUES ('435', '70', '35', 'Accusantium qui placeat molestiae molestiae. Est explicabo explicabo illo molestias ut quam eius. Aliquam repudiandae in praesentium eos perferendis consequuntur deleniti minima.', 0, '2014-12-12 16:25:16', '1972-01-19 07:31:34');
INSERT INTO `messages` (`id`, `from_user_id`, `to_user_id`, `txt`, `is_delivered`, `created_at`, `update_at`) VALUES ('436', '35', '45', 'Eaque laborum et impedit perspiciatis. Non fugiat id in laudantium ea voluptatem. Quas quisquam vel laboriosam tenetur consequuntur possimus reprehenderit. Dolorem numquam unde eius et.', 1, '1981-04-17 07:31:01', '1986-12-23 22:37:01');
INSERT INTO `messages` (`id`, `from_user_id`, `to_user_id`, `txt`, `is_delivered`, `created_at`, `update_at`) VALUES ('437', '34', '38', 'Rerum et accusamus numquam modi. Itaque ea quo repudiandae deserunt. Delectus sunt ipsa libero aut eveniet eum est. Similique voluptatem et dolorem deleniti animi laborum.', 0, '1991-05-18 03:19:50', '1977-04-10 00:39:39');
INSERT INTO `messages` (`id`, `from_user_id`, `to_user_id`, `txt`, `is_delivered`, `created_at`, `update_at`) VALUES ('438', '14', '93', 'Sint nisi earum eos. Cupiditate nostrum ipsam et omnis rerum saepe non. Sint officiis laboriosam odit est.', 0, '1972-12-05 11:35:15', '2001-06-18 22:04:23');
INSERT INTO `messages` (`id`, `from_user_id`, `to_user_id`, `txt`, `is_delivered`, `created_at`, `update_at`) VALUES ('439', '75', '97', 'Quo quo doloremque iusto quia veniam sunt harum. Odio sunt sit quaerat reprehenderit. Reprehenderit sapiente dicta ut quis dolor officiis.', 1, '2015-05-08 02:47:15', '2008-11-24 18:14:45');
INSERT INTO `messages` (`id`, `from_user_id`, `to_user_id`, `txt`, `is_delivered`, `created_at`, `update_at`) VALUES ('440', '69', '76', 'Consequatur beatae nihil quia nulla voluptate aperiam repellendus. Aliquid dolor asperiores non soluta. Sint quia magni voluptatem ipsum mollitia deserunt.', 1, '1980-12-26 19:18:15', '1974-07-01 06:11:02');
INSERT INTO `messages` (`id`, `from_user_id`, `to_user_id`, `txt`, `is_delivered`, `created_at`, `update_at`) VALUES ('441', '100', '69', 'Dolores labore sunt numquam reprehenderit expedita reprehenderit. Vel quam facilis quia assumenda nesciunt et dolores molestias.', 0, '1984-09-16 23:40:15', '1982-05-23 18:32:49');
INSERT INTO `messages` (`id`, `from_user_id`, `to_user_id`, `txt`, `is_delivered`, `created_at`, `update_at`) VALUES ('442', '69', '4', 'Ut perspiciatis eos et aliquam. Impedit explicabo sed saepe ullam. In architecto exercitationem quisquam autem. Incidunt quibusdam quia laborum. Tempore nisi laboriosam eligendi esse aperiam.', 0, '1982-05-27 18:01:27', '1992-12-09 20:35:22');
INSERT INTO `messages` (`id`, `from_user_id`, `to_user_id`, `txt`, `is_delivered`, `created_at`, `update_at`) VALUES ('443', '4', '24', 'Dolore hic velit consequuntur perferendis et soluta quia. Iste dolore quo cum iste praesentium ratione sapiente. Laudantium unde officia ad molestias reprehenderit molestiae quia mollitia. Omnis non sit in id.', 1, '2007-07-11 19:59:52', '1988-02-08 14:59:24');
INSERT INTO `messages` (`id`, `from_user_id`, `to_user_id`, `txt`, `is_delivered`, `created_at`, `update_at`) VALUES ('444', '41', '58', 'Atque expedita voluptate quia voluptatem et ratione. Fugit molestias ut aspernatur et ea quod. Ut a ut id deserunt est quibusdam eligendi.', 0, '1991-11-17 03:27:50', '2012-07-23 15:00:50');
INSERT INTO `messages` (`id`, `from_user_id`, `to_user_id`, `txt`, `is_delivered`, `created_at`, `update_at`) VALUES ('445', '66', '54', 'Vero debitis quaerat ex hic. Exercitationem eveniet odit qui impedit odit sed voluptates. Impedit aut dolor cum vel quasi assumenda.', 1, '1989-04-05 20:11:33', '1990-05-08 16:33:30');
INSERT INTO `messages` (`id`, `from_user_id`, `to_user_id`, `txt`, `is_delivered`, `created_at`, `update_at`) VALUES ('446', '3', '52', 'Corporis beatae aspernatur enim iste architecto qui dolores repellat. Qui consequatur tempora deserunt ipsum autem. Molestiae minima ab aut qui laboriosam ut porro odio. Voluptatem praesentium ad omnis odit.', 1, '1989-12-11 20:18:48', '2020-01-01 18:43:33');
INSERT INTO `messages` (`id`, `from_user_id`, `to_user_id`, `txt`, `is_delivered`, `created_at`, `update_at`) VALUES ('447', '7', '92', 'Possimus nemo error sit animi molestias omnis et. Quasi nobis laboriosam nam dicta. Temporibus cumque sit dolorem a rerum. Tempora tenetur soluta dolorem architecto cupiditate consequuntur ipsam.', 0, '1999-12-20 19:08:34', '1992-02-24 07:54:09');
INSERT INTO `messages` (`id`, `from_user_id`, `to_user_id`, `txt`, `is_delivered`, `created_at`, `update_at`) VALUES ('448', '93', '69', 'Enim aut officiis qui aut. Optio velit architecto ratione id tempore rerum.', 0, '2005-09-24 10:05:45', '1980-02-11 01:49:50');
INSERT INTO `messages` (`id`, `from_user_id`, `to_user_id`, `txt`, `is_delivered`, `created_at`, `update_at`) VALUES ('449', '61', '60', 'Facilis est rerum eum architecto. Itaque sed doloribus dolores eveniet laboriosam. Modi similique dignissimos mollitia deserunt dolores itaque sunt.', 0, '2004-10-12 01:36:01', '1992-11-13 21:08:42');
INSERT INTO `messages` (`id`, `from_user_id`, `to_user_id`, `txt`, `is_delivered`, `created_at`, `update_at`) VALUES ('450', '3', '31', 'Est tempore non id nihil quo accusantium ullam. Consequuntur quidem alias enim tempore vero repudiandae. Est iste dolorem qui odit aspernatur. Et illo ut beatae labore non quos et voluptatibus.', 1, '1975-08-17 11:05:00', '1975-05-03 22:28:14');
INSERT INTO `messages` (`id`, `from_user_id`, `to_user_id`, `txt`, `is_delivered`, `created_at`, `update_at`) VALUES ('451', '95', '37', 'Ut voluptates adipisci perspiciatis cum sint. Reprehenderit modi animi reiciendis autem ullam. Nostrum dolor enim qui voluptas. Aut dolorem quia officiis vel. Inventore deleniti et sapiente nam corrupti vitae.', 0, '1980-04-28 20:45:30', '1973-10-11 16:12:05');
INSERT INTO `messages` (`id`, `from_user_id`, `to_user_id`, `txt`, `is_delivered`, `created_at`, `update_at`) VALUES ('452', '75', '29', 'Cumque molestiae sed voluptatem est eveniet ut. Facilis vel quis a. Qui hic eum eos totam nostrum ea rerum. Et reiciendis dolorum eveniet.', 0, '1974-02-13 18:08:33', '1999-04-13 19:58:39');
INSERT INTO `messages` (`id`, `from_user_id`, `to_user_id`, `txt`, `is_delivered`, `created_at`, `update_at`) VALUES ('453', '75', '89', 'Sit saepe laboriosam et. Eos quod et distinctio rerum libero. Aut modi rerum in magnam voluptatum dicta odit nemo.', 1, '1982-12-10 10:11:29', '1972-12-11 01:43:06');
INSERT INTO `messages` (`id`, `from_user_id`, `to_user_id`, `txt`, `is_delivered`, `created_at`, `update_at`) VALUES ('454', '21', '49', 'Officia voluptate quibusdam quo perspiciatis aut natus. Ut ad nobis modi fugit modi ipsa.', 0, '1970-03-26 14:45:45', '2002-09-08 12:12:09');
INSERT INTO `messages` (`id`, `from_user_id`, `to_user_id`, `txt`, `is_delivered`, `created_at`, `update_at`) VALUES ('455', '86', '90', 'Qui aut non sed occaecati. Consequatur odit sed laudantium qui. Et sit deserunt praesentium delectus nihil.', 0, '1984-02-16 08:06:45', '2006-07-16 06:38:55');
INSERT INTO `messages` (`id`, `from_user_id`, `to_user_id`, `txt`, `is_delivered`, `created_at`, `update_at`) VALUES ('456', '24', '85', 'Saepe et qui ad et aut quidem quia. Et ullam illo voluptatibus suscipit rerum rerum odit occaecati. Impedit perspiciatis sed aut qui dicta.', 1, '1997-07-09 01:10:01', '1996-02-23 13:06:09');
INSERT INTO `messages` (`id`, `from_user_id`, `to_user_id`, `txt`, `is_delivered`, `created_at`, `update_at`) VALUES ('457', '59', '92', 'Et fuga ipsum atque ipsa. Beatae quam odio sunt quos accusamus quas. Sit et distinctio commodi similique cumque velit.', 1, '2000-07-20 09:56:42', '1977-06-23 09:15:29');
INSERT INTO `messages` (`id`, `from_user_id`, `to_user_id`, `txt`, `is_delivered`, `created_at`, `update_at`) VALUES ('458', '88', '63', 'Iste modi facere tempore sit recusandae nobis doloribus. Fugiat dignissimos non pariatur vitae et consequatur. Cumque et qui sapiente non laborum cumque. Sit modi ut maiores voluptates consectetur.', 0, '1974-03-31 08:44:18', '1997-07-04 04:04:30');
INSERT INTO `messages` (`id`, `from_user_id`, `to_user_id`, `txt`, `is_delivered`, `created_at`, `update_at`) VALUES ('459', '15', '29', 'Est eligendi rerum necessitatibus magni et ut ea ipsam. Voluptatem ea culpa repellendus non culpa.', 1, '1973-12-08 15:06:18', '1970-02-19 21:21:32');
INSERT INTO `messages` (`id`, `from_user_id`, `to_user_id`, `txt`, `is_delivered`, `created_at`, `update_at`) VALUES ('460', '21', '80', 'Ipsam perspiciatis provident ipsam. Facere et voluptatem natus libero ab possimus. Omnis numquam vero qui excepturi nihil.', 0, '1977-12-28 23:49:42', '2017-12-20 01:52:02');
INSERT INTO `messages` (`id`, `from_user_id`, `to_user_id`, `txt`, `is_delivered`, `created_at`, `update_at`) VALUES ('461', '82', '24', 'Autem unde iure debitis suscipit quaerat. Repellendus molestiae aut minus ea sed iusto. Impedit est nihil quia. Odit harum atque possimus iure omnis.', 0, '2006-06-26 07:35:46', '1985-05-07 14:26:41');
INSERT INTO `messages` (`id`, `from_user_id`, `to_user_id`, `txt`, `is_delivered`, `created_at`, `update_at`) VALUES ('462', '32', '89', 'Ratione eum libero sed eos aperiam aliquam. Nesciunt qui sed incidunt quia et. Et modi quia voluptas. Reiciendis omnis in placeat.', 1, '1978-12-15 16:37:38', '1997-10-28 06:55:52');
INSERT INTO `messages` (`id`, `from_user_id`, `to_user_id`, `txt`, `is_delivered`, `created_at`, `update_at`) VALUES ('463', '15', '24', 'Eos doloremque sit recusandae non. Architecto numquam quia et repudiandae vitae sint. Autem quis harum similique ad commodi. Eos qui nihil aut tempora ex.', 1, '1984-02-06 10:08:48', '2014-04-20 00:34:32');
INSERT INTO `messages` (`id`, `from_user_id`, `to_user_id`, `txt`, `is_delivered`, `created_at`, `update_at`) VALUES ('464', '58', '76', 'Voluptatem eligendi totam perspiciatis quasi nihil placeat voluptas vel. Quidem ut neque dolores voluptatum ut perspiciatis dolore. Cum recusandae minima nobis consequuntur et autem ut.', 0, '2001-04-17 17:06:46', '1982-10-05 16:23:11');
INSERT INTO `messages` (`id`, `from_user_id`, `to_user_id`, `txt`, `is_delivered`, `created_at`, `update_at`) VALUES ('465', '83', '60', 'Sapiente animi aut vero nesciunt aut. Harum sapiente iste hic rerum autem voluptatem minus distinctio. Placeat id id aliquid dignissimos. Ad ipsum nulla cumque cumque voluptas impedit.', 1, '2013-05-30 21:21:32', '1981-11-10 22:58:12');
INSERT INTO `messages` (`id`, `from_user_id`, `to_user_id`, `txt`, `is_delivered`, `created_at`, `update_at`) VALUES ('466', '7', '78', 'Libero illum sunt deserunt quisquam explicabo eum dolorem. Voluptatibus commodi omnis quo laboriosam aut sit. Rem sunt corrupti inventore omnis repellendus commodi.', 0, '1987-09-29 11:15:58', '2002-09-02 04:10:14');
INSERT INTO `messages` (`id`, `from_user_id`, `to_user_id`, `txt`, `is_delivered`, `created_at`, `update_at`) VALUES ('467', '97', '82', 'Et assumenda eius est assumenda repellendus. Soluta sit reprehenderit incidunt quia suscipit maxime. Dolor sunt distinctio accusantium quae.', 1, '1988-06-21 04:31:30', '1974-09-26 08:53:43');
INSERT INTO `messages` (`id`, `from_user_id`, `to_user_id`, `txt`, `is_delivered`, `created_at`, `update_at`) VALUES ('468', '6', '71', 'Ut aut repellendus dicta voluptatibus. Quia omnis praesentium cumque quis sint. Possimus enim porro illo. Odit exercitationem earum aspernatur voluptatem quo rerum.', 1, '2016-10-28 10:43:35', '1970-10-27 03:49:45');
INSERT INTO `messages` (`id`, `from_user_id`, `to_user_id`, `txt`, `is_delivered`, `created_at`, `update_at`) VALUES ('469', '70', '27', 'Vero nobis quis quia odio qui nam. Quibusdam ex rerum occaecati temporibus et doloremque.', 1, '2001-03-28 05:31:06', '1995-08-12 23:13:16');
INSERT INTO `messages` (`id`, `from_user_id`, `to_user_id`, `txt`, `is_delivered`, `created_at`, `update_at`) VALUES ('470', '20', '56', 'Consequatur veritatis occaecati est. Eveniet voluptatibus nobis ipsam quia. Aut ipsum accusantium iure voluptatem.', 0, '2002-08-21 22:03:27', '2007-04-07 12:52:20');
INSERT INTO `messages` (`id`, `from_user_id`, `to_user_id`, `txt`, `is_delivered`, `created_at`, `update_at`) VALUES ('471', '16', '43', 'In ipsa repellendus minus quod aspernatur cum optio. Iste id adipisci recusandae quia. Reprehenderit ut explicabo soluta eum et repellat aut. Rerum quia eaque inventore doloremque in. Commodi numquam ea dolor sed inventore dolores assumenda.', 1, '1992-07-10 10:21:57', '1971-01-27 10:12:35');
INSERT INTO `messages` (`id`, `from_user_id`, `to_user_id`, `txt`, `is_delivered`, `created_at`, `update_at`) VALUES ('472', '40', '75', 'Ad magni et consequatur eligendi et. Est non optio omnis animi. Nulla placeat ducimus quia reprehenderit facilis.', 0, '1977-09-02 07:51:34', '1989-07-17 01:30:40');
INSERT INTO `messages` (`id`, `from_user_id`, `to_user_id`, `txt`, `is_delivered`, `created_at`, `update_at`) VALUES ('473', '35', '28', 'Eos et accusantium quo voluptatum itaque. Vero enim sint eveniet est. Sunt omnis recusandae eligendi ducimus sint harum. Voluptatem ipsam eaque ipsa eos.', 1, '1976-05-21 01:21:28', '1973-07-12 09:20:46');
INSERT INTO `messages` (`id`, `from_user_id`, `to_user_id`, `txt`, `is_delivered`, `created_at`, `update_at`) VALUES ('474', '37', '49', 'Aut quo aut ipsum facilis sint non odit. Minus et ducimus soluta voluptas ut sit. Fuga ut molestiae itaque et cupiditate. Voluptas praesentium in iste consequatur quisquam.', 1, '1995-04-10 10:31:51', '1976-01-28 10:48:20');
INSERT INTO `messages` (`id`, `from_user_id`, `to_user_id`, `txt`, `is_delivered`, `created_at`, `update_at`) VALUES ('475', '56', '57', 'Quam voluptas repellendus ut voluptas atque dolorem minima. Et veniam sit voluptate minima dolor. Neque voluptatibus nihil nostrum beatae consectetur saepe mollitia. Odit eligendi rerum in.', 0, '2008-07-02 10:30:07', '2001-09-16 09:54:56');
INSERT INTO `messages` (`id`, `from_user_id`, `to_user_id`, `txt`, `is_delivered`, `created_at`, `update_at`) VALUES ('476', '29', '38', 'Facilis culpa dignissimos voluptatibus provident expedita autem. Aut molestias ullam a et consequuntur qui provident vero. Voluptatibus aperiam aut at deserunt suscipit aperiam provident. Deleniti quasi tempore unde quis porro porro sint repudiandae. Alias accusamus cum et consequatur ut iste est.', 0, '1977-12-05 01:37:44', '1990-12-28 09:04:27');
INSERT INTO `messages` (`id`, `from_user_id`, `to_user_id`, `txt`, `is_delivered`, `created_at`, `update_at`) VALUES ('477', '80', '60', 'Dolores eos aut dolores et. Eos maiores minima numquam porro. Molestiae voluptas nobis veniam molestias numquam rerum ea. Officiis corporis omnis vel velit.', 0, '1988-10-22 11:42:43', '1985-05-17 16:05:33');
INSERT INTO `messages` (`id`, `from_user_id`, `to_user_id`, `txt`, `is_delivered`, `created_at`, `update_at`) VALUES ('478', '26', '95', 'Repellat iure et eos. Dolores labore laboriosam dolorem. Saepe accusamus doloribus architecto. Sed numquam veniam esse praesentium accusamus id hic.', 0, '1997-03-08 13:50:57', '1985-07-21 22:54:12');
INSERT INTO `messages` (`id`, `from_user_id`, `to_user_id`, `txt`, `is_delivered`, `created_at`, `update_at`) VALUES ('479', '83', '84', 'Eum sapiente expedita laudantium possimus eaque non accusamus voluptatem. Iure possimus facere nobis. Ducimus exercitationem odio mollitia voluptatem amet consequatur officiis.', 0, '1990-01-19 06:36:38', '1974-03-08 07:13:10');
INSERT INTO `messages` (`id`, `from_user_id`, `to_user_id`, `txt`, `is_delivered`, `created_at`, `update_at`) VALUES ('480', '71', '66', 'Nihil at ducimus eligendi voluptatibus amet vero nostrum. Modi sunt voluptas cumque repudiandae. Cupiditate occaecati ipsum ut ipsam eius illo. Et odit dolore ut consectetur.', 1, '2012-03-28 18:40:05', '2005-10-25 14:28:18');
INSERT INTO `messages` (`id`, `from_user_id`, `to_user_id`, `txt`, `is_delivered`, `created_at`, `update_at`) VALUES ('481', '44', '77', 'Est dicta eaque quasi tempore. Cum debitis similique perspiciatis eos officia nisi accusantium omnis. Praesentium sapiente eum nesciunt fuga ut neque sit sapiente. Similique esse rem provident optio excepturi ut perspiciatis ratione. Maiores est laudantium illo earum.', 1, '2003-10-10 05:03:29', '2007-02-05 16:20:54');
INSERT INTO `messages` (`id`, `from_user_id`, `to_user_id`, `txt`, `is_delivered`, `created_at`, `update_at`) VALUES ('482', '43', '40', 'Id quo et totam quisquam ullam consequatur totam. Et ut mollitia ut pariatur qui sequi exercitationem. Tempore dicta laboriosam et consectetur repudiandae tenetur aut. Pariatur nobis officia enim quo sit ad sunt. Quibusdam et eveniet hic.', 1, '1973-05-06 23:54:28', '2003-10-24 09:46:42');
INSERT INTO `messages` (`id`, `from_user_id`, `to_user_id`, `txt`, `is_delivered`, `created_at`, `update_at`) VALUES ('483', '59', '49', 'Earum minus maxime ut et qui. Modi ea quos sint explicabo natus nisi. Et temporibus itaque officiis repellendus hic.', 0, '1975-01-15 15:08:55', '2014-02-08 13:21:11');
INSERT INTO `messages` (`id`, `from_user_id`, `to_user_id`, `txt`, `is_delivered`, `created_at`, `update_at`) VALUES ('484', '11', '28', 'Delectus expedita ad enim doloremque et tempora vero. Reiciendis ad excepturi enim voluptas at voluptatem. Dolorem ut architecto cum et corrupti voluptas.', 1, '2017-05-26 12:12:20', '2003-08-22 23:32:18');
INSERT INTO `messages` (`id`, `from_user_id`, `to_user_id`, `txt`, `is_delivered`, `created_at`, `update_at`) VALUES ('485', '75', '31', 'Debitis sit in sint minima laudantium a laborum. Excepturi assumenda aperiam ut quod debitis quidem nihil. Amet et minus vel pariatur facilis. Sint ad voluptate iusto voluptas illo ut asperiores et.', 1, '2018-10-11 02:34:28', '1981-02-09 08:02:07');
INSERT INTO `messages` (`id`, `from_user_id`, `to_user_id`, `txt`, `is_delivered`, `created_at`, `update_at`) VALUES ('486', '83', '91', 'Cum officia possimus et totam consequatur ipsa. Temporibus aut et voluptas et atque est quia. Consequatur vel sint ipsa ea vero quaerat ea. Repellendus beatae dolores tenetur ut aut itaque alias.', 0, '2013-04-26 20:19:35', '1972-07-14 10:47:38');
INSERT INTO `messages` (`id`, `from_user_id`, `to_user_id`, `txt`, `is_delivered`, `created_at`, `update_at`) VALUES ('487', '73', '23', 'Voluptas et magnam et. Corrupti cumque earum qui quibusdam sed tempora.', 0, '2007-02-11 02:57:17', '1981-10-04 23:26:29');
INSERT INTO `messages` (`id`, `from_user_id`, `to_user_id`, `txt`, `is_delivered`, `created_at`, `update_at`) VALUES ('488', '65', '7', 'Unde alias dignissimos id et doloremque eaque id. Necessitatibus natus nihil et corrupti corporis quas. Numquam repudiandae velit aliquid ipsum voluptas doloremque.', 0, '1977-11-18 10:34:09', '1995-09-06 16:51:32');
INSERT INTO `messages` (`id`, `from_user_id`, `to_user_id`, `txt`, `is_delivered`, `created_at`, `update_at`) VALUES ('489', '50', '1', 'Incidunt a iusto animi itaque consequatur minus. Incidunt necessitatibus voluptas dignissimos corrupti voluptatem cum eos. Sit sapiente et deleniti delectus et dolor. Voluptates quos dolorem et est tempora eum id voluptatem.', 1, '1984-10-04 10:53:26', '2008-10-20 00:20:51');
INSERT INTO `messages` (`id`, `from_user_id`, `to_user_id`, `txt`, `is_delivered`, `created_at`, `update_at`) VALUES ('490', '56', '6', 'Aliquam delectus et expedita reprehenderit quo eos distinctio. Veritatis dolorem ipsum dolore dolorem amet. Dolorum ducimus et labore ut est.', 1, '1979-11-13 19:24:48', '1978-12-20 03:30:27');
INSERT INTO `messages` (`id`, `from_user_id`, `to_user_id`, `txt`, `is_delivered`, `created_at`, `update_at`) VALUES ('491', '57', '84', 'Quibusdam quo quam consequatur ut dolor. Et quibusdam qui dolorem deleniti aperiam mollitia. Quisquam consequuntur atque et atque.', 1, '1976-02-21 00:35:47', '1971-09-19 00:03:56');
INSERT INTO `messages` (`id`, `from_user_id`, `to_user_id`, `txt`, `is_delivered`, `created_at`, `update_at`) VALUES ('492', '43', '37', 'Deleniti veritatis suscipit voluptas non. Quisquam aut itaque quam hic. Qui error aut repudiandae temporibus dicta.', 1, '1992-12-20 23:55:43', '1992-01-13 12:34:57');
INSERT INTO `messages` (`id`, `from_user_id`, `to_user_id`, `txt`, `is_delivered`, `created_at`, `update_at`) VALUES ('493', '44', '69', 'Totam qui consequatur autem laudantium. Sequi at est necessitatibus fugit nisi modi dolore. Ut animi dolorem eligendi et quidem quas iure.', 1, '1988-02-21 21:29:22', '2002-01-02 02:24:12');
INSERT INTO `messages` (`id`, `from_user_id`, `to_user_id`, `txt`, `is_delivered`, `created_at`, `update_at`) VALUES ('494', '31', '27', 'Maxime ipsa voluptatem repellendus aperiam dolores nulla perspiciatis. Aliquam aut labore est earum atque. Corporis rerum id quia sunt. Dolore perferendis velit temporibus maxime deleniti corrupti ut. Amet quis soluta accusamus sed eum pariatur excepturi et.', 1, '1975-08-26 11:47:30', '1974-04-30 13:18:21');
INSERT INTO `messages` (`id`, `from_user_id`, `to_user_id`, `txt`, `is_delivered`, `created_at`, `update_at`) VALUES ('495', '53', '2', 'Ab voluptas cum occaecati. Vitae exercitationem quia molestiae omnis asperiores laboriosam sit odit. Dignissimos velit odit aut natus qui distinctio quos.', 1, '1981-08-24 13:15:23', '2018-02-16 08:08:29');
INSERT INTO `messages` (`id`, `from_user_id`, `to_user_id`, `txt`, `is_delivered`, `created_at`, `update_at`) VALUES ('496', '92', '96', 'Voluptatum et qui rerum ea et rerum. Cum in sequi qui et debitis. Sed vel odit a tenetur pariatur.', 1, '1997-02-15 18:23:38', '1993-01-05 23:52:09');
INSERT INTO `messages` (`id`, `from_user_id`, `to_user_id`, `txt`, `is_delivered`, `created_at`, `update_at`) VALUES ('497', '78', '35', 'Quam beatae corporis iusto consequuntur. Facere doloremque nulla et ea nisi. Sint non consequatur officia atque aut. Eius quas reprehenderit aliquid.', 1, '2014-04-12 09:45:23', '2021-02-19 00:45:22');
INSERT INTO `messages` (`id`, `from_user_id`, `to_user_id`, `txt`, `is_delivered`, `created_at`, `update_at`) VALUES ('498', '35', '37', 'Consequatur non nihil saepe et ut omnis ducimus quae. Velit voluptas qui nostrum aspernatur eius nobis. Qui sit iste molestias et vitae.', 1, '1978-07-05 20:30:41', '1992-11-15 16:58:15');
INSERT INTO `messages` (`id`, `from_user_id`, `to_user_id`, `txt`, `is_delivered`, `created_at`, `update_at`) VALUES ('499', '83', '46', 'Qui perspiciatis sed id facilis. Quae modi possimus non. Perferendis et perspiciatis debitis numquam possimus.', 0, '1989-10-13 01:03:11', '1985-11-14 03:18:01');
INSERT INTO `messages` (`id`, `from_user_id`, `to_user_id`, `txt`, `is_delivered`, `created_at`, `update_at`) VALUES ('500', '64', '57', 'Unde tempore adipisci et. Quas rerum numquam qui qui.', 0, '2013-11-13 08:41:36', '1979-08-14 17:44:04');
INSERT INTO `messages` (`id`, `from_user_id`, `to_user_id`, `txt`, `is_delivered`, `created_at`, `update_at`) VALUES ('501', '76', '47', 'Eum a possimus qui saepe laborum harum eum. Sunt quis voluptas aut aut omnis atque veritatis. Animi similique id ea tempora autem mollitia consequatur est. Qui tempore autem voluptatem.', 0, '2014-12-18 00:11:45', '2019-12-14 21:28:48');
INSERT INTO `messages` (`id`, `from_user_id`, `to_user_id`, `txt`, `is_delivered`, `created_at`, `update_at`) VALUES ('502', '47', '49', 'Voluptas ad et aliquid molestiae natus reprehenderit. Dolorem temporibus voluptatem voluptatibus similique et sapiente reprehenderit. Recusandae laudantium qui dolores pariatur sunt id. Totam officiis nemo tenetur ducimus distinctio sed officia.', 1, '1971-07-15 15:26:44', '1991-07-10 14:14:45');
INSERT INTO `messages` (`id`, `from_user_id`, `to_user_id`, `txt`, `is_delivered`, `created_at`, `update_at`) VALUES ('503', '70', '12', 'Distinctio debitis ut laborum voluptatum. Est tempora eos impedit unde voluptatem laudantium. Aspernatur molestias veritatis quaerat sunt est dolores. Voluptatem voluptatem ut totam aut accusamus quam.', 0, '1989-05-11 10:45:13', '1971-02-02 20:31:58');
INSERT INTO `messages` (`id`, `from_user_id`, `to_user_id`, `txt`, `is_delivered`, `created_at`, `update_at`) VALUES ('504', '56', '20', 'Necessitatibus autem eos voluptatem ea eos. Et aut repellat deserunt reiciendis nulla neque. Rerum qui explicabo quae ipsam. Voluptatem accusamus et cumque et consectetur temporibus.', 0, '1983-11-02 03:37:08', '1997-08-29 01:05:14');
INSERT INTO `messages` (`id`, `from_user_id`, `to_user_id`, `txt`, `is_delivered`, `created_at`, `update_at`) VALUES ('505', '12', '11', 'Enim cum nisi nam. Quisquam autem similique nihil eligendi perferendis quia reprehenderit. Facere et consequatur ad hic modi tenetur. Fugiat cupiditate optio doloribus accusamus.', 1, '1977-08-14 17:24:56', '1992-03-26 21:39:57');
INSERT INTO `messages` (`id`, `from_user_id`, `to_user_id`, `txt`, `is_delivered`, `created_at`, `update_at`) VALUES ('506', '26', '69', 'Sint nemo minus dignissimos sit. Non dolor fugit magnam eligendi et. Eveniet expedita nam consectetur praesentium quia autem quo. Temporibus excepturi ut dolorem amet adipisci.', 1, '1970-03-06 07:07:51', '1981-03-05 11:23:04');
INSERT INTO `messages` (`id`, `from_user_id`, `to_user_id`, `txt`, `is_delivered`, `created_at`, `update_at`) VALUES ('507', '94', '68', 'Pariatur est nostrum quisquam possimus deleniti facere maxime. Tempore assumenda velit maxime velit sed maiores et. Sapiente et explicabo ut magnam rerum modi.', 1, '1978-07-27 04:19:09', '2001-09-13 11:34:49');
INSERT INTO `messages` (`id`, `from_user_id`, `to_user_id`, `txt`, `is_delivered`, `created_at`, `update_at`) VALUES ('508', '5', '37', 'Unde fugit recusandae dolorum. Voluptatem perspiciatis quis in quos pariatur ducimus quia. Perferendis harum quia totam odit. Sit architecto voluptatem quidem doloribus natus id.', 0, '2019-11-26 21:33:51', '2004-12-24 15:38:15');
INSERT INTO `messages` (`id`, `from_user_id`, `to_user_id`, `txt`, `is_delivered`, `created_at`, `update_at`) VALUES ('509', '37', '36', 'Quia labore temporibus velit consequuntur sed perferendis dolor dolores. Consectetur libero consectetur neque culpa sed hic sit. Aut distinctio facere veritatis molestiae culpa assumenda.', 1, '1996-03-24 13:29:20', '2013-01-17 04:13:36');
INSERT INTO `messages` (`id`, `from_user_id`, `to_user_id`, `txt`, `is_delivered`, `created_at`, `update_at`) VALUES ('510', '64', '89', 'Veritatis rerum ut nulla illo suscipit eveniet. Fugit delectus et quia tenetur. Ad autem aspernatur reiciendis repellat. Voluptatem sint eaque ullam commodi rerum.', 0, '1974-04-18 15:09:02', '1996-06-20 03:49:12');
INSERT INTO `messages` (`id`, `from_user_id`, `to_user_id`, `txt`, `is_delivered`, `created_at`, `update_at`) VALUES ('511', '37', '55', 'Voluptas qui amet repudiandae eveniet. Autem eveniet quo facere voluptatem sint laboriosam. Fugiat odio odit aut aut aliquam voluptatem. Tempora recusandae doloremque ut sed.', 0, '1998-04-11 11:21:18', '1971-06-14 21:41:05');
INSERT INTO `messages` (`id`, `from_user_id`, `to_user_id`, `txt`, `is_delivered`, `created_at`, `update_at`) VALUES ('512', '85', '15', 'Magnam reiciendis voluptatem eius quia sint. Repellendus blanditiis labore et dolores. Et veniam dolor et ut officia omnis. Ut qui natus perferendis.', 0, '1995-06-23 22:35:57', '2008-04-27 11:05:41');
INSERT INTO `messages` (`id`, `from_user_id`, `to_user_id`, `txt`, `is_delivered`, `created_at`, `update_at`) VALUES ('513', '90', '20', 'Deserunt autem repellat eius rem ullam. Modi vitae quasi velit accusantium et officia repellendus. Consequatur exercitationem laborum cumque mollitia.', 1, '1979-02-18 13:10:37', '1978-06-30 02:34:32');
INSERT INTO `messages` (`id`, `from_user_id`, `to_user_id`, `txt`, `is_delivered`, `created_at`, `update_at`) VALUES ('514', '51', '72', 'Et aspernatur aliquam optio. Assumenda soluta neque iure dolores quidem. Expedita recusandae inventore et nobis veritatis aliquid neque. A nulla aut expedita magni quia.', 1, '2011-10-22 02:10:16', '1984-12-19 21:04:45');
INSERT INTO `messages` (`id`, `from_user_id`, `to_user_id`, `txt`, `is_delivered`, `created_at`, `update_at`) VALUES ('515', '65', '15', 'Impedit molestiae ut similique sed dolorum aliquid. Dolorem similique tempore voluptate et voluptas cum recusandae illum.', 0, '2019-09-09 23:57:46', '2019-02-23 20:37:15');
INSERT INTO `messages` (`id`, `from_user_id`, `to_user_id`, `txt`, `is_delivered`, `created_at`, `update_at`) VALUES ('516', '29', '41', 'In a veritatis porro ducimus et tenetur quia. Voluptatibus sed modi aut dolorum neque et possimus. Quae nobis ex necessitatibus laudantium.', 0, '1998-03-01 16:54:03', '2020-07-22 18:51:47');
INSERT INTO `messages` (`id`, `from_user_id`, `to_user_id`, `txt`, `is_delivered`, `created_at`, `update_at`) VALUES ('517', '62', '76', 'Eum id incidunt dolore quibusdam est sed. Porro recusandae maxime aperiam esse tempore vel reiciendis. Ut quae ea amet et in cumque perspiciatis quod.', 1, '1992-03-19 23:42:50', '1973-08-23 15:07:31');
INSERT INTO `messages` (`id`, `from_user_id`, `to_user_id`, `txt`, `is_delivered`, `created_at`, `update_at`) VALUES ('518', '90', '31', 'Dolore error vero corrupti reiciendis eum. Fugiat voluptatum at consequatur voluptatum. Aliquid magnam modi praesentium magnam minima est sit et. Rerum nam enim at esse itaque veniam quod ea.', 1, '1975-02-23 19:27:11', '1996-06-18 05:22:07');
INSERT INTO `messages` (`id`, `from_user_id`, `to_user_id`, `txt`, `is_delivered`, `created_at`, `update_at`) VALUES ('519', '87', '45', 'Repudiandae ab et molestiae laborum explicabo sapiente facere. Voluptates illum dolorum corporis blanditiis laboriosam. Ab accusamus est laboriosam iusto modi omnis.', 1, '1999-03-25 12:42:12', '2000-10-24 18:49:10');
INSERT INTO `messages` (`id`, `from_user_id`, `to_user_id`, `txt`, `is_delivered`, `created_at`, `update_at`) VALUES ('520', '51', '99', 'Praesentium ut qui ab alias voluptatum. Eveniet nihil consectetur omnis ut sit culpa similique.', 0, '2016-05-21 22:18:34', '1988-07-15 05:17:52');
INSERT INTO `messages` (`id`, `from_user_id`, `to_user_id`, `txt`, `is_delivered`, `created_at`, `update_at`) VALUES ('521', '55', '76', 'Veniam veniam ullam sed quam culpa modi non. Non maxime adipisci natus ullam quod sit. Veniam deleniti perspiciatis aut delectus recusandae voluptas consequuntur.', 1, '1982-08-22 05:39:56', '2010-05-09 17:03:49');
INSERT INTO `messages` (`id`, `from_user_id`, `to_user_id`, `txt`, `is_delivered`, `created_at`, `update_at`) VALUES ('522', '67', '49', 'Illo et ut tenetur. Nobis aspernatur neque et iste. Corporis dolorem est at in tempora. Est rerum vel qui nulla autem qui hic.', 0, '2006-05-27 18:07:30', '2020-10-26 21:30:58');
INSERT INTO `messages` (`id`, `from_user_id`, `to_user_id`, `txt`, `is_delivered`, `created_at`, `update_at`) VALUES ('523', '44', '72', 'Ab earum iste aut dolorem. Quibusdam enim illum quo vel iure inventore. Architecto quis aut dolor voluptas quia sit quia. Quia est occaecati ex eum alias reiciendis maxime molestias. Omnis dolorem reprehenderit voluptatem ducimus.', 0, '2008-01-27 08:45:24', '2016-12-22 14:59:17');
INSERT INTO `messages` (`id`, `from_user_id`, `to_user_id`, `txt`, `is_delivered`, `created_at`, `update_at`) VALUES ('524', '86', '81', 'Qui reprehenderit assumenda dolorum non. Ad qui quia sed ducimus vero odit fuga vero. Quae beatae animi et asperiores earum.', 0, '2007-09-21 12:57:07', '1993-04-01 15:13:30');
INSERT INTO `messages` (`id`, `from_user_id`, `to_user_id`, `txt`, `is_delivered`, `created_at`, `update_at`) VALUES ('525', '7', '49', 'Qui a quasi quae itaque omnis at ducimus. Cupiditate expedita illo velit nisi consequatur a. Et optio necessitatibus tempore vero. Incidunt qui blanditiis quod sunt.', 1, '2018-05-13 16:54:43', '1980-03-28 06:38:35');
INSERT INTO `messages` (`id`, `from_user_id`, `to_user_id`, `txt`, `is_delivered`, `created_at`, `update_at`) VALUES ('526', '70', '44', 'Est mollitia quia nihil. Sit ea ipsam inventore. Nam voluptatibus sint praesentium fugiat dolorem. Distinctio voluptas dolorem ipsam maiores rerum est.', 1, '1988-12-04 08:27:28', '2003-03-10 04:12:39');
INSERT INTO `messages` (`id`, `from_user_id`, `to_user_id`, `txt`, `is_delivered`, `created_at`, `update_at`) VALUES ('527', '4', '54', 'Est quasi eligendi sint ad odio. Sint dolore fugiat voluptatem maiores harum et. Sed delectus et consequatur fugit voluptas exercitationem voluptatem.', 0, '1971-08-02 11:44:42', '1990-04-08 09:07:00');
INSERT INTO `messages` (`id`, `from_user_id`, `to_user_id`, `txt`, `is_delivered`, `created_at`, `update_at`) VALUES ('528', '58', '93', 'Non quos officiis quia quaerat eum. At consequatur saepe aperiam quasi nesciunt illum. Magni odit voluptate asperiores accusamus aperiam dolor. Et unde non natus sapiente aut veniam.', 1, '1991-02-03 08:09:17', '2003-09-19 01:17:28');
INSERT INTO `messages` (`id`, `from_user_id`, `to_user_id`, `txt`, `is_delivered`, `created_at`, `update_at`) VALUES ('529', '73', '9', 'Quis quae quos accusantium reiciendis dolor illum quidem. Voluptatem facilis magni molestiae quis vitae. Unde consequatur nulla architecto eveniet in veritatis dolorum. Sequi optio maiores corrupti rerum sequi.', 0, '2013-12-29 07:38:32', '1995-10-18 12:56:21');
INSERT INTO `messages` (`id`, `from_user_id`, `to_user_id`, `txt`, `is_delivered`, `created_at`, `update_at`) VALUES ('530', '65', '38', 'Non magni incidunt consequuntur quidem. Blanditiis velit nemo ducimus totam earum voluptates. Cumque alias aspernatur eius quod quaerat.', 0, '1984-11-11 04:13:31', '1997-01-02 03:02:01');
INSERT INTO `messages` (`id`, `from_user_id`, `to_user_id`, `txt`, `is_delivered`, `created_at`, `update_at`) VALUES ('531', '24', '94', 'Est aspernatur delectus iste doloribus nostrum doloribus. Vitae sit enim sapiente. Dolor et quibusdam rerum omnis aut ab odio.', 0, '1970-03-08 00:49:22', '2011-07-29 19:24:02');
INSERT INTO `messages` (`id`, `from_user_id`, `to_user_id`, `txt`, `is_delivered`, `created_at`, `update_at`) VALUES ('532', '78', '85', 'Sit porro ducimus pariatur laboriosam aliquid quo ipsa. Tempore inventore dolorum ipsum est. Necessitatibus commodi quibusdam excepturi.', 1, '2019-08-30 04:52:39', '2003-03-30 17:13:08');
INSERT INTO `messages` (`id`, `from_user_id`, `to_user_id`, `txt`, `is_delivered`, `created_at`, `update_at`) VALUES ('533', '69', '68', 'Sint eos fugit esse sed odit eligendi voluptatibus. Doloribus adipisci nam aut exercitationem culpa eum. Necessitatibus ab non et eveniet dignissimos natus quia.', 0, '2018-01-02 02:28:06', '1975-05-03 12:35:12');
INSERT INTO `messages` (`id`, `from_user_id`, `to_user_id`, `txt`, `is_delivered`, `created_at`, `update_at`) VALUES ('534', '16', '56', 'Ut qui ut nihil et. Sint similique voluptas at tenetur quia eligendi. Ipsam quas aspernatur est nisi odio qui accusantium omnis.', 1, '2007-01-27 03:35:13', '2010-11-13 16:58:02');
INSERT INTO `messages` (`id`, `from_user_id`, `to_user_id`, `txt`, `is_delivered`, `created_at`, `update_at`) VALUES ('535', '12', '67', 'Iure necessitatibus ullam nihil dolor et. Nemo quos qui in dolores non non quo. Voluptas nam dicta ut maxime nam eaque.', 0, '2004-09-09 13:52:11', '2011-06-30 22:29:26');
INSERT INTO `messages` (`id`, `from_user_id`, `to_user_id`, `txt`, `is_delivered`, `created_at`, `update_at`) VALUES ('536', '54', '67', 'Iusto vero rerum et enim suscipit. Aperiam perspiciatis deserunt consequatur dicta. Distinctio quaerat delectus amet pariatur officia nihil minus.', 0, '1981-08-14 08:23:51', '1985-08-29 15:53:08');
INSERT INTO `messages` (`id`, `from_user_id`, `to_user_id`, `txt`, `is_delivered`, `created_at`, `update_at`) VALUES ('537', '42', '20', 'Eum minus debitis corrupti. Consequuntur sapiente doloremque porro accusantium et et dolorem. Quo sit saepe autem error reprehenderit esse ut. Reiciendis aut quae rerum delectus temporibus velit. Optio repellendus quis voluptas velit est.', 0, '2001-03-28 03:49:14', '2003-12-25 14:24:13');
INSERT INTO `messages` (`id`, `from_user_id`, `to_user_id`, `txt`, `is_delivered`, `created_at`, `update_at`) VALUES ('538', '15', '85', 'Amet aut aliquid ipsum quod. Earum omnis nisi sit amet adipisci laborum. Et quia earum reiciendis et. Blanditiis omnis fugiat dolores in illo optio.', 1, '1980-05-08 10:26:17', '1974-09-05 08:13:49');
INSERT INTO `messages` (`id`, `from_user_id`, `to_user_id`, `txt`, `is_delivered`, `created_at`, `update_at`) VALUES ('539', '92', '1', 'Dolorem iure voluptatem et quia. Excepturi reiciendis sit sequi excepturi rerum dolorem. Sint ut quia in dolor ipsam nisi ipsam. Veritatis vero dolor vel ut quas commodi unde.', 1, '1981-11-19 18:34:01', '1986-12-08 10:45:00');
INSERT INTO `messages` (`id`, `from_user_id`, `to_user_id`, `txt`, `is_delivered`, `created_at`, `update_at`) VALUES ('540', '66', '98', 'Voluptas nisi porro mollitia consequatur quasi. Corporis dolores non praesentium recusandae iste corporis. Voluptatum quod sit harum commodi quia.', 1, '1983-02-07 23:18:38', '1996-05-24 09:00:17');
INSERT INTO `messages` (`id`, `from_user_id`, `to_user_id`, `txt`, `is_delivered`, `created_at`, `update_at`) VALUES ('541', '49', '35', 'Suscipit consequatur harum et consectetur. Quia doloribus inventore soluta fuga ullam amet. Et quia fuga nostrum molestiae.', 1, '1983-04-23 03:54:48', '1988-05-06 04:06:50');
INSERT INTO `messages` (`id`, `from_user_id`, `to_user_id`, `txt`, `is_delivered`, `created_at`, `update_at`) VALUES ('542', '42', '52', 'Voluptatum minima nihil et dicta ex. Sed in non quos esse. Facilis quia ad est laborum voluptas iure minus.', 1, '1972-04-13 12:24:17', '1996-03-15 20:45:05');
INSERT INTO `messages` (`id`, `from_user_id`, `to_user_id`, `txt`, `is_delivered`, `created_at`, `update_at`) VALUES ('543', '88', '100', 'Rerum enim excepturi dolor voluptatem cum eveniet in. Non consectetur exercitationem aperiam perspiciatis. Eos eaque numquam aliquam aut molestiae. Quis voluptatem illo molestias quo.', 0, '1988-06-16 04:25:57', '2012-06-25 15:05:50');
INSERT INTO `messages` (`id`, `from_user_id`, `to_user_id`, `txt`, `is_delivered`, `created_at`, `update_at`) VALUES ('544', '45', '60', 'Iusto officiis voluptas excepturi laboriosam molestias occaecati qui. Qui placeat expedita numquam repellendus itaque atque sit. Vitae facilis in quis molestiae totam totam. Ullam et nisi ut.', 0, '1975-02-01 10:09:37', '1998-06-08 01:40:32');
INSERT INTO `messages` (`id`, `from_user_id`, `to_user_id`, `txt`, `is_delivered`, `created_at`, `update_at`) VALUES ('545', '8', '9', 'Et consequuntur asperiores labore. Et recusandae et eligendi. Voluptas unde soluta consequatur harum nemo perspiciatis.', 0, '2000-12-10 19:08:10', '1984-02-21 13:55:13');
INSERT INTO `messages` (`id`, `from_user_id`, `to_user_id`, `txt`, `is_delivered`, `created_at`, `update_at`) VALUES ('546', '97', '32', 'Earum ea deserunt minima eligendi. Eos consequatur ut est et itaque. Voluptas ut minus quasi sed.', 0, '1985-11-04 03:03:52', '1977-05-05 13:16:33');
INSERT INTO `messages` (`id`, `from_user_id`, `to_user_id`, `txt`, `is_delivered`, `created_at`, `update_at`) VALUES ('547', '2', '75', 'Est et reprehenderit doloremque sequi hic. Tempore asperiores qui est quis. Perspiciatis molestias officiis et totam optio repellendus.', 0, '2005-05-23 09:11:12', '1993-12-07 22:46:17');
INSERT INTO `messages` (`id`, `from_user_id`, `to_user_id`, `txt`, `is_delivered`, `created_at`, `update_at`) VALUES ('548', '17', '71', 'Impedit est explicabo et voluptatem cupiditate velit. Provident necessitatibus commodi rerum corporis ut rerum molestiae. Sed ut voluptatibus natus qui blanditiis. Veritatis officia illum qui facere quia nemo. Deserunt mollitia exercitationem fugit similique accusamus velit quis similique.', 0, '1993-06-13 22:24:30', '2010-12-07 13:25:27');
INSERT INTO `messages` (`id`, `from_user_id`, `to_user_id`, `txt`, `is_delivered`, `created_at`, `update_at`) VALUES ('549', '42', '32', 'Qui labore aut minus magnam. Laborum maxime facilis esse nulla vero consectetur. Ut sunt quod provident est. Qui ea hic veritatis laudantium. Veniam sed ut et quasi inventore porro.', 1, '2009-01-08 22:52:49', '1998-07-05 06:26:12');
INSERT INTO `messages` (`id`, `from_user_id`, `to_user_id`, `txt`, `is_delivered`, `created_at`, `update_at`) VALUES ('550', '26', '54', 'Ipsa sit voluptatum debitis. Et non dolores placeat dolor quia voluptatum. Fugiat deserunt quo assumenda.', 1, '1980-06-09 09:12:56', '2017-08-24 02:58:51');
INSERT INTO `messages` (`id`, `from_user_id`, `to_user_id`, `txt`, `is_delivered`, `created_at`, `update_at`) VALUES ('551', '99', '80', 'Aut dolore qui consequatur quam. Et deleniti impedit non ipsa alias inventore. Harum in eos eum autem quisquam.', 0, '1972-09-07 21:47:15', '2006-02-20 21:07:13');
INSERT INTO `messages` (`id`, `from_user_id`, `to_user_id`, `txt`, `is_delivered`, `created_at`, `update_at`) VALUES ('552', '20', '40', 'Nihil et architecto molestiae optio doloribus dicta reprehenderit aliquid. Molestiae consectetur perferendis architecto unde sed enim placeat. Nobis pariatur magnam maiores facere id. Natus minus quidem nemo sint deleniti neque.', 1, '1984-10-29 04:35:45', '1991-02-01 09:40:38');
INSERT INTO `messages` (`id`, `from_user_id`, `to_user_id`, `txt`, `is_delivered`, `created_at`, `update_at`) VALUES ('553', '100', '35', 'Consectetur soluta veniam omnis iure. Enim sunt cumque voluptas vitae iusto labore. Cum hic blanditiis voluptatem voluptatem autem explicabo. Ipsa perferendis dolor consequatur non non consequatur quam.', 0, '1976-09-06 00:40:07', '2002-03-09 10:20:44');
INSERT INTO `messages` (`id`, `from_user_id`, `to_user_id`, `txt`, `is_delivered`, `created_at`, `update_at`) VALUES ('554', '25', '91', 'Aut qui quos iste omnis. Eum blanditiis quos veritatis aperiam ut. Tempora quibusdam ullam quibusdam dolor eum. Et minima tempore eveniet aut consequatur ut.', 0, '1986-12-15 12:13:35', '1992-03-01 15:37:48');
INSERT INTO `messages` (`id`, `from_user_id`, `to_user_id`, `txt`, `is_delivered`, `created_at`, `update_at`) VALUES ('555', '35', '90', 'Error rem facilis sunt voluptate non saepe. Consectetur modi quas sunt voluptatum provident error. Odio voluptatem doloribus quam labore in sapiente maxime. Consequatur iure non quibusdam. Et est hic qui.', 0, '1972-12-15 11:53:25', '1987-10-10 14:33:19');
INSERT INTO `messages` (`id`, `from_user_id`, `to_user_id`, `txt`, `is_delivered`, `created_at`, `update_at`) VALUES ('556', '89', '84', 'Adipisci voluptatum occaecati illo culpa sit officia iure. Ab nisi soluta voluptate incidunt voluptates qui pariatur. Asperiores consequatur incidunt et eius. Nulla id ut est non qui id cupiditate.', 1, '2019-09-30 14:27:01', '1992-04-22 21:35:26');
INSERT INTO `messages` (`id`, `from_user_id`, `to_user_id`, `txt`, `is_delivered`, `created_at`, `update_at`) VALUES ('557', '24', '30', 'Eos enim nihil ipsa nam. Recusandae voluptas voluptatem similique illum incidunt nisi totam. Quasi aut doloremque velit sint. Dolorem nisi soluta possimus esse debitis omnis.', 0, '1981-10-16 14:30:31', '2021-01-20 02:33:28');
INSERT INTO `messages` (`id`, `from_user_id`, `to_user_id`, `txt`, `is_delivered`, `created_at`, `update_at`) VALUES ('558', '36', '12', 'Repellendus architecto optio iure placeat natus. Placeat cum consequatur similique omnis laboriosam autem. Sed dolores amet quod. Quo debitis dolor possimus id animi. Explicabo ut rem ducimus exercitationem repellat.', 1, '1972-01-22 19:13:34', '2007-02-01 23:29:16');
INSERT INTO `messages` (`id`, `from_user_id`, `to_user_id`, `txt`, `is_delivered`, `created_at`, `update_at`) VALUES ('559', '29', '80', 'Dolores assumenda ut sit voluptas sit est. Consequatur qui eligendi id dolore itaque non. Quaerat quibusdam illo voluptate praesentium.', 0, '1971-02-19 20:41:48', '2013-04-04 11:31:22');
INSERT INTO `messages` (`id`, `from_user_id`, `to_user_id`, `txt`, `is_delivered`, `created_at`, `update_at`) VALUES ('560', '71', '36', 'Culpa tempora dolores unde quibusdam officia dolorem sed excepturi. Corrupti sequi ut deserunt maiores hic animi earum. Ducimus excepturi sunt eius magnam sed dolores.', 0, '2019-06-22 09:44:40', '1978-07-14 18:09:24');
INSERT INTO `messages` (`id`, `from_user_id`, `to_user_id`, `txt`, `is_delivered`, `created_at`, `update_at`) VALUES ('561', '89', '68', 'Non cum id eos possimus sed sint ipsam ut. Possimus odit et ut accusamus optio repellendus nobis natus. Enim eos accusamus a.', 1, '2018-11-16 22:47:42', '1986-09-09 06:14:38');
INSERT INTO `messages` (`id`, `from_user_id`, `to_user_id`, `txt`, `is_delivered`, `created_at`, `update_at`) VALUES ('562', '68', '91', 'Laudantium ex sequi et sunt illum qui. Aut aspernatur enim dolorem. Nihil maiores in sit quae nihil. Velit placeat laborum dolores non.', 0, '1997-12-17 06:57:50', '1983-06-17 03:22:48');
INSERT INTO `messages` (`id`, `from_user_id`, `to_user_id`, `txt`, `is_delivered`, `created_at`, `update_at`) VALUES ('563', '43', '84', 'Enim voluptates tempore est eos. Non quas et dolorem nobis. Ex ea quaerat cumque sit.', 0, '1991-06-08 20:30:30', '2008-05-24 01:21:18');
INSERT INTO `messages` (`id`, `from_user_id`, `to_user_id`, `txt`, `is_delivered`, `created_at`, `update_at`) VALUES ('564', '62', '85', 'Ut voluptatem neque et laudantium sint voluptatem voluptas. Voluptas ut qui necessitatibus dolor ducimus.', 0, '1986-09-21 08:33:18', '1992-05-22 15:48:18');
INSERT INTO `messages` (`id`, `from_user_id`, `to_user_id`, `txt`, `is_delivered`, `created_at`, `update_at`) VALUES ('565', '16', '88', 'Sint reiciendis enim sit corporis aliquam et unde. Unde ad commodi rerum sit dolorum. Sit aperiam consequatur dolores aperiam omnis nulla.', 1, '2008-06-04 19:59:40', '2011-04-03 04:00:47');
INSERT INTO `messages` (`id`, `from_user_id`, `to_user_id`, `txt`, `is_delivered`, `created_at`, `update_at`) VALUES ('566', '38', '14', 'Qui et autem non id. Sit ad at perferendis numquam voluptate minus. Ab est similique numquam nihil delectus sed autem.', 0, '2019-06-21 03:46:57', '1999-06-11 17:40:14');
INSERT INTO `messages` (`id`, `from_user_id`, `to_user_id`, `txt`, `is_delivered`, `created_at`, `update_at`) VALUES ('567', '67', '58', 'Repellendus illo ut tempore quia. Sint sed totam dolore delectus dolore. Cum cumque delectus qui. Sed et error quia et facere omnis sed repellat. Laudantium aspernatur consequatur alias sequi.', 0, '2013-12-24 19:36:54', '2016-04-13 11:03:52');
INSERT INTO `messages` (`id`, `from_user_id`, `to_user_id`, `txt`, `is_delivered`, `created_at`, `update_at`) VALUES ('568', '54', '66', 'Architecto fugit velit sint iusto totam vero corporis. Cum vel eius temporibus exercitationem aut. Fugiat natus minus cumque illo iure. Iste natus exercitationem molestias sunt sit consectetur. Delectus commodi voluptas odit ipsam harum.', 1, '1983-10-19 10:45:08', '2020-11-20 20:55:13');
INSERT INTO `messages` (`id`, `from_user_id`, `to_user_id`, `txt`, `is_delivered`, `created_at`, `update_at`) VALUES ('569', '93', '78', 'At nihil similique dolorum placeat est. Et minima cum culpa dicta quidem. Sequi magni commodi est totam quis consequatur. Voluptatem dolor architecto sit modi consequatur rem quia.', 0, '1982-03-20 06:32:07', '1970-05-06 17:50:42');
INSERT INTO `messages` (`id`, `from_user_id`, `to_user_id`, `txt`, `is_delivered`, `created_at`, `update_at`) VALUES ('570', '57', '27', 'Quas dolorum asperiores quia et odit mollitia molestiae. Quo praesentium minima perferendis dolore reiciendis et. Necessitatibus accusantium consequuntur neque aliquam. Eos quis quibusdam eligendi fuga cupiditate. In ex enim voluptatem qui.', 1, '2012-10-15 21:23:23', '1987-08-10 15:30:00');
INSERT INTO `messages` (`id`, `from_user_id`, `to_user_id`, `txt`, `is_delivered`, `created_at`, `update_at`) VALUES ('571', '68', '45', 'Voluptatibus facilis placeat ipsum blanditiis dolore optio. Doloribus quam reprehenderit natus pariatur quas. Voluptatum vero laborum voluptatem voluptatibus. Inventore dolor iusto autem ipsa voluptate non voluptatibus.', 1, '1974-03-27 18:23:44', '1986-12-26 17:41:40');
INSERT INTO `messages` (`id`, `from_user_id`, `to_user_id`, `txt`, `is_delivered`, `created_at`, `update_at`) VALUES ('572', '11', '92', 'Et dignissimos delectus ex molestias voluptatibus. Ducimus tenetur provident incidunt voluptate.', 1, '1994-01-31 20:53:23', '1971-12-06 16:51:40');
INSERT INTO `messages` (`id`, `from_user_id`, `to_user_id`, `txt`, `is_delivered`, `created_at`, `update_at`) VALUES ('573', '74', '46', 'Dolor molestias voluptate omnis ratione saepe eos. Repellat maiores quae tenetur molestiae molestiae qui. Nihil fuga ut est ullam harum. Nam est voluptates aspernatur quasi nesciunt numquam et.', 1, '2004-10-06 20:26:10', '1981-06-29 06:40:02');
INSERT INTO `messages` (`id`, `from_user_id`, `to_user_id`, `txt`, `is_delivered`, `created_at`, `update_at`) VALUES ('574', '3', '2', 'Pariatur minus dolores deserunt repudiandae ut est. Veritatis unde cupiditate et assumenda asperiores id. Qui qui perferendis id consequatur. Sunt voluptatibus velit consequatur alias ex.', 1, '1993-07-11 11:51:57', '2006-08-01 08:01:21');
INSERT INTO `messages` (`id`, `from_user_id`, `to_user_id`, `txt`, `is_delivered`, `created_at`, `update_at`) VALUES ('575', '26', '74', 'Asperiores eum omnis labore qui iste. Rerum quisquam qui eaque sit. Beatae eos doloribus consectetur unde. Veniam iusto voluptatem minus sequi ea.', 0, '2013-03-03 10:06:07', '2009-06-10 05:27:46');
INSERT INTO `messages` (`id`, `from_user_id`, `to_user_id`, `txt`, `is_delivered`, `created_at`, `update_at`) VALUES ('576', '38', '14', 'Recusandae quia deserunt deleniti odio error. Temporibus odio temporibus earum velit provident omnis quisquam. Aperiam optio asperiores debitis. Ad molestias ullam quasi. Nemo molestias expedita sint quidem voluptatem odio delectus.', 0, '1997-02-17 02:49:40', '2021-05-31 20:21:47');
INSERT INTO `messages` (`id`, `from_user_id`, `to_user_id`, `txt`, `is_delivered`, `created_at`, `update_at`) VALUES ('577', '41', '5', 'Temporibus molestiae vitae voluptas nam cupiditate fuga. Nulla nihil neque expedita consequatur blanditiis. Officia veniam fugiat sunt modi dolor ducimus ut. Dolorem aut blanditiis ipsam architecto quis rem tenetur.', 0, '1981-08-24 01:22:51', '1988-01-17 21:47:37');
INSERT INTO `messages` (`id`, `from_user_id`, `to_user_id`, `txt`, `is_delivered`, `created_at`, `update_at`) VALUES ('578', '5', '84', 'Dolorem rem a officia non. Et facere omnis laudantium blanditiis consequuntur quod ea. Officia nam quo inventore vero autem facilis officia eius.', 1, '2002-08-02 07:52:04', '2017-12-08 12:56:18');
INSERT INTO `messages` (`id`, `from_user_id`, `to_user_id`, `txt`, `is_delivered`, `created_at`, `update_at`) VALUES ('579', '88', '66', 'Voluptatibus omnis quia dolorum maiores. Et distinctio porro dignissimos blanditiis amet ut ut. Tempora esse suscipit nisi quisquam. Non enim maiores beatae adipisci quia ea harum eos.', 1, '1996-11-03 23:25:19', '1996-07-22 07:20:10');
INSERT INTO `messages` (`id`, `from_user_id`, `to_user_id`, `txt`, `is_delivered`, `created_at`, `update_at`) VALUES ('580', '68', '4', 'Quae est suscipit doloribus veritatis id tempora officiis. Autem reprehenderit ad qui et aperiam laboriosam perspiciatis.', 0, '1979-09-09 16:43:52', '2012-05-04 01:30:32');
INSERT INTO `messages` (`id`, `from_user_id`, `to_user_id`, `txt`, `is_delivered`, `created_at`, `update_at`) VALUES ('581', '53', '6', 'Voluptas pariatur quia id voluptatibus ut repellendus. Veniam ducimus minus quis et rerum enim voluptatem. Illum vitae dolorem ut et sint.', 0, '1975-09-18 08:25:06', '1972-10-08 22:39:13');
INSERT INTO `messages` (`id`, `from_user_id`, `to_user_id`, `txt`, `is_delivered`, `created_at`, `update_at`) VALUES ('582', '17', '20', 'Molestiae nam nisi possimus nihil et. Aut est quia voluptas aliquam voluptates veritatis similique. Minima adipisci ut officiis quos debitis et esse.', 0, '2009-03-14 00:56:29', '2012-12-24 21:09:38');
INSERT INTO `messages` (`id`, `from_user_id`, `to_user_id`, `txt`, `is_delivered`, `created_at`, `update_at`) VALUES ('583', '63', '70', 'Rem voluptatem adipisci a eos. Eos dolorem enim sed omnis quaerat. Deleniti architecto culpa vitae nihil maxime modi. Reiciendis non occaecati ducimus.', 1, '2007-03-06 17:50:12', '1991-04-17 02:35:11');
INSERT INTO `messages` (`id`, `from_user_id`, `to_user_id`, `txt`, `is_delivered`, `created_at`, `update_at`) VALUES ('584', '86', '55', 'Possimus eos ipsum sit voluptas dolorum excepturi. Dignissimos sit natus et dolorum modi assumenda consequatur voluptatem. Totam aut quas perspiciatis enim quasi omnis repellat. Vero labore deleniti illo accusamus illum corporis vel.', 0, '1973-04-07 06:10:00', '1979-07-22 08:24:54');
INSERT INTO `messages` (`id`, `from_user_id`, `to_user_id`, `txt`, `is_delivered`, `created_at`, `update_at`) VALUES ('585', '48', '42', 'Modi quae dolores libero libero qui velit pariatur. Qui sit dignissimos facilis laboriosam adipisci soluta. Recusandae quo ut inventore quis.', 0, '1989-11-20 14:02:37', '1973-08-08 10:12:39');
INSERT INTO `messages` (`id`, `from_user_id`, `to_user_id`, `txt`, `is_delivered`, `created_at`, `update_at`) VALUES ('586', '82', '15', 'Placeat rerum eius repellat est. Sed quia illum unde aliquam alias quis odit. Sed minima ipsum rerum tenetur rerum. Labore est delectus voluptate omnis a sit tenetur cumque.', 1, '1971-01-02 12:26:39', '1994-12-28 23:51:56');
INSERT INTO `messages` (`id`, `from_user_id`, `to_user_id`, `txt`, `is_delivered`, `created_at`, `update_at`) VALUES ('587', '86', '93', 'Provident cupiditate assumenda neque quos dolor. Ut in voluptas iusto dolores officiis. Accusantium voluptatibus perspiciatis impedit quia. Occaecati harum nesciunt sunt. Pariatur sapiente neque repellat ratione asperiores.', 0, '2018-10-22 23:50:41', '2002-05-22 09:24:35');
INSERT INTO `messages` (`id`, `from_user_id`, `to_user_id`, `txt`, `is_delivered`, `created_at`, `update_at`) VALUES ('588', '7', '60', 'Quo vel fugiat asperiores dolorem delectus debitis. Nihil omnis reiciendis beatae aut. Quisquam quas enim vel molestiae sapiente quia laudantium.', 0, '2001-03-31 20:17:10', '1990-10-28 04:01:36');
INSERT INTO `messages` (`id`, `from_user_id`, `to_user_id`, `txt`, `is_delivered`, `created_at`, `update_at`) VALUES ('589', '38', '9', 'Qui magni eum laudantium sed. Laboriosam provident atque molestiae alias molestias eos. Nihil nemo impedit non et. Consequatur cupiditate aperiam doloremque excepturi consequatur natus.', 1, '2020-08-21 00:48:23', '1973-01-31 05:06:43');
INSERT INTO `messages` (`id`, `from_user_id`, `to_user_id`, `txt`, `is_delivered`, `created_at`, `update_at`) VALUES ('590', '62', '64', 'Tempora ut sint neque modi. Cumque perspiciatis eius aliquam ipsum et quos saepe. Qui at ut a.', 1, '1992-04-14 08:45:55', '2019-07-11 21:51:01');
INSERT INTO `messages` (`id`, `from_user_id`, `to_user_id`, `txt`, `is_delivered`, `created_at`, `update_at`) VALUES ('591', '82', '99', 'Reprehenderit architecto repudiandae reiciendis suscipit aut. Accusantium praesentium quia qui et culpa provident. Rerum quibusdam mollitia officiis quaerat.', 1, '1988-07-16 11:44:59', '1998-10-14 17:54:53');
INSERT INTO `messages` (`id`, `from_user_id`, `to_user_id`, `txt`, `is_delivered`, `created_at`, `update_at`) VALUES ('592', '78', '23', 'Veritatis distinctio officia voluptas qui. Quis veniam asperiores quidem qui. Architecto doloribus repellendus est.', 1, '2007-08-01 14:55:19', '1975-10-30 06:27:13');
INSERT INTO `messages` (`id`, `from_user_id`, `to_user_id`, `txt`, `is_delivered`, `created_at`, `update_at`) VALUES ('593', '4', '82', 'Odit in dicta a odit atque illum qui. Fugit corporis quisquam quas sunt perspiciatis. Quia vel sed aliquam accusamus quaerat. Dolores nobis dignissimos explicabo delectus consequuntur eum dolorem.', 0, '2020-07-06 16:12:23', '1993-01-08 03:58:13');
INSERT INTO `messages` (`id`, `from_user_id`, `to_user_id`, `txt`, `is_delivered`, `created_at`, `update_at`) VALUES ('594', '6', '92', 'Dolorem eos pariatur consectetur. Maiores nemo tenetur necessitatibus aut omnis voluptas. Ea voluptatem cum exercitationem molestiae.', 1, '2004-08-16 19:53:41', '2009-08-26 06:08:22');
INSERT INTO `messages` (`id`, `from_user_id`, `to_user_id`, `txt`, `is_delivered`, `created_at`, `update_at`) VALUES ('595', '48', '74', 'Temporibus impedit ipsam eos deserunt. Cupiditate reiciendis sit quaerat aliquam optio. Dolor eum nobis magnam ad eos non asperiores et. Ad nam asperiores culpa modi ut vel enim.', 0, '2016-10-22 17:16:49', '2018-09-20 19:57:45');
INSERT INTO `messages` (`id`, `from_user_id`, `to_user_id`, `txt`, `is_delivered`, `created_at`, `update_at`) VALUES ('596', '95', '1', 'Qui sunt autem ut officia rerum et. Ad odio necessitatibus recusandae sapiente ad minima vel et. Sint quisquam occaecati labore ea et fugiat sed. Nemo iusto repellendus laborum sed et.', 1, '2008-08-31 18:52:16', '1984-01-25 10:45:51');
INSERT INTO `messages` (`id`, `from_user_id`, `to_user_id`, `txt`, `is_delivered`, `created_at`, `update_at`) VALUES ('597', '79', '11', 'Neque quo dolorem id et iure sequi quaerat qui. Aut libero consequatur voluptas sed quia veniam. Consectetur eum sit sapiente ab.', 0, '2016-09-30 21:42:28', '1986-02-01 06:06:20');
INSERT INTO `messages` (`id`, `from_user_id`, `to_user_id`, `txt`, `is_delivered`, `created_at`, `update_at`) VALUES ('598', '20', '42', 'Hic eaque error reprehenderit ducimus perspiciatis. In quas autem nesciunt minima quia est.', 1, '2006-04-26 02:09:12', '2000-06-27 03:23:31');
INSERT INTO `messages` (`id`, `from_user_id`, `to_user_id`, `txt`, `is_delivered`, `created_at`, `update_at`) VALUES ('599', '81', '5', 'Incidunt a sunt vel numquam voluptatem ut. Ut corporis earum assumenda et non porro quibusdam. Aut id et consequuntur voluptas facilis blanditiis fugit eaque.', 1, '2011-03-25 11:52:47', '1994-08-01 23:06:26');
INSERT INTO `messages` (`id`, `from_user_id`, `to_user_id`, `txt`, `is_delivered`, `created_at`, `update_at`) VALUES ('600', '96', '28', 'Rerum dignissimos mollitia in accusamus id dicta quia. Fugiat est repellat officiis iure natus nostrum at odio. Inventore modi sequi consectetur corrupti magni. Commodi praesentium eaque et blanditiis.', 1, '2020-05-28 23:39:13', '2009-05-16 06:07:27');


#
# TABLE STRUCTURE FOR: posts
#

DROP TABLE IF EXISTS `posts`;

CREATE TABLE `posts` (
  `id` bigint(20) unsigned NOT NULL AUTO_INCREMENT,
  `user_id` bigint(20) unsigned NOT NULL,
  `txt` text COLLATE utf8mb4_unicode_ci NOT NULL,
  `created_at` datetime DEFAULT current_timestamp(),
  `updated_at` datetime DEFAULT NULL ON UPDATE current_timestamp(),
  PRIMARY KEY (`id`),
  KEY `user_idx` (`user_id`),
  CONSTRAINT `user_posts_fk` FOREIGN KEY (`user_id`) REFERENCES `users` (`id`)
) ENGINE=InnoDB AUTO_INCREMENT=501 DEFAULT CHARSET=utf8mb4 COLLATE=utf8mb4_unicode_ci;

INSERT INTO `posts` (`id`, `user_id`, `txt`, `created_at`, `updated_at`) VALUES ('1', '26', 'Laborum consequatur quam et praesentium consequatur velit doloremque. Laboriosam culpa non ut expedita.', '2012-03-08 22:30:38', '1988-02-28 21:46:28');
INSERT INTO `posts` (`id`, `user_id`, `txt`, `created_at`, `updated_at`) VALUES ('2', '5', 'Illum et qui aut nobis quia alias. Sint consectetur hic fugiat ea quod dicta laborum. Et consequatur consequatur et inventore laboriosam aut consequatur tempora.', '1996-11-07 14:14:21', '1991-04-23 09:16:51');
INSERT INTO `posts` (`id`, `user_id`, `txt`, `created_at`, `updated_at`) VALUES ('3', '14', 'Sequi laboriosam cum ut sunt cupiditate eligendi quia sint. Culpa accusantium hic aut porro nihil omnis ea suscipit. Et vitae quasi saepe. Amet enim qui possimus corrupti.', '2000-03-25 02:47:58', '2000-02-18 21:38:57');
INSERT INTO `posts` (`id`, `user_id`, `txt`, `created_at`, `updated_at`) VALUES ('4', '95', 'Possimus vel culpa repellat voluptas aut rerum commodi. Commodi velit est cupiditate amet. Velit ducimus nihil odit atque. Odio labore impedit nihil ut.', '2003-10-18 06:20:51', '1987-08-28 18:24:01');
INSERT INTO `posts` (`id`, `user_id`, `txt`, `created_at`, `updated_at`) VALUES ('5', '85', 'Ut cum corrupti et earum dolor deserunt maxime ut. Commodi qui praesentium dolor est. Voluptatum dolore nihil et. Quam eum delectus veritatis. Quo qui quam asperiores rerum.', '1973-10-01 19:08:03', '1978-06-15 08:37:56');
INSERT INTO `posts` (`id`, `user_id`, `txt`, `created_at`, `updated_at`) VALUES ('6', '41', 'Maxime harum vel explicabo consequatur porro. Cumque sint molestiae asperiores dolor. Et et est quam culpa facere laboriosam nesciunt. Maxime odit a quo.', '1980-01-31 00:39:03', '1990-08-23 16:10:44');
INSERT INTO `posts` (`id`, `user_id`, `txt`, `created_at`, `updated_at`) VALUES ('7', '35', 'Similique accusamus tenetur harum nihil ipsum id molestiae. Asperiores saepe qui qui tempore. Velit pariatur quisquam voluptas quod in deserunt itaque autem.', '2004-09-05 18:06:23', '1998-04-17 02:40:28');
INSERT INTO `posts` (`id`, `user_id`, `txt`, `created_at`, `updated_at`) VALUES ('8', '63', 'Illum possimus atque beatae minima molestiae molestias. Ipsum impedit tempore deserunt velit temporibus sed molestias. Et saepe sint perspiciatis vel ipsa repellendus quia.', '2008-09-07 15:37:13', '1981-04-06 12:14:42');
INSERT INTO `posts` (`id`, `user_id`, `txt`, `created_at`, `updated_at`) VALUES ('9', '50', 'Qui nisi rem voluptas qui. Ut optio quo possimus inventore ipsa eum facilis. Explicabo eveniet iure ut officiis dolorum distinctio ipsa.', '2001-01-18 21:55:46', '2020-11-01 03:18:57');
INSERT INTO `posts` (`id`, `user_id`, `txt`, `created_at`, `updated_at`) VALUES ('10', '51', 'Voluptatibus quod et a qui debitis. In voluptatibus ipsa assumenda rerum perferendis. Labore omnis sunt nulla laboriosam quam est sit.', '1982-06-01 14:29:56', '1972-12-20 19:40:27');
INSERT INTO `posts` (`id`, `user_id`, `txt`, `created_at`, `updated_at`) VALUES ('11', '25', 'Et dolores suscipit et rerum unde. Explicabo vel sunt id tempora. Modi sit quibusdam expedita modi illo aut. Velit quia eum occaecati amet impedit aut.', '1993-09-06 07:45:14', '1988-05-13 13:59:48');
INSERT INTO `posts` (`id`, `user_id`, `txt`, `created_at`, `updated_at`) VALUES ('12', '83', 'Laboriosam quos et et. Labore illo velit voluptatum error. Aut vitae voluptatem alias.', '1976-09-01 19:46:40', '1983-09-25 23:46:26');
INSERT INTO `posts` (`id`, `user_id`, `txt`, `created_at`, `updated_at`) VALUES ('13', '8', 'Sint quia quasi debitis. Ducimus esse vel quo porro veniam ut repellat. Excepturi quos esse qui dolorem.', '2002-03-13 05:11:24', '2020-03-26 20:48:23');
INSERT INTO `posts` (`id`, `user_id`, `txt`, `created_at`, `updated_at`) VALUES ('14', '45', 'Eum neque corrupti iusto aut culpa at maiores. Corrupti dicta sed dolorem perspiciatis qui ullam. Placeat magni aut nostrum culpa.', '2019-10-10 22:54:13', '2020-03-01 21:57:18');
INSERT INTO `posts` (`id`, `user_id`, `txt`, `created_at`, `updated_at`) VALUES ('15', '91', 'Sit ut adipisci occaecati ipsa. Fugit magni aperiam et expedita. Omnis tenetur non quidem.', '2006-02-14 05:41:05', '1973-10-26 03:54:16');
INSERT INTO `posts` (`id`, `user_id`, `txt`, `created_at`, `updated_at`) VALUES ('16', '52', 'Voluptas rem facilis recusandae adipisci vel nihil. Laborum cumque voluptatem reiciendis omnis est.', '2020-08-22 01:44:53', '2000-10-07 16:40:25');
INSERT INTO `posts` (`id`, `user_id`, `txt`, `created_at`, `updated_at`) VALUES ('17', '79', 'Aut voluptatum magni minima voluptate occaecati ducimus. Deleniti omnis qui fugit et quos rerum. Quod eum ipsam qui molestiae. Natus voluptas debitis cum ratione voluptate repellendus.', '2008-09-25 09:51:09', '1992-12-17 16:07:03');
INSERT INTO `posts` (`id`, `user_id`, `txt`, `created_at`, `updated_at`) VALUES ('18', '48', 'Quas ut dolore id molestiae. Architecto dolorem nulla iste. Illo earum aut repellendus sequi rerum doloribus. Odio ea ut laboriosam rerum.', '1990-07-13 00:53:16', '1993-12-13 18:59:14');
INSERT INTO `posts` (`id`, `user_id`, `txt`, `created_at`, `updated_at`) VALUES ('19', '69', 'Voluptas et maxime est corporis voluptas. Magnam ullam qui consequatur qui rerum et et. Voluptatem voluptas ea repudiandae est numquam autem cupiditate. Animi commodi itaque quod quidem beatae vel.', '2002-09-15 07:53:48', '1976-12-09 05:44:33');
INSERT INTO `posts` (`id`, `user_id`, `txt`, `created_at`, `updated_at`) VALUES ('20', '6', 'Et cupiditate quos molestiae asperiores. Recusandae dolor et dolorem temporibus perspiciatis est.', '2012-07-04 15:06:20', '1999-11-19 15:24:45');
INSERT INTO `posts` (`id`, `user_id`, `txt`, `created_at`, `updated_at`) VALUES ('21', '60', 'Consequatur et aperiam unde qui enim vero. Est soluta in laborum molestias iusto. Impedit dolorem ut impedit.', '1974-06-03 21:48:52', '2003-10-17 16:00:27');
INSERT INTO `posts` (`id`, `user_id`, `txt`, `created_at`, `updated_at`) VALUES ('22', '82', 'Eos necessitatibus eligendi doloremque ut. Necessitatibus aut nulla omnis neque error id aut voluptates. Voluptates sapiente laboriosam est aut quisquam debitis laudantium.', '1990-12-01 23:38:38', '1977-01-27 05:58:28');
INSERT INTO `posts` (`id`, `user_id`, `txt`, `created_at`, `updated_at`) VALUES ('23', '52', 'Fuga et porro voluptas ut. Cum repudiandae porro sit architecto. Voluptas praesentium et molestiae. Distinctio commodi provident rerum voluptatem illo quas.', '2001-06-26 03:43:58', '2019-03-03 19:07:54');
INSERT INTO `posts` (`id`, `user_id`, `txt`, `created_at`, `updated_at`) VALUES ('24', '43', 'Nisi dicta cum sit quas. Quos qui voluptas est nostrum. Sed nam impedit at aut recusandae qui doloribus qui. Sunt est vel dignissimos. Voluptas quo eveniet qui fugit.', '1987-01-25 19:49:35', '2021-01-28 01:19:36');
INSERT INTO `posts` (`id`, `user_id`, `txt`, `created_at`, `updated_at`) VALUES ('25', '88', 'Sint ipsa autem quam et sunt modi. Ea mollitia eius tenetur corrupti iusto. Consequatur tenetur iure rerum nesciunt omnis.', '1970-12-06 14:17:21', '2017-08-22 10:57:17');
INSERT INTO `posts` (`id`, `user_id`, `txt`, `created_at`, `updated_at`) VALUES ('26', '58', 'Dolorem neque harum iusto repellat. Architecto quia illum odit at. Qui quia cumque et quis. Voluptatem dolor quos dolor non at iusto.', '2003-12-19 19:02:20', '1996-03-14 05:30:41');
INSERT INTO `posts` (`id`, `user_id`, `txt`, `created_at`, `updated_at`) VALUES ('27', '97', 'Totam velit ab possimus quae sunt voluptas. Assumenda atque error expedita voluptatem placeat. Nam vitae laudantium deserunt ullam perferendis harum. Rerum quo sit et.', '2020-02-28 11:23:16', '1970-12-30 03:45:45');
INSERT INTO `posts` (`id`, `user_id`, `txt`, `created_at`, `updated_at`) VALUES ('28', '13', 'Corrupti fugiat eum omnis quis in incidunt. Et et temporibus itaque exercitationem expedita non debitis voluptatum. Facere laboriosam sapiente aut nulla totam modi.', '2002-12-20 06:13:13', '1976-01-28 08:44:37');
INSERT INTO `posts` (`id`, `user_id`, `txt`, `created_at`, `updated_at`) VALUES ('29', '47', 'Incidunt nihil error quidem cumque. In occaecati quia placeat pariatur ut eum cum omnis. Nam rerum eius deleniti nihil similique qui eum.', '1974-08-10 05:06:15', '1999-05-12 23:57:32');
INSERT INTO `posts` (`id`, `user_id`, `txt`, `created_at`, `updated_at`) VALUES ('30', '68', 'Vel rem nisi esse ut. Quidem ex repellat totam rem et aut. Suscipit qui omnis similique minima deserunt dolores.', '1987-09-18 19:45:24', '1985-11-03 09:14:32');
INSERT INTO `posts` (`id`, `user_id`, `txt`, `created_at`, `updated_at`) VALUES ('31', '55', 'Consequatur sunt est et. Aliquam eos odit quasi ad libero ut modi.', '2000-11-20 06:29:26', '2019-11-16 18:15:34');
INSERT INTO `posts` (`id`, `user_id`, `txt`, `created_at`, `updated_at`) VALUES ('32', '73', 'Eos omnis sapiente et quis et voluptatum aut omnis. Nobis consectetur est autem iste dolor consequatur quod. Vel hic nobis iure.', '1979-07-13 00:25:50', '2011-10-12 03:21:53');
INSERT INTO `posts` (`id`, `user_id`, `txt`, `created_at`, `updated_at`) VALUES ('33', '73', 'Molestiae et quam nam vel. Qui explicabo deleniti dignissimos est omnis animi et sapiente. Illum iure minima quidem veritatis odio perferendis.', '1995-05-22 22:43:46', '1984-11-05 14:10:38');
INSERT INTO `posts` (`id`, `user_id`, `txt`, `created_at`, `updated_at`) VALUES ('34', '68', 'Ut minima est impedit quia. Consequatur iste sequi odit. Ut nihil asperiores saepe ut voluptates. Omnis veniam amet ex dolorum accusantium ullam ipsum.', '1972-02-13 22:29:03', '1983-08-15 03:08:12');
INSERT INTO `posts` (`id`, `user_id`, `txt`, `created_at`, `updated_at`) VALUES ('35', '67', 'Rem ea sequi dolorem. Molestiae voluptas ut consequatur ea eligendi. Inventore ut aspernatur et non. Numquam consequuntur eius autem.', '2018-04-06 06:42:14', '2019-10-20 06:47:08');
INSERT INTO `posts` (`id`, `user_id`, `txt`, `created_at`, `updated_at`) VALUES ('36', '57', 'Quis rerum sit tempore in voluptas voluptatem. Neque animi quia et tenetur non quos molestias dolore. Sed inventore quos a exercitationem corrupti.', '1977-04-13 22:10:29', '1980-01-04 02:13:46');
INSERT INTO `posts` (`id`, `user_id`, `txt`, `created_at`, `updated_at`) VALUES ('37', '9', 'Nihil velit tenetur amet nulla expedita ex quibusdam. Aut aut sequi voluptatem dicta dignissimos quia.', '1993-10-03 13:26:45', '1997-08-02 18:40:25');
INSERT INTO `posts` (`id`, `user_id`, `txt`, `created_at`, `updated_at`) VALUES ('38', '2', 'Dolores et repellat accusamus ut aut voluptas. Voluptates natus totam corrupti corporis at aliquam quia voluptatem.', '1979-09-03 13:59:52', '2019-01-11 04:48:06');
INSERT INTO `posts` (`id`, `user_id`, `txt`, `created_at`, `updated_at`) VALUES ('39', '19', 'Consequatur et provident quisquam fuga qui voluptas veniam. Sit quia quia veniam esse accusamus. Ullam similique aut nihil eaque eius amet. Quaerat cumque aut error.', '1994-06-03 01:42:20', '2006-06-07 04:49:57');
INSERT INTO `posts` (`id`, `user_id`, `txt`, `created_at`, `updated_at`) VALUES ('40', '58', 'Reprehenderit id ad autem et. Qui non amet inventore quo. Cupiditate provident facere est maiores. Incidunt odit in magnam sed delectus.', '2011-03-22 12:44:37', '1973-09-23 22:26:28');
INSERT INTO `posts` (`id`, `user_id`, `txt`, `created_at`, `updated_at`) VALUES ('41', '53', 'Qui suscipit saepe eum hic et animi assumenda rem. Ipsum quas ullam rerum. Animi non ea voluptatum cumque voluptatem.', '1993-02-21 20:57:38', '1979-08-06 19:56:45');
INSERT INTO `posts` (`id`, `user_id`, `txt`, `created_at`, `updated_at`) VALUES ('42', '44', 'Cumque quia assumenda aut. Fuga dolorum quo deleniti laboriosam commodi molestiae est quibusdam. Qui deserunt reiciendis a et id.', '1980-08-30 00:28:37', '1982-01-25 09:51:20');
INSERT INTO `posts` (`id`, `user_id`, `txt`, `created_at`, `updated_at`) VALUES ('43', '41', 'Nulla veniam omnis autem modi vero ea enim porro. Similique et corrupti aut non repudiandae modi iure. Quo id nostrum ut qui sed debitis nemo.', '2011-01-28 21:55:56', '2009-10-18 04:20:35');
INSERT INTO `posts` (`id`, `user_id`, `txt`, `created_at`, `updated_at`) VALUES ('44', '60', 'Ad vel provident velit qui atque non. Nulla suscipit ullam eos numquam mollitia qui et. Repellat aut laboriosam qui.', '1971-02-14 08:43:30', '1971-09-01 07:01:30');
INSERT INTO `posts` (`id`, `user_id`, `txt`, `created_at`, `updated_at`) VALUES ('45', '88', 'Iusto nihil vel est natus. Placeat libero facilis incidunt eaque eos. Non velit est voluptatem.', '1999-11-09 02:34:03', '1976-04-06 10:53:10');
INSERT INTO `posts` (`id`, `user_id`, `txt`, `created_at`, `updated_at`) VALUES ('46', '32', 'Nemo doloribus architecto recusandae reprehenderit magni. In nam et quam ex a.', '2008-02-24 01:09:17', '1984-01-07 19:58:38');
INSERT INTO `posts` (`id`, `user_id`, `txt`, `created_at`, `updated_at`) VALUES ('47', '12', 'Est fugit et delectus omnis ut. Odio facere voluptatem deserunt. Molestiae modi et dolor qui sed.', '2001-03-12 04:03:07', '1973-05-20 09:07:47');
INSERT INTO `posts` (`id`, `user_id`, `txt`, `created_at`, `updated_at`) VALUES ('48', '67', 'Voluptatibus sed hic quia officiis eum error. Ea laborum iusto sunt. Esse maiores a totam provident.', '2016-02-12 15:47:55', '2004-10-21 05:13:36');
INSERT INTO `posts` (`id`, `user_id`, `txt`, `created_at`, `updated_at`) VALUES ('49', '80', 'Dolorem sit nihil ut deserunt quasi. Aspernatur est in eligendi qui non.', '2001-12-09 08:04:52', '2015-04-06 16:15:57');
INSERT INTO `posts` (`id`, `user_id`, `txt`, `created_at`, `updated_at`) VALUES ('50', '81', 'Vitae sed blanditiis occaecati sint quo aut. Vel dolorum et aut molestiae. Itaque aut totam molestias suscipit a necessitatibus fuga.', '2013-11-08 10:44:17', '1990-07-05 01:44:48');
INSERT INTO `posts` (`id`, `user_id`, `txt`, `created_at`, `updated_at`) VALUES ('51', '72', 'Quis nemo omnis fugiat. Suscipit ex expedita libero voluptas et.', '2006-06-02 12:53:12', '1987-06-18 15:07:54');
INSERT INTO `posts` (`id`, `user_id`, `txt`, `created_at`, `updated_at`) VALUES ('52', '39', 'Dolorem qui velit quidem fugit dicta quasi ratione sit. Odio voluptatem adipisci ut aperiam ex et. Illo voluptates facilis ratione eaque voluptas iusto.', '2011-06-26 20:54:14', '1994-09-06 12:10:57');
INSERT INTO `posts` (`id`, `user_id`, `txt`, `created_at`, `updated_at`) VALUES ('53', '63', 'Sed officiis a ea ea. Nam eos dolorem excepturi voluptatem esse. Qui error quia nobis in rerum. Quo quia nam error dolore quibusdam delectus.', '1979-04-25 04:56:23', '1986-08-22 20:46:02');
INSERT INTO `posts` (`id`, `user_id`, `txt`, `created_at`, `updated_at`) VALUES ('54', '23', 'Ea rerum aut esse dignissimos. Eligendi dicta recusandae quia aspernatur consectetur sunt. Explicabo rerum sit vel adipisci molestiae.', '1982-06-22 19:56:18', '1991-08-01 20:41:29');
INSERT INTO `posts` (`id`, `user_id`, `txt`, `created_at`, `updated_at`) VALUES ('55', '81', 'Quae qui vel tenetur laudantium. Recusandae ipsum optio rem quam suscipit. Consequuntur numquam nemo et voluptas consectetur autem. Quia vel voluptatibus molestiae id voluptas facere cumque.', '1993-09-28 03:44:19', '1972-08-12 00:33:42');
INSERT INTO `posts` (`id`, `user_id`, `txt`, `created_at`, `updated_at`) VALUES ('56', '51', 'Qui et est assumenda quia. Placeat ducimus nulla cumque harum et. Similique eius nihil consequatur dolor inventore vel suscipit. Ut aut natus magnam nam perferendis et voluptatem velit.', '2009-08-19 06:15:01', '2001-01-11 17:50:34');
INSERT INTO `posts` (`id`, `user_id`, `txt`, `created_at`, `updated_at`) VALUES ('57', '81', 'Est sequi voluptatem et facere libero id. Fuga consequatur dolore officia aperiam quas facilis. Dolores et nobis rem possimus.', '1991-05-12 18:14:14', '1997-12-07 19:49:56');
INSERT INTO `posts` (`id`, `user_id`, `txt`, `created_at`, `updated_at`) VALUES ('58', '78', 'Harum adipisci temporibus quis. Velit qui aut et nihil quidem consequatur. Atque ut consequuntur voluptatem fugit aut inventore perferendis.', '2008-10-26 05:35:36', '2018-06-16 06:27:01');
INSERT INTO `posts` (`id`, `user_id`, `txt`, `created_at`, `updated_at`) VALUES ('59', '63', 'Iure dignissimos quia magnam quibusdam totam. Dolorem velit in est expedita dolorem commodi. Animi repellendus ad eaque et.', '1994-11-18 04:23:13', '1977-09-14 14:30:52');
INSERT INTO `posts` (`id`, `user_id`, `txt`, `created_at`, `updated_at`) VALUES ('60', '28', 'Placeat et et corporis a accusamus ut minus. Soluta qui temporibus aut aut illo. Recusandae qui ad ipsa non voluptatem. A corporis odit et sed.', '1970-11-29 14:25:19', '1999-02-17 15:15:12');
INSERT INTO `posts` (`id`, `user_id`, `txt`, `created_at`, `updated_at`) VALUES ('61', '46', 'Quia incidunt inventore rerum. Fuga consequatur modi placeat provident magnam laborum non incidunt. Magnam amet deleniti commodi voluptate necessitatibus quia aut.', '2018-08-08 22:10:12', '1972-10-20 04:42:18');
INSERT INTO `posts` (`id`, `user_id`, `txt`, `created_at`, `updated_at`) VALUES ('62', '17', 'Voluptas asperiores inventore maxime aliquam iure. Amet nobis harum provident earum quae ut. Aspernatur qui corporis aliquam perferendis nemo facilis.', '1982-10-25 18:45:07', '1995-12-20 02:06:38');
INSERT INTO `posts` (`id`, `user_id`, `txt`, `created_at`, `updated_at`) VALUES ('63', '100', 'Et cum rerum dolor aut est maxime ut ut. Minus deleniti hic molestiae ut aspernatur blanditiis. Dolorem ipsa tenetur sed illum modi quas quidem.', '1971-01-23 17:41:50', '2003-02-28 19:29:11');
INSERT INTO `posts` (`id`, `user_id`, `txt`, `created_at`, `updated_at`) VALUES ('64', '18', 'Exercitationem dolores exercitationem distinctio sed totam quia. Vero et qui error ex reprehenderit. Aut rerum fugit tempore consequatur sit temporibus totam. Facere dolorem similique atque.', '2003-02-06 21:59:55', '2005-01-01 12:01:01');
INSERT INTO `posts` (`id`, `user_id`, `txt`, `created_at`, `updated_at`) VALUES ('65', '85', 'Eum fuga accusantium optio nisi inventore quaerat molestiae. Libero qui sapiente et officia dignissimos ut aut. Illum tempora quas magni ea atque. Quam dignissimos esse hic molestias.', '1998-07-06 19:42:40', '1984-03-07 04:08:28');
INSERT INTO `posts` (`id`, `user_id`, `txt`, `created_at`, `updated_at`) VALUES ('66', '67', 'Et autem et dolorem. Possimus soluta et quod error dolorum accusamus. Laudantium fuga pariatur aspernatur.', '2005-02-02 03:08:02', '1976-03-28 08:14:28');
INSERT INTO `posts` (`id`, `user_id`, `txt`, `created_at`, `updated_at`) VALUES ('67', '75', 'Animi dolorum voluptatum voluptatum non. Quia suscipit dolore animi earum sed occaecati. Sint voluptatum beatae commodi fugit.', '1999-02-25 07:34:58', '1979-09-28 13:45:39');
INSERT INTO `posts` (`id`, `user_id`, `txt`, `created_at`, `updated_at`) VALUES ('68', '93', 'A autem doloribus iusto. Cumque magnam et sed sit consequatur sed voluptatum.', '1970-03-26 21:08:17', '1992-02-25 04:39:44');
INSERT INTO `posts` (`id`, `user_id`, `txt`, `created_at`, `updated_at`) VALUES ('69', '69', 'Et cumque aut veritatis consequatur rerum. Architecto aut et quis assumenda aut. Ea voluptates perferendis velit ut.', '1997-01-30 10:52:05', '1975-12-14 16:45:48');
INSERT INTO `posts` (`id`, `user_id`, `txt`, `created_at`, `updated_at`) VALUES ('70', '94', 'Repellendus nulla autem ab enim amet sunt. Iure aliquam minima non aut. Libero sed nam provident debitis repudiandae velit autem. Eum officia non rerum similique id repellendus reiciendis a.', '2004-02-18 20:25:05', '2019-05-23 19:23:50');
INSERT INTO `posts` (`id`, `user_id`, `txt`, `created_at`, `updated_at`) VALUES ('71', '51', 'Reiciendis dolore earum enim earum atque. Maxime eveniet voluptatum quasi laudantium minus. Debitis debitis aut veniam a sed sequi eius. Alias aperiam at aspernatur sunt laboriosam dolorem omnis.', '1999-11-14 06:47:24', '2005-12-03 03:46:31');
INSERT INTO `posts` (`id`, `user_id`, `txt`, `created_at`, `updated_at`) VALUES ('72', '21', 'Quia consequuntur qui aspernatur qui repellat repellendus omnis dolor. Tenetur qui tempora amet quam rem aliquid. Aperiam odit quia corrupti molestiae rerum aliquid.', '2017-03-22 12:00:18', '2001-05-31 22:48:37');
INSERT INTO `posts` (`id`, `user_id`, `txt`, `created_at`, `updated_at`) VALUES ('73', '37', 'Laboriosam necessitatibus ex fugiat ut consequatur. Iure quidem blanditiis repellendus quo. Harum dolores vero et qui sed nisi temporibus. Reiciendis et qui enim commodi labore qui.', '1976-12-08 01:51:45', '1976-02-05 07:16:34');
INSERT INTO `posts` (`id`, `user_id`, `txt`, `created_at`, `updated_at`) VALUES ('74', '92', 'Voluptatem vel asperiores ut et harum maxime sapiente. Voluptate iste ipsum quod perferendis inventore praesentium dolor. Dolore perferendis sed aspernatur unde a.', '1982-12-20 09:39:49', '2008-03-07 06:42:40');
INSERT INTO `posts` (`id`, `user_id`, `txt`, `created_at`, `updated_at`) VALUES ('75', '81', 'Esse sequi fuga eos asperiores ut odit incidunt. Ducimus nobis eaque debitis id est ullam sit. Beatae unde fugit sint mollitia.', '1984-09-27 16:59:46', '2012-01-21 06:18:26');
INSERT INTO `posts` (`id`, `user_id`, `txt`, `created_at`, `updated_at`) VALUES ('76', '24', 'Voluptas laboriosam optio fugiat recusandae. Soluta ea a minus ut. Officia totam aut odio qui architecto quidem odit. Iusto facilis nihil in sunt sed aliquid.', '2014-09-18 19:14:19', '2005-03-07 08:27:52');
INSERT INTO `posts` (`id`, `user_id`, `txt`, `created_at`, `updated_at`) VALUES ('77', '23', 'Quis tenetur exercitationem doloremque dolorem similique aperiam. Rerum ea et ab molestias maxime. Quas sequi earum aliquid.', '2020-10-27 17:33:14', '2017-07-12 09:27:13');
INSERT INTO `posts` (`id`, `user_id`, `txt`, `created_at`, `updated_at`) VALUES ('78', '93', 'Sed atque quasi illum rem provident molestiae. Fuga iste dicta et. Culpa voluptatem delectus iure aliquid minus. Soluta ut dignissimos nam molestiae aut libero molestiae.', '2002-05-10 15:28:54', '1981-10-07 23:40:02');
INSERT INTO `posts` (`id`, `user_id`, `txt`, `created_at`, `updated_at`) VALUES ('79', '90', 'Officia amet dignissimos aut similique. Rerum natus eveniet atque quidem sed et.\nEligendi ut dolore saepe velit quae eos. Alias accusamus quo illo sapiente natus et. Aut assumenda itaque et.', '2001-02-07 12:52:33', '1980-09-08 11:42:19');
INSERT INTO `posts` (`id`, `user_id`, `txt`, `created_at`, `updated_at`) VALUES ('80', '2', 'Omnis quia voluptatem repellat corporis est et saepe. Tempora dignissimos quod aspernatur sit sed reiciendis. Autem quas soluta fuga. Numquam repellendus sed repellendus.', '1988-01-10 05:31:49', '1971-08-23 10:34:22');
INSERT INTO `posts` (`id`, `user_id`, `txt`, `created_at`, `updated_at`) VALUES ('81', '74', 'Nam enim dolores nihil. Ipsa repudiandae praesentium architecto. Distinctio voluptas quas fuga cupiditate architecto occaecati. Enim vitae omnis voluptatem quo molestiae.', '1990-06-15 16:42:07', '1974-10-16 05:39:56');
INSERT INTO `posts` (`id`, `user_id`, `txt`, `created_at`, `updated_at`) VALUES ('82', '62', 'Dolor quasi sapiente doloribus reprehenderit distinctio et vero. Et et vel consequatur rerum. Ut eum qui laborum quis est enim. Ea repellendus architecto sed nostrum quam sit nihil.', '2012-11-21 18:49:48', '2004-06-11 10:45:29');
INSERT INTO `posts` (`id`, `user_id`, `txt`, `created_at`, `updated_at`) VALUES ('83', '41', 'Repellat enim optio atque repudiandae fuga. Et autem sit nesciunt esse facilis qui enim. Voluptas pariatur quidem consequatur.', '1992-02-07 01:18:58', '1991-02-28 06:23:12');
INSERT INTO `posts` (`id`, `user_id`, `txt`, `created_at`, `updated_at`) VALUES ('84', '36', 'Aliquam aut molestiae ipsum et eos impedit rerum. Quo cumque deserunt adipisci tempore. Dolores aut ullam incidunt repellat cumque. Voluptas laborum officiis dolorem distinctio odit rem.', '1973-12-01 06:07:18', '1973-03-07 04:56:53');
INSERT INTO `posts` (`id`, `user_id`, `txt`, `created_at`, `updated_at`) VALUES ('85', '85', 'Vero eos eaque omnis deserunt possimus natus. Accusamus repellat nihil voluptatem aut velit saepe. Qui ratione sapiente unde. Est libero consequuntur reiciendis ut rerum provident est.', '2020-07-08 03:12:11', '2010-02-18 08:42:13');
INSERT INTO `posts` (`id`, `user_id`, `txt`, `created_at`, `updated_at`) VALUES ('86', '22', 'Consequatur ipsa alias perferendis dolorem cupiditate quidem. Vitae recusandae omnis eveniet quibusdam. Possimus culpa tempora dolorum temporibus qui.', '2007-09-21 21:12:31', '2012-03-06 07:07:16');
INSERT INTO `posts` (`id`, `user_id`, `txt`, `created_at`, `updated_at`) VALUES ('87', '86', 'Dolorum excepturi debitis excepturi sit recusandae quos. Sint officia cupiditate nisi voluptatem nemo. Rerum voluptatum aut eos sapiente provident ut sed.', '1976-10-21 06:27:49', '1979-07-01 00:49:39');
INSERT INTO `posts` (`id`, `user_id`, `txt`, `created_at`, `updated_at`) VALUES ('88', '65', 'Sit beatae consequuntur aut enim labore eum rerum. Aspernatur repellendus architecto beatae ut.', '2003-11-06 02:19:02', '2013-06-29 16:41:19');
INSERT INTO `posts` (`id`, `user_id`, `txt`, `created_at`, `updated_at`) VALUES ('89', '99', 'Tenetur aut voluptatem ea molestiae dolorem et veniam. Voluptatem qui optio aut vel. Sunt dolorem ex et recusandae reprehenderit.', '1990-12-09 15:16:11', '2009-12-09 21:50:25');
INSERT INTO `posts` (`id`, `user_id`, `txt`, `created_at`, `updated_at`) VALUES ('90', '49', 'Commodi nihil qui odit est molestiae nesciunt velit. Voluptates soluta sit dolorem beatae suscipit.', '1980-10-31 14:38:11', '1983-06-13 00:51:27');
INSERT INTO `posts` (`id`, `user_id`, `txt`, `created_at`, `updated_at`) VALUES ('91', '93', 'Ea assumenda numquam amet quia dolor. Excepturi libero quo commodi sint. Sint dolore in omnis excepturi voluptatibus. Quasi et cupiditate ea repellat eius quidem quia.', '2001-10-07 02:32:40', '2009-07-01 23:32:23');
INSERT INTO `posts` (`id`, `user_id`, `txt`, `created_at`, `updated_at`) VALUES ('92', '45', 'Voluptatem quisquam ut unde quasi deserunt. Explicabo dignissimos quia et. Commodi dolorem ut quia earum voluptas et illum.', '1972-11-17 10:36:29', '1971-01-25 15:35:05');
INSERT INTO `posts` (`id`, `user_id`, `txt`, `created_at`, `updated_at`) VALUES ('93', '65', 'Minus officia veniam libero numquam officia non. Similique alias dicta nihil consectetur quidem optio. Assumenda ut possimus omnis. Cumque unde quam voluptas quo corporis.', '1997-05-22 14:00:16', '1978-10-25 17:24:52');
INSERT INTO `posts` (`id`, `user_id`, `txt`, `created_at`, `updated_at`) VALUES ('94', '92', 'Voluptatem mollitia cupiditate assumenda. Iure est laudantium est possimus est. Molestias doloremque aut fuga labore sapiente. Velit odit possimus voluptatem facere.', '1990-10-15 18:04:58', '1981-02-27 09:53:47');
INSERT INTO `posts` (`id`, `user_id`, `txt`, `created_at`, `updated_at`) VALUES ('95', '62', 'Fuga accusantium aperiam voluptatem ducimus soluta sint minima. Fugit delectus minima libero amet ut modi.', '1982-05-07 07:34:46', '1986-03-22 09:48:31');
INSERT INTO `posts` (`id`, `user_id`, `txt`, `created_at`, `updated_at`) VALUES ('96', '50', 'Numquam nulla sed fugiat tenetur. Aut pariatur voluptatem illum molestiae. In officia iste corrupti dolor ut nam voluptas. Totam veniam repellendus qui labore hic.', '1993-06-09 01:55:14', '2005-06-15 02:55:07');
INSERT INTO `posts` (`id`, `user_id`, `txt`, `created_at`, `updated_at`) VALUES ('97', '59', 'Earum eos voluptatem accusantium quisquam qui in sunt. Nostrum ut voluptates aliquid eos expedita.', '2003-11-13 08:12:32', '2013-12-01 15:42:53');
INSERT INTO `posts` (`id`, `user_id`, `txt`, `created_at`, `updated_at`) VALUES ('98', '36', 'Magni qui dolorum sunt. Autem dolorum porro est quisquam est. Laudantium consequatur animi aut animi facere. Odit officiis velit tenetur qui asperiores.', '1974-02-12 18:11:35', '1977-09-22 22:51:02');
INSERT INTO `posts` (`id`, `user_id`, `txt`, `created_at`, `updated_at`) VALUES ('99', '43', 'Nulla aliquam temporibus velit labore omnis. Et ea et rem porro voluptatem sunt. Rerum quasi voluptatem est earum et maiores earum.', '1982-09-02 21:07:12', '1987-07-17 01:12:47');
INSERT INTO `posts` (`id`, `user_id`, `txt`, `created_at`, `updated_at`) VALUES ('100', '27', 'Maxime soluta eligendi dicta. Consequuntur maiores et dolores sit harum totam et.', '1978-05-01 12:54:07', '1971-03-05 10:47:30');
INSERT INTO `posts` (`id`, `user_id`, `txt`, `created_at`, `updated_at`) VALUES ('101', '29', 'Eum ut dolorem suscipit autem quaerat et ratione consequuntur. Molestias alias quia quae et pariatur. Sint veritatis sunt omnis consequatur.', '1975-05-16 15:29:46', '1987-10-11 19:18:18');
INSERT INTO `posts` (`id`, `user_id`, `txt`, `created_at`, `updated_at`) VALUES ('102', '94', 'Debitis sapiente et vel ut quae. Consequatur qui ducimus corporis nulla sunt odit. Sint minus aut labore deleniti.', '2001-02-27 22:09:05', '2010-02-22 21:20:09');
INSERT INTO `posts` (`id`, `user_id`, `txt`, `created_at`, `updated_at`) VALUES ('103', '48', 'Corrupti ullam enim expedita voluptatibus. Iure velit enim veritatis nesciunt id ut. Exercitationem odio ut porro et sed illum excepturi.', '2014-05-26 15:40:07', '2015-05-18 06:51:08');
INSERT INTO `posts` (`id`, `user_id`, `txt`, `created_at`, `updated_at`) VALUES ('104', '65', 'Rerum quam porro et reprehenderit quo placeat ab. Sit officiis asperiores et non. Occaecati totam omnis autem molestias. Aut quis ab sunt ab dolore officia.', '1994-05-08 01:05:27', '1970-07-28 22:25:16');
INSERT INTO `posts` (`id`, `user_id`, `txt`, `created_at`, `updated_at`) VALUES ('105', '85', 'Neque dolores et soluta nostrum fugit est ducimus. Est quo ab sit tempore voluptates. Neque officiis similique aliquid nisi ut non et in.', '1995-12-26 06:22:10', '1970-09-09 03:43:53');
INSERT INTO `posts` (`id`, `user_id`, `txt`, `created_at`, `updated_at`) VALUES ('106', '29', 'Harum repudiandae harum fuga. Dolorem totam error est. Aut qui reiciendis sit minus beatae. Rerum sed maiores ut cumque placeat.', '1976-04-21 03:21:06', '1973-12-01 19:34:33');
INSERT INTO `posts` (`id`, `user_id`, `txt`, `created_at`, `updated_at`) VALUES ('107', '89', 'Ea doloremque et aliquid sint. Impedit doloremque vero provident vero reprehenderit quia sint commodi. Unde autem non cumque animi voluptate molestias.', '1995-07-18 03:50:57', '1992-05-20 01:29:11');
INSERT INTO `posts` (`id`, `user_id`, `txt`, `created_at`, `updated_at`) VALUES ('108', '8', 'Et praesentium minus neque voluptatem provident officiis. Sunt aut et quam velit non consequatur non. Harum ipsam ut cum qui aut est. Id magni autem ut perspiciatis dolor doloribus quis.', '1993-02-14 03:01:39', '2017-03-06 15:02:17');
INSERT INTO `posts` (`id`, `user_id`, `txt`, `created_at`, `updated_at`) VALUES ('109', '22', 'Impedit rerum aliquid et iste quo. Maiores sed ipsum ut sequi impedit voluptas libero voluptatum. Consequatur itaque sapiente vel voluptatem unde.', '1981-06-03 12:32:17', '1999-04-05 00:19:07');
INSERT INTO `posts` (`id`, `user_id`, `txt`, `created_at`, `updated_at`) VALUES ('110', '79', 'Qui et ut dicta quasi cupiditate. Excepturi eaque dolorem fugit. Porro et qui praesentium veritatis sunt ratione enim ut. Omnis sunt reiciendis unde adipisci fugiat nam est.', '2019-05-27 17:27:15', '1988-11-08 00:48:03');
INSERT INTO `posts` (`id`, `user_id`, `txt`, `created_at`, `updated_at`) VALUES ('111', '10', 'Libero molestiae molestias aut. Et iure tempore quia consectetur ex. Tempora repudiandae in illum excepturi molestiae iure rerum aliquam.', '1971-10-29 18:47:33', '2017-08-01 00:35:16');
INSERT INTO `posts` (`id`, `user_id`, `txt`, `created_at`, `updated_at`) VALUES ('112', '95', 'Ipsam dolorem sit aspernatur et. Est aut dolorem velit vel omnis. Quia quis commodi voluptates quae exercitationem beatae.', '2012-03-05 13:26:21', '2020-12-15 17:31:06');
INSERT INTO `posts` (`id`, `user_id`, `txt`, `created_at`, `updated_at`) VALUES ('113', '40', 'Nihil voluptatem ut non magnam. Dolor porro pariatur hic. Officia nihil sint et delectus corporis repudiandae nihil. Dolores iure nam perferendis provident enim aut.', '1989-06-18 12:55:19', '1997-02-25 18:02:29');
INSERT INTO `posts` (`id`, `user_id`, `txt`, `created_at`, `updated_at`) VALUES ('114', '50', 'Aliquid deleniti quia ipsam velit excepturi. Placeat et ea numquam modi voluptatum qui aliquam. Beatae deleniti impedit possimus inventore odio et.', '2005-09-15 09:20:03', '2019-03-24 17:44:28');
INSERT INTO `posts` (`id`, `user_id`, `txt`, `created_at`, `updated_at`) VALUES ('115', '31', 'Sed dicta sequi et dolores velit. Aut debitis minima quas harum architecto. Rerum sunt sed similique harum ut explicabo.', '1992-03-21 06:10:58', '1986-08-31 08:13:32');
INSERT INTO `posts` (`id`, `user_id`, `txt`, `created_at`, `updated_at`) VALUES ('116', '25', 'Doloremque dignissimos ut fugit assumenda repudiandae quidem. Et voluptatem mollitia eos fugit expedita. Dolorem perspiciatis saepe ratione est ipsum at.', '1980-12-30 03:48:31', '2003-05-30 11:58:27');
INSERT INTO `posts` (`id`, `user_id`, `txt`, `created_at`, `updated_at`) VALUES ('117', '71', 'Unde est ut nihil debitis. Voluptates magnam nostrum eveniet sunt deserunt. Voluptates quam non accusamus harum expedita voluptatem.', '1974-12-05 10:04:23', '1974-02-28 21:01:33');
INSERT INTO `posts` (`id`, `user_id`, `txt`, `created_at`, `updated_at`) VALUES ('118', '16', 'Et nihil animi mollitia fugiat blanditiis. Iste consequuntur porro earum sit non voluptatem ad. Quo dolores non quaerat aut.', '1996-10-31 00:32:02', '1997-08-15 15:31:25');
INSERT INTO `posts` (`id`, `user_id`, `txt`, `created_at`, `updated_at`) VALUES ('119', '90', 'Et quidem qui recusandae sit. Expedita quasi maiores modi asperiores iusto dolorem ipsa. Dolorem voluptates velit deserunt exercitationem. Qui voluptatem velit eveniet occaecati cupiditate nihil.', '1996-04-01 11:22:41', '2014-05-05 20:13:35');
INSERT INTO `posts` (`id`, `user_id`, `txt`, `created_at`, `updated_at`) VALUES ('120', '70', 'Placeat et consequuntur officia ab illo. Officia occaecati perspiciatis sit vitae in numquam sunt. Sunt minus error molestiae soluta. Sunt totam officiis aspernatur reprehenderit quia.', '2005-08-03 13:35:17', '1991-11-08 02:09:31');
INSERT INTO `posts` (`id`, `user_id`, `txt`, `created_at`, `updated_at`) VALUES ('121', '64', 'Excepturi voluptatem quod voluptatem et. Veritatis voluptatem dicta et nulla ut. Culpa nisi corporis odio error dolore.', '1979-10-27 07:25:33', '2003-06-05 10:51:06');
INSERT INTO `posts` (`id`, `user_id`, `txt`, `created_at`, `updated_at`) VALUES ('122', '82', 'Provident ab placeat voluptatem. Dolores quia totam voluptatum est suscipit quis. Alias quia aliquid quasi natus iste cupiditate. Mollitia natus exercitationem est voluptate voluptatem qui.', '2018-04-12 19:47:01', '2006-11-08 04:27:35');
INSERT INTO `posts` (`id`, `user_id`, `txt`, `created_at`, `updated_at`) VALUES ('123', '14', 'Nulla voluptatem dolorem dolore et vitae. Vel et amet amet. Quia dolorem dolor assumenda. Dicta vero culpa laborum et sapiente possimus sit.', '1985-06-14 15:59:15', '2011-03-21 14:01:30');
INSERT INTO `posts` (`id`, `user_id`, `txt`, `created_at`, `updated_at`) VALUES ('124', '29', 'Doloremque ratione corrupti accusamus qui rerum sit. Qui consequatur ea corrupti aliquid hic maiores. Esse vel rerum sequi deserunt. Nobis iure molestias ut minima ullam.', '2012-05-27 13:33:07', '2006-08-19 19:25:03');
INSERT INTO `posts` (`id`, `user_id`, `txt`, `created_at`, `updated_at`) VALUES ('125', '74', 'Libero necessitatibus magnam nihil est. Error libero harum sint sint ea.\nRepudiandae eos dolorem omnis dolorum illo ut hic quaerat. Eos ducimus aspernatur et. Cum porro maxime accusamus.', '2001-09-25 13:05:12', '2002-10-24 18:18:16');
INSERT INTO `posts` (`id`, `user_id`, `txt`, `created_at`, `updated_at`) VALUES ('126', '76', 'Eveniet est consequatur nam ut deserunt. Voluptatem laborum aliquam voluptas doloribus pariatur qui repudiandae. Perferendis assumenda vel doloremque et neque nesciunt.', '2015-11-18 11:14:28', '1976-12-27 07:18:27');
INSERT INTO `posts` (`id`, `user_id`, `txt`, `created_at`, `updated_at`) VALUES ('127', '79', 'Nam ipsa ipsam nam aut maxime. Et dolores iusto atque animi. Assumenda commodi minus at odit.', '2008-05-21 04:06:27', '1998-12-17 12:17:49');
INSERT INTO `posts` (`id`, `user_id`, `txt`, `created_at`, `updated_at`) VALUES ('128', '33', 'Doloribus minima repellat facere et voluptatem fugiat est. Doloribus suscipit aut quod aut dolores. Earum soluta aut reiciendis odio quis ea. Hic sint tempore quisquam omnis doloremque.', '2014-05-24 22:56:15', '1979-12-25 12:51:26');
INSERT INTO `posts` (`id`, `user_id`, `txt`, `created_at`, `updated_at`) VALUES ('129', '12', 'Et aliquam quia quis qui qui qui veritatis. Quia qui laboriosam corporis molestias a debitis. Dolore doloribus at repudiandae doloremque.', '2001-02-28 10:26:05', '2012-11-19 11:06:30');
INSERT INTO `posts` (`id`, `user_id`, `txt`, `created_at`, `updated_at`) VALUES ('130', '21', 'Ad voluptas nesciunt doloremque quisquam sit vero nam. Earum quae dolores nisi maiores quidem asperiores quia. Est provident aliquid consequuntur.', '1970-02-07 05:11:18', '1998-05-04 09:53:12');
INSERT INTO `posts` (`id`, `user_id`, `txt`, `created_at`, `updated_at`) VALUES ('131', '60', 'Fuga unde velit quae sit rem. Laboriosam totam impedit doloribus sint praesentium. Vitae sint voluptatem molestiae.', '1983-05-14 07:06:12', '1996-05-08 08:25:32');
INSERT INTO `posts` (`id`, `user_id`, `txt`, `created_at`, `updated_at`) VALUES ('132', '41', 'Assumenda qui consequatur sed. Aut ex debitis vitae assumenda iusto ut et. Non voluptatem autem nihil cum.', '2010-11-02 15:23:42', '1979-10-05 10:58:14');
INSERT INTO `posts` (`id`, `user_id`, `txt`, `created_at`, `updated_at`) VALUES ('133', '15', 'Tempore dicta consequuntur amet earum eius temporibus et aut. Iure ut culpa dolores et. Maxime sunt neque consectetur est eaque et aliquam.', '2018-10-24 04:26:54', '1976-06-09 01:23:52');
INSERT INTO `posts` (`id`, `user_id`, `txt`, `created_at`, `updated_at`) VALUES ('134', '7', 'Alias eaque molestiae doloremque dolores ea. Dolorem sed doloremque ipsa occaecati. Quia odio perferendis voluptatem porro ea officia. Facilis est vitae aut dolorem suscipit ipsa perferendis et.', '1985-12-08 17:46:04', '2010-05-24 10:35:09');
INSERT INTO `posts` (`id`, `user_id`, `txt`, `created_at`, `updated_at`) VALUES ('135', '6', 'Sed sed nam corporis accusamus. Quo ratione iusto quasi distinctio qui qui. Sed eum facere dolorem suscipit. Mollitia sit quisquam fugit et.', '2011-09-07 23:34:27', '1991-06-14 05:25:06');
INSERT INTO `posts` (`id`, `user_id`, `txt`, `created_at`, `updated_at`) VALUES ('136', '100', 'Voluptatibus non sed atque dolores. Ut occaecati maiores provident et. Aut aliquam inventore repellat qui.', '2008-03-25 19:44:37', '2018-10-18 10:23:24');
INSERT INTO `posts` (`id`, `user_id`, `txt`, `created_at`, `updated_at`) VALUES ('137', '36', 'Qui et quae repellendus reprehenderit exercitationem enim repellat eos. Quaerat minus accusantium sit dolore accusantium voluptatem ea culpa. Facere expedita et dolorem commodi.', '2015-11-23 03:18:50', '2011-02-01 17:50:55');
INSERT INTO `posts` (`id`, `user_id`, `txt`, `created_at`, `updated_at`) VALUES ('138', '94', 'Odio ut asperiores tenetur provident quod. Repellat quas odio quas rerum aliquam. Labore explicabo aut ratione natus voluptas inventore qui.', '1996-07-13 14:24:44', '2009-06-02 10:33:10');
INSERT INTO `posts` (`id`, `user_id`, `txt`, `created_at`, `updated_at`) VALUES ('139', '7', 'Sint voluptas voluptatem impedit necessitatibus est in. Laudantium reiciendis nisi facilis vitae alias. Voluptas necessitatibus rem dolor ut voluptatibus ipsam id.', '2007-03-10 16:33:24', '1973-04-29 13:10:16');
INSERT INTO `posts` (`id`, `user_id`, `txt`, `created_at`, `updated_at`) VALUES ('140', '57', 'Similique ipsam architecto rerum ipsum cupiditate. Quo qui ut pariatur. Cumque quisquam autem repellendus accusamus a.', '1988-03-19 15:07:02', '1992-07-22 01:08:38');
INSERT INTO `posts` (`id`, `user_id`, `txt`, `created_at`, `updated_at`) VALUES ('141', '72', 'Totam et voluptatum blanditiis quo. Temporibus velit sed totam reprehenderit voluptates ut voluptas tenetur. Distinctio ad libero ducimus rerum suscipit doloribus.', '1996-10-09 16:54:49', '2014-03-12 22:49:33');
INSERT INTO `posts` (`id`, `user_id`, `txt`, `created_at`, `updated_at`) VALUES ('142', '16', 'Deleniti nisi sunt quo eos. Eum eaque aut suscipit aut. Necessitatibus nisi vero voluptas occaecati aspernatur consequuntur. Sit delectus dolores placeat enim.', '2005-11-12 22:21:38', '2014-10-20 18:00:32');
INSERT INTO `posts` (`id`, `user_id`, `txt`, `created_at`, `updated_at`) VALUES ('143', '51', 'Porro accusantium maiores et exercitationem dolore sunt. Cupiditate ipsam ut sit nihil et voluptatem rerum. Modi dignissimos consequuntur aut et molestiae iste rerum.', '1996-01-26 23:02:02', '2010-01-21 19:27:25');
INSERT INTO `posts` (`id`, `user_id`, `txt`, `created_at`, `updated_at`) VALUES ('144', '12', 'Magnam id quia ex sint enim voluptatem. Id voluptatem sequi qui adipisci. Sit ea rerum suscipit ab qui qui omnis.', '2020-10-31 00:01:11', '1982-12-03 09:11:30');
INSERT INTO `posts` (`id`, `user_id`, `txt`, `created_at`, `updated_at`) VALUES ('145', '66', 'Quos tempora unde dolor voluptates omnis. Corrupti architecto vitae quae magnam soluta. At voluptatum illo a veritatis dolor.', '2000-04-18 01:12:34', '1973-01-02 01:05:52');
INSERT INTO `posts` (`id`, `user_id`, `txt`, `created_at`, `updated_at`) VALUES ('146', '82', 'Eaque ipsam libero ducimus. Harum et voluptatem quaerat eveniet magni ipsam quod quis. Quia nostrum commodi nihil quidem cupiditate rem ducimus. Quia tempora quasi in ea.', '1979-06-19 16:42:13', '1971-01-23 08:36:14');
INSERT INTO `posts` (`id`, `user_id`, `txt`, `created_at`, `updated_at`) VALUES ('147', '36', 'Et voluptates voluptatibus sed quo adipisci animi. Voluptatem sed sed a eos omnis dolor et. Autem occaecati voluptate in qui recusandae corporis.', '1987-03-19 21:07:39', '1976-11-05 12:59:01');
INSERT INTO `posts` (`id`, `user_id`, `txt`, `created_at`, `updated_at`) VALUES ('148', '37', 'Quaerat ipsam aut fugit est explicabo numquam. Et libero fugit deleniti. Qui aut quasi quidem nam et et magni. Nulla tenetur temporibus id odit placeat.', '2019-11-24 10:55:34', '2017-09-11 18:23:29');
INSERT INTO `posts` (`id`, `user_id`, `txt`, `created_at`, `updated_at`) VALUES ('149', '98', 'Vel labore molestias dolor qui. Sed voluptas numquam itaque omnis sit est voluptatibus. Aliquam ipsam similique nulla dolorem non quidem commodi.', '2003-04-02 09:36:29', '1986-12-21 06:02:27');
INSERT INTO `posts` (`id`, `user_id`, `txt`, `created_at`, `updated_at`) VALUES ('150', '26', 'In illo quas aut. Omnis ut perferendis est adipisci. Maiores ut alias sed non.', '1972-07-30 15:35:50', '2013-08-15 09:52:30');
INSERT INTO `posts` (`id`, `user_id`, `txt`, `created_at`, `updated_at`) VALUES ('151', '7', 'Eveniet soluta qui impedit ea maxime. Et qui architecto a vitae veritatis vero similique. Culpa omnis velit ex animi odit et dolore.', '1997-06-09 12:53:55', '1996-07-17 13:36:43');
INSERT INTO `posts` (`id`, `user_id`, `txt`, `created_at`, `updated_at`) VALUES ('152', '61', 'Harum dolor quo earum tempora exercitationem aut. Dolor similique odio qui accusamus velit et eius. Doloribus delectus et quisquam. Voluptate ab omnis ad provident.', '1997-10-01 12:59:40', '1995-10-09 06:56:54');
INSERT INTO `posts` (`id`, `user_id`, `txt`, `created_at`, `updated_at`) VALUES ('153', '8', 'Rerum quos minus expedita nemo. Voluptates mollitia eveniet aliquam. Sequi unde quae possimus distinctio. Sit excepturi velit facere suscipit ab aliquid maiores a.', '1971-05-14 00:58:35', '1981-01-07 22:49:04');
INSERT INTO `posts` (`id`, `user_id`, `txt`, `created_at`, `updated_at`) VALUES ('154', '21', 'In est voluptatem fugiat doloribus. Qui perspiciatis quo sint asperiores cumque dignissimos asperiores.', '1986-09-07 12:48:17', '1977-08-24 09:13:21');
INSERT INTO `posts` (`id`, `user_id`, `txt`, `created_at`, `updated_at`) VALUES ('155', '90', 'Omnis delectus veniam modi. Necessitatibus assumenda sed est sequi ea officiis quisquam. Recusandae facere commodi qui nemo porro. Quia officiis eum nostrum et et aliquam sed.', '2001-05-29 06:59:24', '2013-09-28 17:21:01');
INSERT INTO `posts` (`id`, `user_id`, `txt`, `created_at`, `updated_at`) VALUES ('156', '81', 'Sit et est earum unde fugiat ea sit. Facere similique ut tempora nostrum et reprehenderit. Quae ut amet rerum. Ab dolores neque omnis repellendus quidem dignissimos.', '2004-10-27 03:39:58', '2006-05-27 10:49:47');
INSERT INTO `posts` (`id`, `user_id`, `txt`, `created_at`, `updated_at`) VALUES ('157', '96', 'Iste voluptate aliquid aliquid debitis in quam. Quia et aut et nulla quos alias pariatur.', '2002-07-15 01:03:19', '2000-09-04 19:21:49');
INSERT INTO `posts` (`id`, `user_id`, `txt`, `created_at`, `updated_at`) VALUES ('158', '69', 'Libero asperiores quis dicta fugit cum animi praesentium. Est temporibus saepe illo totam qui quidem quis. Occaecati est molestiae voluptas ipsam minima doloribus animi.', '2011-01-03 10:36:09', '1971-10-06 03:54:51');
INSERT INTO `posts` (`id`, `user_id`, `txt`, `created_at`, `updated_at`) VALUES ('159', '14', 'Autem odio sapiente dolorem voluptas qui. Natus quisquam qui cumque. Voluptatum iusto commodi molestias rerum perferendis eum quos. Aut blanditiis ut minus consequatur.', '1986-04-06 12:10:13', '2000-10-19 14:37:31');
INSERT INTO `posts` (`id`, `user_id`, `txt`, `created_at`, `updated_at`) VALUES ('160', '7', 'Officiis non aut recusandae non cum. Maiores nesciunt dicta modi autem beatae omnis. Qui nulla nam assumenda sint qui. Saepe est facilis totam.', '2020-05-31 16:29:59', '1981-01-24 14:15:50');
INSERT INTO `posts` (`id`, `user_id`, `txt`, `created_at`, `updated_at`) VALUES ('161', '90', 'Est temporibus non consectetur consequatur voluptatum laudantium. Eaque temporibus dolores non sed blanditiis. Autem ea et quibusdam placeat ut.', '1997-02-21 15:30:15', '1978-09-29 12:43:47');
INSERT INTO `posts` (`id`, `user_id`, `txt`, `created_at`, `updated_at`) VALUES ('162', '73', 'Accusantium perferendis sunt expedita maiores accusantium dignissimos. Qui libero in in placeat qui. Numquam quam saepe provident beatae.', '2009-04-15 23:28:44', '1988-08-24 12:17:09');
INSERT INTO `posts` (`id`, `user_id`, `txt`, `created_at`, `updated_at`) VALUES ('163', '47', 'Molestiae impedit numquam nemo corporis rem. Quo est iusto veritatis. Reiciendis nihil laudantium sit omnis et voluptates illum.', '2009-06-12 04:13:19', '1987-03-26 15:08:57');
INSERT INTO `posts` (`id`, `user_id`, `txt`, `created_at`, `updated_at`) VALUES ('164', '4', 'Explicabo itaque et odit dicta et debitis aperiam. Animi velit harum aperiam necessitatibus explicabo est laborum ea. Temporibus qui qui nam dignissimos ratione nemo. Sapiente eum corporis nam eius.', '2012-10-17 03:38:32', '1989-06-13 09:34:51');
INSERT INTO `posts` (`id`, `user_id`, `txt`, `created_at`, `updated_at`) VALUES ('165', '80', 'Dolor eligendi qui et. Voluptatum quam autem quos possimus. Quibusdam et maiores voluptate ipsa.', '1989-06-05 05:14:16', '1974-07-03 03:51:59');
INSERT INTO `posts` (`id`, `user_id`, `txt`, `created_at`, `updated_at`) VALUES ('166', '52', 'Corrupti sint repudiandae dolorem commodi id nulla. Voluptatum mollitia non asperiores enim aut hic. Esse ad omnis tempore exercitationem.', '1989-06-01 08:43:58', '1996-04-18 04:03:53');
INSERT INTO `posts` (`id`, `user_id`, `txt`, `created_at`, `updated_at`) VALUES ('167', '3', 'Iusto nesciunt hic repellendus nam nisi consequatur cupiditate quidem. Qui architecto architecto non dolores quam qui velit. Ut voluptatem assumenda explicabo iste saepe et facilis.', '1977-01-02 00:01:19', '2017-11-13 00:51:46');
INSERT INTO `posts` (`id`, `user_id`, `txt`, `created_at`, `updated_at`) VALUES ('168', '15', 'Odit in voluptas aut ipsum minus. Et iste ea quo nisi cum velit omnis quidem. Molestias rerum voluptatem aspernatur saepe et.', '2001-02-13 01:03:29', '1985-07-19 16:31:22');
INSERT INTO `posts` (`id`, `user_id`, `txt`, `created_at`, `updated_at`) VALUES ('169', '46', 'Omnis accusamus eos est est ipsum eligendi soluta. Sed est aut vero vel.', '1997-06-05 18:19:19', '2017-01-14 13:56:40');
INSERT INTO `posts` (`id`, `user_id`, `txt`, `created_at`, `updated_at`) VALUES ('170', '9', 'Eius natus nam et et. Non odit dolorem vitae eos maxime iusto facere. Eos nulla cumque labore iusto fugiat.', '1970-01-21 11:53:42', '1978-03-22 04:15:36');
INSERT INTO `posts` (`id`, `user_id`, `txt`, `created_at`, `updated_at`) VALUES ('171', '71', 'Ipsum ab dolores non est voluptatem. Consequatur sint nulla ratione deleniti porro. Iure omnis neque ratione eaque nihil saepe.', '1973-08-15 12:45:43', '2011-10-26 04:11:48');
INSERT INTO `posts` (`id`, `user_id`, `txt`, `created_at`, `updated_at`) VALUES ('172', '17', 'Ut quo itaque perspiciatis. Sint est quas quia quidem ut incidunt. Delectus saepe excepturi molestiae debitis saepe perferendis.', '2018-08-25 17:37:24', '2012-07-11 02:06:47');
INSERT INTO `posts` (`id`, `user_id`, `txt`, `created_at`, `updated_at`) VALUES ('173', '25', 'Sit doloribus suscipit officiis quo quia qui accusantium harum. Maxime ducimus sit officiis quidem. Dolorem sunt consequatur quos ut minima deleniti voluptatem qui. Laborum cum et nesciunt rerum eos.', '1988-09-10 22:00:48', '2017-02-26 07:29:11');
INSERT INTO `posts` (`id`, `user_id`, `txt`, `created_at`, `updated_at`) VALUES ('174', '22', 'Vel cumque eius dolorem assumenda. Animi voluptas dignissimos maiores excepturi. Aut impedit neque iusto quos sit sed sit. Excepturi voluptate illum fuga est accusamus sint omnis.', '2016-02-04 23:13:35', '1975-11-23 00:15:36');
INSERT INTO `posts` (`id`, `user_id`, `txt`, `created_at`, `updated_at`) VALUES ('175', '29', 'Et voluptas modi sapiente reiciendis aut sunt beatae. Et enim doloribus exercitationem laborum accusamus numquam. Tempore soluta fugit enim doloremque.', '1982-04-01 05:01:17', '2006-06-06 20:05:36');
INSERT INTO `posts` (`id`, `user_id`, `txt`, `created_at`, `updated_at`) VALUES ('176', '90', 'Neque placeat nostrum quidem et doloremque consectetur. Vel quia ipsa ut aut ad non non maiores. Eveniet placeat placeat fugit voluptatem accusantium voluptates corporis. Unde ut quidem quod nemo.', '1986-09-14 01:33:30', '1973-01-21 02:40:38');
INSERT INTO `posts` (`id`, `user_id`, `txt`, `created_at`, `updated_at`) VALUES ('177', '3', 'Numquam cumque iste possimus sed et qui doloribus. Ipsam nesciunt voluptas nihil atque eligendi quia. Fugit quaerat aut expedita asperiores tenetur.', '2011-07-23 16:53:23', '1992-10-25 11:32:43');
INSERT INTO `posts` (`id`, `user_id`, `txt`, `created_at`, `updated_at`) VALUES ('178', '65', 'Distinctio eum officiis dolore impedit vitae et. Culpa assumenda eveniet consequatur ut. Dolorem cupiditate iusto nihil quaerat porro. Magnam recusandae consequatur similique.', '2002-05-13 02:35:43', '1979-09-14 21:21:59');
INSERT INTO `posts` (`id`, `user_id`, `txt`, `created_at`, `updated_at`) VALUES ('179', '26', 'Vitae quo laborum dolores cumque. Nihil quod illum dicta neque tenetur quod ipsa. Consequuntur iure esse eveniet aut sit adipisci quas.', '1999-10-28 14:39:06', '1999-08-31 20:35:46');
INSERT INTO `posts` (`id`, `user_id`, `txt`, `created_at`, `updated_at`) VALUES ('180', '1', 'Cum non inventore excepturi possimus. Dolorem et reiciendis voluptatem laudantium explicabo ab eius quia. Dolores aliquid cum ut quia. Quidem eos repellendus velit maiores.', '2011-07-31 03:10:30', '2018-12-20 08:47:14');
INSERT INTO `posts` (`id`, `user_id`, `txt`, `created_at`, `updated_at`) VALUES ('181', '90', 'Consectetur adipisci earum accusamus. Consequatur qui molestiae voluptas explicabo pariatur omnis. Sequi sed sit minus aliquam sunt ducimus.', '2002-12-30 13:48:06', '1980-09-08 19:04:54');
INSERT INTO `posts` (`id`, `user_id`, `txt`, `created_at`, `updated_at`) VALUES ('182', '32', 'Ullam eius sed delectus vitae facere explicabo quam. Quasi voluptas dolor autem nihil. In magni dolorum velit blanditiis.', '2003-03-21 10:20:14', '2009-02-07 13:02:18');
INSERT INTO `posts` (`id`, `user_id`, `txt`, `created_at`, `updated_at`) VALUES ('183', '61', 'Qui est voluptatem et doloribus laborum voluptates. Voluptas voluptate dicta suscipit expedita. Quo iusto sapiente dolor placeat sit.', '1976-05-17 21:10:56', '1987-02-21 14:04:20');
INSERT INTO `posts` (`id`, `user_id`, `txt`, `created_at`, `updated_at`) VALUES ('184', '97', 'Nostrum natus alias molestiae ad sed ea odit. Consequatur esse qui exercitationem aperiam id eveniet. Est sit culpa quisquam unde sequi voluptas.', '2013-08-15 02:17:08', '1986-05-08 18:31:45');
INSERT INTO `posts` (`id`, `user_id`, `txt`, `created_at`, `updated_at`) VALUES ('185', '52', 'Quo quidem et dignissimos voluptatem dolorem consequatur ut. Incidunt quae minus eligendi numquam. Consequuntur quo consectetur modi et ducimus exercitationem et.', '2005-08-24 03:18:34', '2000-05-09 16:47:36');
INSERT INTO `posts` (`id`, `user_id`, `txt`, `created_at`, `updated_at`) VALUES ('186', '51', 'Et molestias dolores in quia quod illo non. Ducimus distinctio expedita impedit illum ut. Eos consectetur assumenda aliquid cum.', '1986-06-21 15:29:39', '1999-02-26 15:53:57');
INSERT INTO `posts` (`id`, `user_id`, `txt`, `created_at`, `updated_at`) VALUES ('187', '78', 'Similique tempora necessitatibus sed cumque. Sed eligendi beatae ipsum impedit quo. Odit est asperiores quo incidunt aut.', '2007-03-22 06:03:35', '1998-03-25 03:10:11');
INSERT INTO `posts` (`id`, `user_id`, `txt`, `created_at`, `updated_at`) VALUES ('188', '48', 'Distinctio repellat quas voluptas dolores molestiae repellat iure perspiciatis. Rem ea ut a porro quos. Fugit quo est ipsum eaque qui.', '1980-09-25 21:59:35', '2015-03-04 14:38:24');
INSERT INTO `posts` (`id`, `user_id`, `txt`, `created_at`, `updated_at`) VALUES ('189', '19', 'Esse sit nam placeat. Et cum quibusdam qui. Repudiandae error magni praesentium enim omnis esse tempore inventore. Quo voluptas officia qui fugit cum ratione.', '1977-10-03 01:02:24', '1975-01-01 12:44:31');
INSERT INTO `posts` (`id`, `user_id`, `txt`, `created_at`, `updated_at`) VALUES ('190', '91', 'Inventore ea eum labore animi architecto. Maiores a sequi nobis autem. Vitae ducimus omnis nostrum rerum ut amet hic.', '1994-08-23 11:26:18', '1976-01-12 18:57:18');
INSERT INTO `posts` (`id`, `user_id`, `txt`, `created_at`, `updated_at`) VALUES ('191', '55', 'Nihil porro velit ullam sed error. Voluptatem tempora tenetur impedit odit. Amet quia laborum aspernatur ut ut laborum ullam.', '2000-05-19 23:24:51', '1978-09-13 06:51:25');
INSERT INTO `posts` (`id`, `user_id`, `txt`, `created_at`, `updated_at`) VALUES ('192', '9', 'Ut voluptatem ea vero dicta odio temporibus alias. Voluptatem id est quod.', '1972-03-18 23:07:06', '2001-07-20 23:20:44');
INSERT INTO `posts` (`id`, `user_id`, `txt`, `created_at`, `updated_at`) VALUES ('193', '64', 'Et nihil et ipsum ea nihil minima. Et laborum aut sed voluptatum odio omnis. Repellendus eligendi et recusandae repellendus molestias quis autem.', '1978-11-13 00:22:08', '2006-10-23 14:27:05');
INSERT INTO `posts` (`id`, `user_id`, `txt`, `created_at`, `updated_at`) VALUES ('194', '2', 'Earum sunt corporis odio expedita exercitationem. Illum ea cumque beatae ea. Et nesciunt dolores non sapiente nisi eaque quibusdam. Aliquid alias quo fugiat dignissimos amet suscipit quas dolores.', '2016-10-05 04:33:44', '1996-07-06 20:39:59');
INSERT INTO `posts` (`id`, `user_id`, `txt`, `created_at`, `updated_at`) VALUES ('195', '12', 'Autem amet fugiat ut veniam iste ipsum in. Sed et nisi consequuntur praesentium vel qui. Exercitationem et sed officia rerum sed et odit. Accusamus id sit sed quidem.', '1998-06-26 21:02:49', '2021-02-15 08:56:55');
INSERT INTO `posts` (`id`, `user_id`, `txt`, `created_at`, `updated_at`) VALUES ('196', '43', 'In officia soluta sit et veniam aut ab. Corrupti qui quaerat exercitationem quod.', '1995-05-06 21:05:01', '1976-02-02 17:29:57');
INSERT INTO `posts` (`id`, `user_id`, `txt`, `created_at`, `updated_at`) VALUES ('197', '54', 'Omnis doloremque sunt itaque tempore dolores. Sed et dolorem aut et. Et velit aliquam vitae vel sequi aut accusantium.', '1980-10-11 10:24:01', '1986-08-11 14:43:11');
INSERT INTO `posts` (`id`, `user_id`, `txt`, `created_at`, `updated_at`) VALUES ('198', '14', 'Quia voluptatem non adipisci necessitatibus ad et. Non amet itaque maxime magnam vel. Natus omnis et nisi ad consequatur.', '1981-01-08 05:08:31', '1998-10-18 09:16:08');
INSERT INTO `posts` (`id`, `user_id`, `txt`, `created_at`, `updated_at`) VALUES ('199', '57', 'Ut laboriosam voluptatum consectetur quas dolor suscipit omnis fugit. Officiis ab eos aut numquam eos ut. Excepturi sed nulla rerum in voluptatem et. Deserunt numquam reiciendis et nisi.', '1997-05-19 03:53:40', '2005-07-25 00:55:03');
INSERT INTO `posts` (`id`, `user_id`, `txt`, `created_at`, `updated_at`) VALUES ('200', '99', 'Iste quia et illum aut qui. Sunt qui quia ad. Aut sit magni a consequuntur sed. Sunt delectus harum et.', '2002-01-05 16:26:01', '2018-12-18 04:31:03');
INSERT INTO `posts` (`id`, `user_id`, `txt`, `created_at`, `updated_at`) VALUES ('201', '23', 'Doloremque vero voluptatum maiores. Neque voluptates qui asperiores. Corporis cum qui ad voluptas fugit ea sunt. Expedita cumque officia laborum atque voluptate.', '2018-04-11 18:24:20', '1998-10-29 22:04:12');
INSERT INTO `posts` (`id`, `user_id`, `txt`, `created_at`, `updated_at`) VALUES ('202', '28', 'Molestiae corporis et amet culpa iste. Animi dolorum facilis rerum. Incidunt omnis necessitatibus possimus fugiat eum dignissimos.', '2003-03-16 18:47:22', '1996-05-18 06:05:27');
INSERT INTO `posts` (`id`, `user_id`, `txt`, `created_at`, `updated_at`) VALUES ('203', '16', 'Voluptate facilis laudantium ut dolor et odio. Temporibus qui at et ea porro est. Nobis et minus fuga fugit. Corrupti omnis aliquid sed sequi sint voluptates eius.', '1984-07-19 15:21:29', '2004-04-23 00:56:02');
INSERT INTO `posts` (`id`, `user_id`, `txt`, `created_at`, `updated_at`) VALUES ('204', '48', 'Ad ullam voluptatem distinctio quidem. Omnis deserunt architecto dolor excepturi. Explicabo voluptatem incidunt qui molestiae.', '2008-05-02 02:34:02', '2012-08-19 06:42:17');
INSERT INTO `posts` (`id`, `user_id`, `txt`, `created_at`, `updated_at`) VALUES ('205', '50', 'Quam incidunt qui ipsam quasi incidunt. Consequatur in aperiam labore. Ipsum amet natus quis officiis quia illo suscipit.', '2005-09-13 23:59:16', '1993-01-19 18:52:09');
INSERT INTO `posts` (`id`, `user_id`, `txt`, `created_at`, `updated_at`) VALUES ('206', '45', 'Ut ex ut aliquam repellendus. Tempore et culpa quia omnis eligendi a. Voluptatibus repudiandae omnis sint vero. Ut iure reiciendis ipsum praesentium dolor velit.', '2001-03-01 20:39:54', '2005-06-02 13:17:09');
INSERT INTO `posts` (`id`, `user_id`, `txt`, `created_at`, `updated_at`) VALUES ('207', '37', 'In eum eum rem nihil omnis voluptatum reprehenderit. Aliquam quaerat totam earum nemo quis molestias quis. Odit reiciendis accusamus ut sunt qui porro incidunt.', '1999-02-05 11:20:48', '1987-06-26 20:40:48');
INSERT INTO `posts` (`id`, `user_id`, `txt`, `created_at`, `updated_at`) VALUES ('208', '53', 'Blanditiis quis consequatur ut accusamus eum et velit. Optio modi debitis provident rerum. Et aspernatur quo dolore quam. Corporis voluptas earum sit suscipit.', '1974-05-24 19:23:38', '1996-06-06 08:39:22');
INSERT INTO `posts` (`id`, `user_id`, `txt`, `created_at`, `updated_at`) VALUES ('209', '9', 'Quia est dolor voluptas. Explicabo dignissimos adipisci fuga et non rerum. Quod quo repellendus fugit voluptatem magnam iusto.', '1979-04-29 16:42:06', '1993-04-08 04:11:43');
INSERT INTO `posts` (`id`, `user_id`, `txt`, `created_at`, `updated_at`) VALUES ('210', '63', 'Consequatur sed qui et ad ab. Sed accusamus deleniti recusandae porro rem dicta illo voluptas. Placeat iste et velit minima unde earum.', '1975-03-11 02:12:25', '1995-05-04 05:02:30');
INSERT INTO `posts` (`id`, `user_id`, `txt`, `created_at`, `updated_at`) VALUES ('211', '53', 'Nihil harum rerum id. Quia fugit quia aut ut tempora et. Aut animi expedita eligendi minus ea dolores vero sint.', '1983-10-27 18:23:48', '2014-04-05 06:27:44');
INSERT INTO `posts` (`id`, `user_id`, `txt`, `created_at`, `updated_at`) VALUES ('212', '99', 'Ullam laborum sit recusandae non deserunt. Inventore voluptate animi perferendis. Consequuntur deserunt sint voluptatum aut officiis earum. Dolor id facilis quae ipsam rerum.', '1994-01-19 03:58:56', '1993-04-13 07:05:53');
INSERT INTO `posts` (`id`, `user_id`, `txt`, `created_at`, `updated_at`) VALUES ('213', '95', 'Velit illo suscipit ipsum error distinctio. Saepe fuga et quae iure dolores et accusantium. Nesciunt possimus tempora assumenda dolorem. Qui hic recusandae quia nihil aut corporis.', '1996-03-02 02:33:54', '1973-06-05 23:20:38');
INSERT INTO `posts` (`id`, `user_id`, `txt`, `created_at`, `updated_at`) VALUES ('214', '14', 'Excepturi reprehenderit quos cupiditate delectus molestias nihil vel. Cupiditate ullam iure occaecati illum. Molestiae quia vel nostrum consequatur tempora odit.', '1991-12-20 11:24:40', '1998-10-31 05:48:04');
INSERT INTO `posts` (`id`, `user_id`, `txt`, `created_at`, `updated_at`) VALUES ('215', '95', 'Facilis sequi ut ipsam nihil vel est maxime quaerat. Nobis aut mollitia possimus excepturi.', '1980-06-18 22:50:05', '1991-07-28 18:21:43');
INSERT INTO `posts` (`id`, `user_id`, `txt`, `created_at`, `updated_at`) VALUES ('216', '47', 'Perspiciatis cumque ea ea quia inventore omnis. Nisi eius neque sapiente perferendis.', '1981-05-19 17:27:10', '1998-08-03 07:47:21');
INSERT INTO `posts` (`id`, `user_id`, `txt`, `created_at`, `updated_at`) VALUES ('217', '64', 'Minima laboriosam qui est ut eveniet. Sit corporis temporibus sed eius culpa est aut. Numquam quis omnis labore ipsam nostrum assumenda non. Earum rem tempore quasi exercitationem corrupti et dolor.', '2006-10-20 02:53:41', '1987-06-29 21:21:19');
INSERT INTO `posts` (`id`, `user_id`, `txt`, `created_at`, `updated_at`) VALUES ('218', '73', 'Sint soluta saepe veritatis natus quo ducimus nam. Omnis officia esse consequuntur facilis. Cumque odio accusamus culpa quia voluptatem quia illo. Qui quisquam facilis suscipit et.', '1987-09-26 17:24:00', '1999-08-14 05:25:02');
INSERT INTO `posts` (`id`, `user_id`, `txt`, `created_at`, `updated_at`) VALUES ('219', '95', 'Sed ab impedit aut unde. Ea cumque voluptatum consequatur soluta beatae. Sed tempore autem temporibus tempora est ea. Totam atque optio reprehenderit.', '2008-01-23 15:48:45', '2012-02-29 15:48:18');
INSERT INTO `posts` (`id`, `user_id`, `txt`, `created_at`, `updated_at`) VALUES ('220', '83', 'Consequatur velit qui aspernatur quia rerum. Recusandae illo harum similique ut facere nam. Sit vitae est aperiam dolorem.', '1975-08-09 01:10:40', '1993-05-06 03:56:52');
INSERT INTO `posts` (`id`, `user_id`, `txt`, `created_at`, `updated_at`) VALUES ('221', '64', 'Consequatur accusamus eligendi voluptas quibusdam totam nihil. Sapiente et sint rem ipsum distinctio quis. Voluptatem ratione ullam non quisquam earum optio.', '1999-12-12 18:50:09', '1998-03-18 20:09:20');
INSERT INTO `posts` (`id`, `user_id`, `txt`, `created_at`, `updated_at`) VALUES ('222', '49', 'Aut et et similique nam. Placeat est et velit nulla ipsum nemo rerum. Corporis neque aliquam ut accusamus. Provident dolorem commodi pariatur in autem.', '1986-11-01 01:53:09', '1987-01-31 00:58:13');
INSERT INTO `posts` (`id`, `user_id`, `txt`, `created_at`, `updated_at`) VALUES ('223', '92', 'Nemo doloribus officia a harum deleniti aliquam eveniet. Maiores nostrum sunt a consequatur. Beatae et et occaecati aut magnam qui sed.', '1990-10-15 23:49:17', '1976-09-28 07:50:53');
INSERT INTO `posts` (`id`, `user_id`, `txt`, `created_at`, `updated_at`) VALUES ('224', '27', 'Sit dignissimos possimus in iusto eligendi dolores id autem. Autem ut inventore blanditiis quam sit cum voluptatem distinctio. Exercitationem delectus nisi quos exercitationem quis enim.', '1978-04-26 16:18:14', '1973-04-29 08:28:09');
INSERT INTO `posts` (`id`, `user_id`, `txt`, `created_at`, `updated_at`) VALUES ('225', '51', 'Voluptatem magnam quas recusandae et. Doloremque et nisi tempora aut. Enim voluptates dolor possimus beatae qui qui dolorem. Eum laboriosam asperiores autem sit dolores eum et.', '2008-09-05 11:32:32', '1999-10-19 21:56:43');
INSERT INTO `posts` (`id`, `user_id`, `txt`, `created_at`, `updated_at`) VALUES ('226', '3', 'Itaque molestiae aut ab aut. Qui consequatur delectus est consequatur officia iure. A saepe qui dolore minima libero quia et.', '2020-01-22 01:11:34', '1979-01-20 04:43:44');
INSERT INTO `posts` (`id`, `user_id`, `txt`, `created_at`, `updated_at`) VALUES ('227', '69', 'Eos sed ea repudiandae tenetur sit qui. Fugiat provident explicabo est ut. Quia placeat ut voluptatem officia corrupti. Impedit atque hic nulla qui quam sequi blanditiis reprehenderit.', '1997-05-19 00:55:15', '1985-03-01 00:18:43');
INSERT INTO `posts` (`id`, `user_id`, `txt`, `created_at`, `updated_at`) VALUES ('228', '4', 'Dolores sunt quod et. Incidunt aliquam sit minus voluptatibus nobis accusantium. Est dolorum aperiam inventore laborum perspiciatis.', '1995-05-11 21:24:34', '1970-05-18 02:06:28');
INSERT INTO `posts` (`id`, `user_id`, `txt`, `created_at`, `updated_at`) VALUES ('229', '17', 'Ut nam et necessitatibus. Tempora error nemo doloremque quam in atque. Aliquid veritatis ut minus tempore.', '2020-09-07 20:12:09', '1982-12-21 15:35:28');
INSERT INTO `posts` (`id`, `user_id`, `txt`, `created_at`, `updated_at`) VALUES ('230', '26', 'Consequuntur est soluta dolorem asperiores iure aut. Tenetur laborum quia quasi nesciunt quis. Ut laboriosam corrupti consequatur qui occaecati quia commodi minus. Et quo ipsum quas qui debitis et.', '2011-02-26 03:53:44', '1980-12-06 05:51:07');
INSERT INTO `posts` (`id`, `user_id`, `txt`, `created_at`, `updated_at`) VALUES ('231', '3', 'Rerum veniam libero voluptatem. Et sed eos dolorum et voluptas atque. Rerum tenetur eum eum.', '1970-09-01 01:10:40', '1997-09-24 06:17:49');
INSERT INTO `posts` (`id`, `user_id`, `txt`, `created_at`, `updated_at`) VALUES ('232', '40', 'Est eligendi voluptatem voluptas quis nulla eligendi. Nulla incidunt molestiae deleniti dolor excepturi. Dolores ut libero ut.\nAutem ipsam vel cum. Facilis non in labore quia accusamus nesciunt.', '2003-07-07 01:56:20', '2010-03-18 15:52:17');
INSERT INTO `posts` (`id`, `user_id`, `txt`, `created_at`, `updated_at`) VALUES ('233', '53', 'Aut ex autem sunt enim et. Fugit aliquid quo autem optio non. Quia aut earum quia fuga. Minus velit maiores porro natus quia atque.', '1974-04-10 10:40:55', '1972-11-27 15:08:26');
INSERT INTO `posts` (`id`, `user_id`, `txt`, `created_at`, `updated_at`) VALUES ('234', '19', 'Et sequi quos harum vitae ex. Et repellat repellat enim tempora accusamus. At est earum occaecati nulla delectus eum optio illum. Sed quo modi praesentium.', '1972-02-02 04:26:23', '1970-02-04 05:46:25');
INSERT INTO `posts` (`id`, `user_id`, `txt`, `created_at`, `updated_at`) VALUES ('235', '87', 'Quisquam ipsa debitis occaecati. Nisi corrupti omnis quibusdam sed. Repellendus ducimus ut dolores illo facere. Dolore dicta iure occaecati voluptatibus delectus voluptates.', '2019-12-17 11:17:51', '1973-08-24 01:37:13');
INSERT INTO `posts` (`id`, `user_id`, `txt`, `created_at`, `updated_at`) VALUES ('236', '2', 'Unde totam sit rerum sint. Et facere saepe quia mollitia voluptas natus nisi. Dolore omnis esse dolorem consectetur et. Porro inventore iste iusto.', '1992-03-16 15:04:55', '2021-04-20 20:55:08');
INSERT INTO `posts` (`id`, `user_id`, `txt`, `created_at`, `updated_at`) VALUES ('237', '63', 'Omnis rerum cum et quis explicabo et. Est illo sint placeat sapiente. Mollitia et nihil sint.', '1978-04-07 06:47:28', '1995-04-02 02:14:23');
INSERT INTO `posts` (`id`, `user_id`, `txt`, `created_at`, `updated_at`) VALUES ('238', '24', 'Consectetur modi repudiandae natus repellat. Id nesciunt est ratione illum soluta consectetur.', '2012-07-10 21:59:00', '1987-12-03 06:54:37');
INSERT INTO `posts` (`id`, `user_id`, `txt`, `created_at`, `updated_at`) VALUES ('239', '54', 'Hic quod et aut ut error aliquid omnis. Nesciunt et minima non quo maxime eligendi. Nihil qui error provident.', '1979-06-18 04:05:24', '2018-04-21 19:46:21');
INSERT INTO `posts` (`id`, `user_id`, `txt`, `created_at`, `updated_at`) VALUES ('240', '72', 'Delectus aperiam veritatis et libero repellendus. Sequi iusto quis deleniti non esse minus. Tenetur totam voluptatum deserunt. Temporibus perferendis sed aliquam ipsa.', '2017-09-08 10:15:32', '2013-05-06 02:56:42');
INSERT INTO `posts` (`id`, `user_id`, `txt`, `created_at`, `updated_at`) VALUES ('241', '86', 'Enim quia provident minus molestias aut quaerat molestiae. Aperiam ut enim a.', '1985-06-14 03:20:32', '2005-02-17 16:22:41');
INSERT INTO `posts` (`id`, `user_id`, `txt`, `created_at`, `updated_at`) VALUES ('242', '7', 'Debitis fuga atque non quo. Deserunt in ratione dolorem nihil quis earum. Ullam fuga aspernatur ut aut aliquid minus pariatur.\nNostrum non sint aut recusandae. Eligendi natus distinctio sit.', '1990-10-10 07:22:01', '1993-04-12 04:57:36');
INSERT INTO `posts` (`id`, `user_id`, `txt`, `created_at`, `updated_at`) VALUES ('243', '70', 'Totam facilis nam rerum maxime modi cum. Rerum aut non nam sit culpa id et voluptatum. Cupiditate est quae repellat qui dolorum voluptates. Et quis soluta inventore dolore voluptas.', '1974-11-08 18:16:35', '2012-03-26 22:16:02');
INSERT INTO `posts` (`id`, `user_id`, `txt`, `created_at`, `updated_at`) VALUES ('244', '81', 'Dolorem voluptatem quo vel et molestias. Cumque sit nihil non quis. Autem modi illo illum velit debitis aut et autem. Ut rerum sed non doloribus ipsum.', '1981-05-12 05:14:27', '1991-11-07 05:14:25');
INSERT INTO `posts` (`id`, `user_id`, `txt`, `created_at`, `updated_at`) VALUES ('245', '20', 'Qui illo repellendus laborum quo ipsam. Distinctio rerum deleniti cum et vero nesciunt. Nesciunt ipsa omnis voluptas voluptates et. Deleniti molestiae velit ad reprehenderit voluptatem sint ut.', '2019-10-17 14:07:55', '1973-06-29 01:19:22');
INSERT INTO `posts` (`id`, `user_id`, `txt`, `created_at`, `updated_at`) VALUES ('246', '65', 'Et nulla consequatur magni perferendis illo in ipsum. Dignissimos aut mollitia excepturi odit sed ut. Adipisci non in ea accusamus cum esse.', '1988-02-29 12:20:29', '1982-03-16 17:29:18');
INSERT INTO `posts` (`id`, `user_id`, `txt`, `created_at`, `updated_at`) VALUES ('247', '28', 'Rem eius omnis sed nulla beatae. A omnis temporibus natus est saepe placeat facilis. Eaque error quaerat magni. Ipsum consequatur labore officia in.', '1970-08-19 14:27:25', '2014-07-02 09:58:18');
INSERT INTO `posts` (`id`, `user_id`, `txt`, `created_at`, `updated_at`) VALUES ('248', '84', 'Aut similique quisquam dolores ea numquam. Omnis facilis maxime et possimus sapiente non dolor eveniet. Aspernatur ut iste omnis et consectetur.', '1983-10-25 16:45:29', '1973-01-18 13:23:23');
INSERT INTO `posts` (`id`, `user_id`, `txt`, `created_at`, `updated_at`) VALUES ('249', '37', 'Laudantium quibusdam voluptatem quaerat repellendus quidem vel excepturi. Dignissimos quis corrupti nam ipsum.', '1984-08-17 20:21:36', '1986-08-08 00:22:42');
INSERT INTO `posts` (`id`, `user_id`, `txt`, `created_at`, `updated_at`) VALUES ('250', '22', 'Ullam sed esse voluptate architecto ex quibusdam. Molestias dolorem quis eos. Pariatur consequatur id consequatur sint atque et. Est inventore autem atque perferendis recusandae quasi.', '1974-08-14 23:14:13', '2002-10-22 01:04:41');
INSERT INTO `posts` (`id`, `user_id`, `txt`, `created_at`, `updated_at`) VALUES ('251', '67', 'Magni est ut ullam ullam. Excepturi quas voluptatem et qui facere. Dolorem ipsum illo alias quisquam eum corrupti doloremque. Iste vero deleniti similique ratione.', '2016-08-17 17:06:54', '1970-03-30 20:39:55');
INSERT INTO `posts` (`id`, `user_id`, `txt`, `created_at`, `updated_at`) VALUES ('252', '100', 'Et odit sit sit. Quibusdam autem rerum nulla ipsum quia.\nFugiat quia quas optio rerum. Perspiciatis aspernatur officiis provident a voluptatem mollitia nulla. Et aut tempora minus.', '1999-11-02 14:59:41', '1980-01-16 13:28:33');
INSERT INTO `posts` (`id`, `user_id`, `txt`, `created_at`, `updated_at`) VALUES ('253', '70', 'Quis magnam ex beatae qui ea deserunt id. Non id quia eum et fugiat dolor voluptas. Eius amet et odit et.', '2007-05-28 17:26:15', '2014-10-08 17:38:29');
INSERT INTO `posts` (`id`, `user_id`, `txt`, `created_at`, `updated_at`) VALUES ('254', '58', 'Sed nam deserunt ut ut tenetur. Nesciunt quod et iusto vel. Fugiat ad aut cumque odit sunt quia.', '1990-11-17 13:14:14', '1981-12-29 14:20:47');
INSERT INTO `posts` (`id`, `user_id`, `txt`, `created_at`, `updated_at`) VALUES ('255', '27', 'Aspernatur consectetur pariatur accusamus placeat ducimus et. Voluptates eveniet veniam hic sequi maiores. Voluptatem voluptatem ut pariatur.', '2006-04-24 01:00:56', '1983-05-26 04:15:38');
INSERT INTO `posts` (`id`, `user_id`, `txt`, `created_at`, `updated_at`) VALUES ('256', '21', 'Quibusdam qui itaque nulla sed quo. Repudiandae vel blanditiis ut nam ipsa error libero. Modi aut asperiores sunt reiciendis repellat aut impedit molestiae.', '1988-12-19 01:46:55', '2009-12-18 15:01:47');
INSERT INTO `posts` (`id`, `user_id`, `txt`, `created_at`, `updated_at`) VALUES ('257', '60', 'Sapiente atque accusantium explicabo fugit quis. Placeat molestiae aspernatur in ad. Sed ut tempora velit molestiae totam expedita. Similique vel facere sunt.', '1999-03-27 14:32:01', '1971-08-14 22:01:12');
INSERT INTO `posts` (`id`, `user_id`, `txt`, `created_at`, `updated_at`) VALUES ('258', '95', 'Sit quia maxime molestiae assumenda. Sit voluptas ea modi nobis repellendus vel veniam. Cum et illum eligendi quo harum.', '1999-05-01 13:13:06', '1999-03-31 17:44:01');
INSERT INTO `posts` (`id`, `user_id`, `txt`, `created_at`, `updated_at`) VALUES ('259', '24', 'Qui ut sint quidem corrupti. Ut molestiae et aut adipisci. Et beatae aut magnam harum. Amet numquam molestias et reiciendis ab.', '2021-04-23 20:38:34', '1971-08-27 19:45:22');
INSERT INTO `posts` (`id`, `user_id`, `txt`, `created_at`, `updated_at`) VALUES ('260', '77', 'Consequatur id reiciendis veritatis. Quia reiciendis error hic inventore. Et eius et consequatur voluptates est veritatis cupiditate. Exercitationem quo est molestias sed qui voluptates officia amet.', '2001-04-19 00:53:09', '1984-11-15 18:26:33');
INSERT INTO `posts` (`id`, `user_id`, `txt`, `created_at`, `updated_at`) VALUES ('261', '20', 'Voluptatum voluptatem ut facere nulla qui numquam. Reiciendis ut ullam dolorum blanditiis ipsa. Vel in fuga similique voluptates consequatur. Et velit ab non repellat ut dignissimos veniam.', '1975-09-26 02:21:33', '2016-06-30 08:00:22');
INSERT INTO `posts` (`id`, `user_id`, `txt`, `created_at`, `updated_at`) VALUES ('262', '27', 'Voluptatem soluta eius velit et. Eaque accusantium perferendis et fugiat ipsum. Ipsa officia in in odit.', '1999-06-14 08:12:19', '1972-07-06 03:08:12');
INSERT INTO `posts` (`id`, `user_id`, `txt`, `created_at`, `updated_at`) VALUES ('263', '16', 'Et ut eligendi at amet magnam illo. Et quisquam corporis non perferendis sint. Cupiditate eum esse dolore non maxime.', '2010-12-16 15:59:44', '1973-04-04 12:23:27');
INSERT INTO `posts` (`id`, `user_id`, `txt`, `created_at`, `updated_at`) VALUES ('264', '73', 'Aut modi enim ipsam sunt et. Voluptatibus qui consequatur blanditiis fugit perferendis. Sed nisi fugit omnis. Eaque vel eius consequatur molestiae voluptas.', '1972-01-06 17:22:27', '1987-12-21 07:20:31');
INSERT INTO `posts` (`id`, `user_id`, `txt`, `created_at`, `updated_at`) VALUES ('265', '45', 'Expedita sit earum eius consequatur. Nisi est eveniet repellendus. Beatae sequi enim totam id. Amet soluta delectus vitae sunt aspernatur porro.', '1994-08-27 16:23:07', '1993-03-16 21:36:28');
INSERT INTO `posts` (`id`, `user_id`, `txt`, `created_at`, `updated_at`) VALUES ('266', '2', 'Illo enim quae ut at sequi ut iure sint. Iure rem dolor repellendus et quia tempora. Minima ut libero fuga et.', '1981-08-22 05:03:21', '2015-11-11 10:21:46');
INSERT INTO `posts` (`id`, `user_id`, `txt`, `created_at`, `updated_at`) VALUES ('267', '74', 'Aspernatur ut quia sunt non iste et. Facilis quis natus eligendi enim possimus porro architecto. Occaecati sed enim fugit rerum qui nihil vel.', '1978-06-17 15:56:28', '2007-10-16 20:13:19');
INSERT INTO `posts` (`id`, `user_id`, `txt`, `created_at`, `updated_at`) VALUES ('268', '8', 'Et blanditiis magnam est sit eligendi. Deserunt qui veritatis at dolorem sed corrupti numquam. At corrupti harum sequi nostrum dolorem facilis quia. A et voluptates itaque sed velit et.', '1993-05-20 05:15:22', '2013-11-28 05:52:27');
INSERT INTO `posts` (`id`, `user_id`, `txt`, `created_at`, `updated_at`) VALUES ('269', '25', 'Ea dolores quis mollitia alias recusandae. Et dolor culpa quia distinctio iusto laborum nam. Aut quo sequi saepe ut nisi.', '1990-12-22 05:28:48', '1981-10-14 05:34:51');
INSERT INTO `posts` (`id`, `user_id`, `txt`, `created_at`, `updated_at`) VALUES ('270', '28', 'Sunt quisquam nemo aut assumenda. Occaecati non laudantium tempora asperiores animi corporis. Odio provident ex odio aut sunt. Cumque ut sunt sint sit odit molestiae quo reiciendis.', '1999-10-12 12:30:45', '1997-12-12 08:08:40');
INSERT INTO `posts` (`id`, `user_id`, `txt`, `created_at`, `updated_at`) VALUES ('271', '79', 'Ut est quia eos ut qui magni soluta. Ratione quos qui et. Atque est atque rerum sequi.', '1990-05-19 19:58:13', '2000-11-30 09:02:14');
INSERT INTO `posts` (`id`, `user_id`, `txt`, `created_at`, `updated_at`) VALUES ('272', '11', 'Blanditiis non est voluptas aut. Nulla molestiae ut optio porro vero et. Rerum provident consequatur iusto repellat deleniti.', '2008-07-26 07:52:10', '2015-07-23 10:43:10');
INSERT INTO `posts` (`id`, `user_id`, `txt`, `created_at`, `updated_at`) VALUES ('273', '34', 'Voluptas minima inventore aut voluptas quod ut fuga. Perferendis et eaque soluta ea ut sint. Minus adipisci deleniti dicta assumenda et quam ducimus. Enim natus vero at vel.', '2003-11-11 00:44:36', '1993-04-27 10:56:33');
INSERT INTO `posts` (`id`, `user_id`, `txt`, `created_at`, `updated_at`) VALUES ('274', '48', 'Qui iusto officiis fuga ea expedita asperiores reiciendis. Neque eaque voluptas omnis autem recusandae hic. Vero voluptatum earum eaque laborum facere dolorum labore nisi.', '2002-08-31 20:48:52', '1998-01-11 20:48:29');
INSERT INTO `posts` (`id`, `user_id`, `txt`, `created_at`, `updated_at`) VALUES ('275', '91', 'Tenetur officiis velit maiores a non. Officia maiores hic ducimus corporis eaque explicabo. Eaque laborum quae est autem.', '2012-07-14 09:12:07', '1992-07-13 18:13:15');
INSERT INTO `posts` (`id`, `user_id`, `txt`, `created_at`, `updated_at`) VALUES ('276', '54', 'Exercitationem sapiente unde sunt temporibus quia adipisci aut. Iure qui deserunt aliquid et voluptate qui quas. Quaerat dolor optio corrupti et et inventore.', '2001-05-10 06:32:58', '1983-09-16 19:38:37');
INSERT INTO `posts` (`id`, `user_id`, `txt`, `created_at`, `updated_at`) VALUES ('277', '12', 'Dolor deleniti fuga non dolorem saepe. Dolore distinctio explicabo dolorem necessitatibus. Deleniti sunt dolor fugiat. Velit aut vel ea qui labore aut.', '1980-03-21 13:56:43', '1980-01-20 11:25:41');
INSERT INTO `posts` (`id`, `user_id`, `txt`, `created_at`, `updated_at`) VALUES ('278', '18', 'Repudiandae dignissimos quis ut fugiat. Dolor odit id soluta earum. Sit sequi non iste similique.', '1977-10-29 11:33:00', '2001-10-13 20:05:18');
INSERT INTO `posts` (`id`, `user_id`, `txt`, `created_at`, `updated_at`) VALUES ('279', '37', 'Odio explicabo laudantium est eveniet. Tempore minima ut consequatur quia explicabo aut. Quis a ut officiis sed non consequuntur est.', '1993-10-31 04:31:14', '1991-07-31 19:58:07');
INSERT INTO `posts` (`id`, `user_id`, `txt`, `created_at`, `updated_at`) VALUES ('280', '49', 'Omnis non quaerat ut consequatur atque. Unde magni numquam dolor. Voluptas eligendi tempore iure omnis voluptas quod. Nostrum perspiciatis architecto totam et eos voluptatibus ea.', '1971-04-03 16:47:18', '2016-05-07 16:33:53');
INSERT INTO `posts` (`id`, `user_id`, `txt`, `created_at`, `updated_at`) VALUES ('281', '40', 'Harum cum in omnis iste est. Et eaque ipsam omnis nobis. Qui debitis quo rerum deleniti laboriosam at magni.', '1991-05-18 05:26:01', '2012-04-23 04:59:32');
INSERT INTO `posts` (`id`, `user_id`, `txt`, `created_at`, `updated_at`) VALUES ('282', '3', 'Sed alias dolorem rerum nisi totam. Vel enim vero ab sed. Maxime deleniti consequatur dignissimos ullam et omnis. Aspernatur qui molestiae qui accusamus a maxime possimus.', '2015-05-20 12:29:53', '1996-02-01 10:06:34');
INSERT INTO `posts` (`id`, `user_id`, `txt`, `created_at`, `updated_at`) VALUES ('283', '49', 'Cum eos eos quaerat distinctio. Cumque consectetur eum numquam fuga esse non. Quo et est sunt minus similique libero neque rerum. Ut quaerat maxime rerum molestias voluptate omnis porro.', '2003-03-18 21:04:47', '1971-05-15 01:51:19');
INSERT INTO `posts` (`id`, `user_id`, `txt`, `created_at`, `updated_at`) VALUES ('284', '10', 'Autem blanditiis aut consequatur officia. At laboriosam et blanditiis explicabo voluptatibus qui. Fugit laudantium maxime et aut. Et enim dolor non necessitatibus.', '2014-08-05 04:13:10', '2002-10-07 11:05:30');
INSERT INTO `posts` (`id`, `user_id`, `txt`, `created_at`, `updated_at`) VALUES ('285', '60', 'Animi dolore explicabo optio quis sit natus est. Dolor odit velit iusto animi. Debitis quia itaque molestiae omnis beatae perspiciatis. Qui beatae minus voluptate dicta et saepe reiciendis.', '1979-12-01 13:34:04', '1980-04-25 12:33:41');
INSERT INTO `posts` (`id`, `user_id`, `txt`, `created_at`, `updated_at`) VALUES ('286', '75', 'Porro in facilis voluptate dolor omnis laborum vel. Possimus assumenda quis voluptate maxime ut sit cupiditate.', '1974-04-17 15:10:19', '2018-03-21 11:11:57');
INSERT INTO `posts` (`id`, `user_id`, `txt`, `created_at`, `updated_at`) VALUES ('287', '30', 'Quam non ut repellendus quidem quia. Culpa accusamus aut est in. Illo autem magnam fuga magnam nostrum doloremque aut magni. Recusandae occaecati iusto eum distinctio ipsum velit consequuntur.', '1970-02-06 18:43:02', '2015-02-14 03:54:18');
INSERT INTO `posts` (`id`, `user_id`, `txt`, `created_at`, `updated_at`) VALUES ('288', '20', 'Non doloribus doloremque sit illum aliquid nesciunt iure. Debitis doloremque velit molestias velit. Accusamus nisi sunt est. Cumque natus dolore nihil tempora.', '2001-04-22 23:24:46', '1979-07-06 19:10:59');
INSERT INTO `posts` (`id`, `user_id`, `txt`, `created_at`, `updated_at`) VALUES ('289', '69', 'Et quia quia sequi aut. Tempore laboriosam et sequi assumenda enim id ut. Autem facilis consequatur reprehenderit natus non dicta. Repellendus nesciunt sint et eveniet sunt temporibus id.', '2013-01-28 23:36:35', '1980-10-15 10:25:08');
INSERT INTO `posts` (`id`, `user_id`, `txt`, `created_at`, `updated_at`) VALUES ('290', '53', 'Est repellendus nihil id excepturi. Eveniet laborum eum sint amet. Doloremque ex unde maxime aliquam laborum enim perferendis. Qui explicabo rem occaecati commodi.', '1991-07-07 16:45:17', '2010-07-21 11:16:31');
INSERT INTO `posts` (`id`, `user_id`, `txt`, `created_at`, `updated_at`) VALUES ('291', '96', 'Blanditiis porro quos blanditiis beatae impedit. Modi sapiente blanditiis tenetur sint dolor sed. Distinctio distinctio laborum soluta id veniam est dolore. Nostrum veniam sit dolorem doloribus.', '1974-04-23 16:35:27', '1985-09-03 00:05:41');
INSERT INTO `posts` (`id`, `user_id`, `txt`, `created_at`, `updated_at`) VALUES ('292', '89', 'Illo molestiae in laudantium quibusdam. Sit fugit dolorum beatae veniam iusto autem non. Laboriosam in nihil ad repellat consequatur.', '1995-07-13 08:56:14', '2001-05-21 13:58:25');
INSERT INTO `posts` (`id`, `user_id`, `txt`, `created_at`, `updated_at`) VALUES ('293', '80', 'Nihil officia voluptas recusandae et dolorum ut. Esse quos voluptatem non nobis pariatur. Natus nulla similique quia sed.', '1970-04-16 14:21:32', '1989-02-09 08:50:35');
INSERT INTO `posts` (`id`, `user_id`, `txt`, `created_at`, `updated_at`) VALUES ('294', '12', 'Id minus qui ab omnis quod reiciendis. Earum nostrum est temporibus nostrum non consequatur sunt ea. Modi est corporis hic quia adipisci.', '2010-03-11 08:29:14', '1994-08-25 22:02:44');
INSERT INTO `posts` (`id`, `user_id`, `txt`, `created_at`, `updated_at`) VALUES ('295', '61', 'Enim et tempora qui quo. Molestiae facilis id dolor.', '1983-11-07 17:18:54', '1973-11-17 01:42:47');
INSERT INTO `posts` (`id`, `user_id`, `txt`, `created_at`, `updated_at`) VALUES ('296', '24', 'Deleniti doloremque natus et non. Odit eius itaque quo. Laudantium praesentium aliquam neque. Et amet possimus eveniet iure deleniti porro.', '2007-10-07 01:46:10', '1978-05-05 19:09:45');
INSERT INTO `posts` (`id`, `user_id`, `txt`, `created_at`, `updated_at`) VALUES ('297', '13', 'Aliquid repellat vero eaque. Ex illum maxime accusantium qui. Blanditiis magnam reiciendis laudantium quam laudantium. Atque vel est ipsam impedit aut.', '2013-12-29 17:02:40', '1983-07-30 01:26:49');
INSERT INTO `posts` (`id`, `user_id`, `txt`, `created_at`, `updated_at`) VALUES ('298', '34', 'Aperiam dolore ut provident qui excepturi et est. Quam id dolores odio blanditiis ut pariatur. Sit saepe illum non cum itaque quas.', '1991-10-01 13:24:05', '1971-09-29 20:50:09');
INSERT INTO `posts` (`id`, `user_id`, `txt`, `created_at`, `updated_at`) VALUES ('299', '32', 'Vero neque dolores autem molestiae odit dolore. Velit velit eum nostrum iusto nihil fugiat sed facilis. Laborum sed aut cum aut qui id. Voluptatum dolorem sequi quibusdam itaque id.', '1998-01-07 17:59:30', '1987-04-18 06:41:45');
INSERT INTO `posts` (`id`, `user_id`, `txt`, `created_at`, `updated_at`) VALUES ('300', '38', 'Laborum omnis repudiandae molestias velit. Id quidem voluptas aperiam nihil officiis ab. Sed alias excepturi vero possimus laborum cupiditate ut.', '1980-08-31 09:17:09', '2013-07-01 13:17:52');
INSERT INTO `posts` (`id`, `user_id`, `txt`, `created_at`, `updated_at`) VALUES ('301', '62', 'Ullam eos distinctio et dignissimos omnis accusamus nesciunt. Pariatur omnis ut et. Dolorum tempore et pariatur natus eligendi nemo esse est. Id optio aliquam nam laudantium.', '1992-09-21 07:23:25', '2013-09-21 12:36:08');
INSERT INTO `posts` (`id`, `user_id`, `txt`, `created_at`, `updated_at`) VALUES ('302', '10', 'Dolor omnis qui hic accusamus voluptates consequatur quia. Et molestiae sit est in assumenda velit excepturi. Sequi aliquid non est quos.', '1988-10-06 15:56:45', '1980-05-03 13:54:26');
INSERT INTO `posts` (`id`, `user_id`, `txt`, `created_at`, `updated_at`) VALUES ('303', '48', 'Quo quisquam eaque a. Qui animi laudantium animi dolor dignissimos qui laudantium. Maxime asperiores veritatis laboriosam corporis aut vel perferendis. Sequi veniam placeat debitis velit aut.', '2007-03-09 11:50:24', '2021-06-30 21:09:25');
INSERT INTO `posts` (`id`, `user_id`, `txt`, `created_at`, `updated_at`) VALUES ('304', '96', 'Hic et aut omnis praesentium ut. Nemo dolor accusantium molestiae et porro aspernatur. Dignissimos eius natus aperiam commodi aut.', '1976-03-09 07:25:29', '1978-05-12 06:08:42');
INSERT INTO `posts` (`id`, `user_id`, `txt`, `created_at`, `updated_at`) VALUES ('305', '57', 'Tempora sunt dolor non qui quae dolores. Explicabo facere ea sed ullam praesentium fuga. Quia sit tempore ducimus porro qui.', '1997-10-02 15:02:26', '1996-02-17 07:50:16');
INSERT INTO `posts` (`id`, `user_id`, `txt`, `created_at`, `updated_at`) VALUES ('306', '39', 'Id qui modi rerum consequuntur. Quae beatae ut id et tenetur ut. Animi ullam est repellat veritatis eum.', '2005-10-05 11:38:56', '2017-07-25 21:53:58');
INSERT INTO `posts` (`id`, `user_id`, `txt`, `created_at`, `updated_at`) VALUES ('307', '49', 'Velit porro fugit atque repellat consequatur cumque et aliquam. Voluptas harum fugit sit magni mollitia voluptas. Rerum velit autem explicabo voluptas id facere. Sit non rem distinctio consectetur.', '1998-09-19 18:34:30', '1994-12-01 16:06:19');
INSERT INTO `posts` (`id`, `user_id`, `txt`, `created_at`, `updated_at`) VALUES ('308', '69', 'Omnis dolores minima tempore aspernatur. Enim distinctio nisi itaque quidem voluptatibus pariatur. Repellat ratione rerum quo dignissimos voluptas repudiandae exercitationem.', '1999-08-20 20:12:31', '1982-06-22 18:03:00');
INSERT INTO `posts` (`id`, `user_id`, `txt`, `created_at`, `updated_at`) VALUES ('309', '57', 'Odio assumenda ad beatae a. Quis rerum nihil in. Est non odit voluptas nihil et.', '1978-06-10 19:43:18', '1974-10-22 01:26:52');
INSERT INTO `posts` (`id`, `user_id`, `txt`, `created_at`, `updated_at`) VALUES ('310', '85', 'Ut facere neque est eum. Quisquam rerum autem distinctio blanditiis voluptas commodi. In amet consequatur porro. Dolores quia aut accusantium fuga voluptatum quas nostrum quaerat.', '1996-11-07 12:38:01', '1982-08-19 08:49:20');
INSERT INTO `posts` (`id`, `user_id`, `txt`, `created_at`, `updated_at`) VALUES ('311', '17', 'Omnis nihil possimus rerum. Atque provident culpa dolores deleniti non. Debitis sunt id illum veniam labore. Qui magni cum dolores aspernatur id ad quaerat.', '1972-04-29 07:21:50', '1988-12-20 19:36:19');
INSERT INTO `posts` (`id`, `user_id`, `txt`, `created_at`, `updated_at`) VALUES ('312', '97', 'Ex quis mollitia dolorem omnis. Earum nesciunt maxime ut veritatis. Cumque at delectus sunt nulla neque ducimus qui. Velit possimus nemo autem quia vel.', '1972-02-05 10:13:49', '2013-03-28 09:16:55');
INSERT INTO `posts` (`id`, `user_id`, `txt`, `created_at`, `updated_at`) VALUES ('313', '88', 'Est consequatur atque assumenda necessitatibus fuga eos. Dolore sed ea aut qui totam. Nihil pariatur harum dicta nisi sint omnis quasi.', '1981-12-22 03:14:13', '2001-07-04 18:27:42');
INSERT INTO `posts` (`id`, `user_id`, `txt`, `created_at`, `updated_at`) VALUES ('314', '65', 'Quis praesentium amet enim dolor. Sint ut molestiae maiores reiciendis. Occaecati aut ut id enim ab.', '2019-07-13 21:48:19', '2012-12-06 13:59:27');
INSERT INTO `posts` (`id`, `user_id`, `txt`, `created_at`, `updated_at`) VALUES ('315', '6', 'In sint recusandae soluta id facilis voluptatum fuga. Est sed natus provident soluta maxime.', '1986-06-11 13:36:58', '1995-03-03 06:41:17');
INSERT INTO `posts` (`id`, `user_id`, `txt`, `created_at`, `updated_at`) VALUES ('316', '48', 'Ea et sit asperiores. Saepe dicta quia eos dolores incidunt quia dolores. Qui mollitia quasi tenetur vero provident consequuntur.', '2007-05-24 01:15:41', '2021-04-02 10:04:33');
INSERT INTO `posts` (`id`, `user_id`, `txt`, `created_at`, `updated_at`) VALUES ('317', '39', 'Eligendi quo voluptatem optio laudantium. Iusto ipsa accusantium tempore nesciunt quidem. Ipsam natus aperiam quasi aut. Voluptatibus laborum et velit vitae accusamus vel.', '2016-10-20 16:27:23', '1972-11-10 02:47:05');
INSERT INTO `posts` (`id`, `user_id`, `txt`, `created_at`, `updated_at`) VALUES ('318', '35', 'Eligendi facilis voluptatem dolorem aut consequatur. Vel fugit accusamus quo et. Laborum ab nesciunt error doloremque qui excepturi illum. Aut deserunt quia qui.', '1979-06-08 09:49:07', '1995-07-31 16:24:45');
INSERT INTO `posts` (`id`, `user_id`, `txt`, `created_at`, `updated_at`) VALUES ('319', '67', 'Sit possimus magni voluptatibus nobis earum aut quia similique. Omnis nam temporibus facilis voluptatem explicabo rerum. Illo natus eaque nobis sunt voluptatem. Dolorum dolore sunt et est dolorem.', '2007-10-24 07:09:10', '2005-04-07 17:58:11');
INSERT INTO `posts` (`id`, `user_id`, `txt`, `created_at`, `updated_at`) VALUES ('320', '8', 'Deleniti ut voluptates quam qui. Praesentium dolorem eaque quas ut quisquam fugit.', '2008-04-26 08:51:21', '2007-08-04 16:54:27');
INSERT INTO `posts` (`id`, `user_id`, `txt`, `created_at`, `updated_at`) VALUES ('321', '88', 'Reiciendis exercitationem eos dignissimos dolor et. Repellendus ullam soluta magnam ea pariatur iure. Fuga quaerat eaque numquam.', '1982-05-16 19:11:32', '2000-12-08 11:19:36');
INSERT INTO `posts` (`id`, `user_id`, `txt`, `created_at`, `updated_at`) VALUES ('322', '63', 'Nulla et dicta natus molestiae ratione nesciunt. Qui blanditiis consequatur provident incidunt et tempora consequatur nobis. Totam aut quibusdam voluptas omnis. Est rem est suscipit explicabo qui.', '2016-09-19 14:46:00', '2005-09-27 14:37:32');
INSERT INTO `posts` (`id`, `user_id`, `txt`, `created_at`, `updated_at`) VALUES ('323', '96', 'Quod quia quod natus saepe qui. Id non ad quae. Quisquam eum corrupti natus impedit. Sed numquam sed quia molestiae dolore deleniti.', '1980-02-06 20:38:13', '2001-06-23 00:55:19');
INSERT INTO `posts` (`id`, `user_id`, `txt`, `created_at`, `updated_at`) VALUES ('324', '67', 'Ut nihil saepe animi ea. Vitae incidunt autem ea ut officiis quidem at. Nostrum id quaerat iure est rerum voluptatem adipisci.', '2005-12-27 14:50:26', '1994-01-24 05:49:48');
INSERT INTO `posts` (`id`, `user_id`, `txt`, `created_at`, `updated_at`) VALUES ('325', '74', 'Dolor eos cupiditate id natus excepturi. Dolores rem omnis omnis laborum. Deleniti veritatis vero mollitia sapiente. Labore magnam iure consequatur earum velit nihil ad.', '2020-09-21 21:23:54', '1992-12-09 07:51:43');
INSERT INTO `posts` (`id`, `user_id`, `txt`, `created_at`, `updated_at`) VALUES ('326', '56', 'Aut aut dolorum qui. Est qui animi culpa cumque saepe facere. Molestiae veritatis eius vel tempora. Sit suscipit quia sapiente rem laboriosam.', '1977-07-06 06:53:51', '1995-10-01 00:55:47');
INSERT INTO `posts` (`id`, `user_id`, `txt`, `created_at`, `updated_at`) VALUES ('327', '91', 'Qui fuga aut hic est repellat. Dolore non et et. Sed suscipit dolorem dolores quibusdam. Ut similique possimus dolorum repudiandae laborum amet fuga et.', '1975-03-01 11:43:13', '1983-11-02 08:27:39');
INSERT INTO `posts` (`id`, `user_id`, `txt`, `created_at`, `updated_at`) VALUES ('328', '87', 'Ex aut iure nihil corporis delectus harum. Animi hic unde ab laudantium non deleniti. Velit aut consequuntur occaecati et.', '2001-08-03 22:46:32', '2014-07-09 23:27:49');
INSERT INTO `posts` (`id`, `user_id`, `txt`, `created_at`, `updated_at`) VALUES ('329', '90', 'Tempora molestiae aliquam ipsum consequuntur voluptatem nam facilis. Et consectetur blanditiis ullam dolorem et nihil perferendis. Voluptate facere non dignissimos.', '2008-12-27 22:27:40', '1990-11-03 07:44:15');
INSERT INTO `posts` (`id`, `user_id`, `txt`, `created_at`, `updated_at`) VALUES ('330', '22', 'Ullam qui sit aut ullam aperiam consequatur. Molestias quidem consectetur porro laborum et. Recusandae quaerat ratione est culpa dolorum eum dolorum repellendus.', '1998-07-12 15:04:27', '2000-10-30 04:46:25');
INSERT INTO `posts` (`id`, `user_id`, `txt`, `created_at`, `updated_at`) VALUES ('331', '24', 'Saepe dignissimos molestiae earum deserunt iusto quaerat aut. Corrupti blanditiis corrupti laborum est in. Molestias doloribus laborum iste omnis modi ducimus.', '1989-07-11 15:27:01', '2002-12-28 21:32:36');
INSERT INTO `posts` (`id`, `user_id`, `txt`, `created_at`, `updated_at`) VALUES ('332', '52', 'Fugit ut necessitatibus quia facilis. Dolor qui omnis nam reiciendis quis exercitationem rerum. Excepturi voluptas quaerat nihil explicabo.', '1996-04-16 23:29:34', '2013-02-27 22:13:04');
INSERT INTO `posts` (`id`, `user_id`, `txt`, `created_at`, `updated_at`) VALUES ('333', '31', 'Debitis dolorem quam deserunt qui autem. Eum maiores rerum assumenda neque at voluptatem numquam. Reiciendis est cum maxime sequi.', '1978-10-08 17:46:14', '2003-02-26 08:18:19');
INSERT INTO `posts` (`id`, `user_id`, `txt`, `created_at`, `updated_at`) VALUES ('334', '72', 'Inventore occaecati facilis tenetur consequuntur placeat aut facere. Magni voluptas eos ut qui quos commodi doloribus.', '1995-03-16 21:13:45', '2000-05-01 08:43:02');
INSERT INTO `posts` (`id`, `user_id`, `txt`, `created_at`, `updated_at`) VALUES ('335', '47', 'Quidem maxime reiciendis fuga officia assumenda. Quia ipsa ut fugiat temporibus recusandae sed enim. Nostrum saepe laboriosam eius.', '2003-02-02 15:37:04', '1971-03-28 21:38:18');
INSERT INTO `posts` (`id`, `user_id`, `txt`, `created_at`, `updated_at`) VALUES ('336', '88', 'Delectus itaque quibusdam in laudantium ut. Aperiam et ipsum eveniet neque. Hic suscipit temporibus eligendi rerum perferendis sit inventore. Aut laboriosam temporibus quasi laudantium quo iste modi.', '2005-07-19 10:26:44', '1997-09-13 08:49:30');
INSERT INTO `posts` (`id`, `user_id`, `txt`, `created_at`, `updated_at`) VALUES ('337', '11', 'Enim voluptas voluptatum distinctio voluptate. Et voluptatibus rerum vero voluptatem quidem rerum. Fugiat qui et sed voluptatem ullam mollitia. Neque cumque architecto rem nostrum.', '2004-02-05 14:29:53', '1972-12-28 16:26:32');
INSERT INTO `posts` (`id`, `user_id`, `txt`, `created_at`, `updated_at`) VALUES ('338', '96', 'Culpa animi ex ut voluptatem occaecati placeat aut. Ab sit rerum ea similique. Debitis minus omnis consequatur.', '1996-08-28 10:23:30', '1981-10-31 09:53:22');
INSERT INTO `posts` (`id`, `user_id`, `txt`, `created_at`, `updated_at`) VALUES ('339', '56', 'Blanditiis aliquid enim minus iure sed ut aut. Aut eum facere quo magnam quo debitis. Nemo et aut laborum eius consequuntur esse neque. Voluptatem debitis impedit reprehenderit delectus eos.', '2014-09-13 17:36:22', '2005-03-22 22:55:13');
INSERT INTO `posts` (`id`, `user_id`, `txt`, `created_at`, `updated_at`) VALUES ('340', '68', 'Alias voluptates delectus enim in. Non ut ipsa neque. Tempore voluptatem ut qui et est consequatur. Ab enim suscipit repudiandae nesciunt.\nOdit officiis rem sit. Debitis omnis minima et dicta iste.', '1975-06-08 06:22:27', '2008-06-12 05:51:36');
INSERT INTO `posts` (`id`, `user_id`, `txt`, `created_at`, `updated_at`) VALUES ('341', '81', 'Cum quia quo saepe et rem error eos. Facilis quia harum et at. Laborum atque modi facere rerum dolorum.', '1972-02-03 14:20:18', '1993-07-02 21:01:43');
INSERT INTO `posts` (`id`, `user_id`, `txt`, `created_at`, `updated_at`) VALUES ('342', '73', 'Facilis adipisci veniam ducimus blanditiis. Earum voluptatem dolorem beatae voluptas soluta velit. Iure libero quis voluptate sit. Sed nihil neque quo et magnam eos eius.', '1985-05-01 01:48:14', '1980-09-26 06:09:26');
INSERT INTO `posts` (`id`, `user_id`, `txt`, `created_at`, `updated_at`) VALUES ('343', '64', 'Laboriosam saepe ratione asperiores accusamus cumque voluptas. Aut numquam modi ut enim nesciunt tempora enim. Illum suscipit hic voluptatem voluptatem illo.', '2018-12-11 10:34:32', '2016-12-07 12:51:02');
INSERT INTO `posts` (`id`, `user_id`, `txt`, `created_at`, `updated_at`) VALUES ('344', '68', 'Illum quisquam dolorem ab sunt quibusdam ut fugit. Animi et dignissimos aut placeat. Asperiores facere totam ipsam omnis rerum. Autem in deleniti quia sequi officiis perspiciatis enim voluptatibus.', '2013-11-11 20:55:22', '1984-05-20 20:35:37');
INSERT INTO `posts` (`id`, `user_id`, `txt`, `created_at`, `updated_at`) VALUES ('345', '38', 'Doloribus magnam quod voluptates veritatis. Ut ea assumenda ab dicta debitis qui. Sequi sunt reiciendis harum velit animi.', '2000-09-12 11:17:22', '2019-04-08 13:57:28');
INSERT INTO `posts` (`id`, `user_id`, `txt`, `created_at`, `updated_at`) VALUES ('346', '69', 'Autem laboriosam veritatis sunt similique praesentium. Tempore quia autem veniam quo aliquid. Ipsam quibusdam excepturi nostrum et ut velit sint voluptatem.', '1981-03-31 09:15:05', '1979-07-12 01:50:37');
INSERT INTO `posts` (`id`, `user_id`, `txt`, `created_at`, `updated_at`) VALUES ('347', '15', 'Necessitatibus nisi qui perferendis dolorem ullam fugit rerum iusto. Delectus omnis omnis ratione officiis molestiae animi. Maiores et et quo ut natus est. Quis ex et nemo commodi ut magnam in.', '2009-02-17 17:08:51', '2015-11-20 07:31:04');
INSERT INTO `posts` (`id`, `user_id`, `txt`, `created_at`, `updated_at`) VALUES ('348', '77', 'Aperiam labore sit dolor qui velit voluptate quos aut. Est fugiat consequuntur quisquam adipisci velit impedit.', '2004-03-23 05:27:59', '1972-03-12 20:55:01');
INSERT INTO `posts` (`id`, `user_id`, `txt`, `created_at`, `updated_at`) VALUES ('349', '3', 'Quidem qui quisquam voluptatibus provident ex laborum. Sed eveniet cumque temporibus et vel sunt aspernatur suscipit. Sed eum accusamus atque.', '2002-08-05 16:58:21', '2011-09-06 23:17:13');
INSERT INTO `posts` (`id`, `user_id`, `txt`, `created_at`, `updated_at`) VALUES ('350', '82', 'Sit rem voluptatibus delectus ducimus dolorum quae molestiae. Voluptatem iusto nostrum eos. Maiores consequatur omnis illo.', '1971-04-13 12:45:30', '2009-06-06 03:33:46');
INSERT INTO `posts` (`id`, `user_id`, `txt`, `created_at`, `updated_at`) VALUES ('351', '84', 'Quis sunt provident est autem. Rerum magnam dicta consequatur rerum aliquid deserunt. Ut consequatur aliquid rerum omnis fugit vel.', '1981-03-26 20:36:30', '2015-11-07 19:09:26');
INSERT INTO `posts` (`id`, `user_id`, `txt`, `created_at`, `updated_at`) VALUES ('352', '91', 'Molestiae aut asperiores occaecati dolorem. Odit atque officiis mollitia dolorem occaecati.', '1976-08-08 01:14:56', '1983-09-30 05:56:09');
INSERT INTO `posts` (`id`, `user_id`, `txt`, `created_at`, `updated_at`) VALUES ('353', '45', 'Error et sed voluptate rerum est aliquam laborum. Fugit distinctio dolor sapiente rerum. Veniam ut ipsa unde aut et non similique. Nisi est occaecati voluptates dolor impedit.', '1997-06-15 23:42:58', '2016-03-02 08:39:16');
INSERT INTO `posts` (`id`, `user_id`, `txt`, `created_at`, `updated_at`) VALUES ('354', '80', 'Eligendi qui vel est et sit. Sunt dolores ea eveniet quis rem pariatur aut vitae. Cum rem tenetur necessitatibus in.', '2020-03-24 15:09:54', '1981-05-05 05:17:58');
INSERT INTO `posts` (`id`, `user_id`, `txt`, `created_at`, `updated_at`) VALUES ('355', '57', 'Ut et impedit possimus et at. Possimus sunt asperiores voluptates odit aut debitis. Ab aut inventore dicta repudiandae assumenda optio. Eligendi recusandae nam minus quos.', '1990-11-15 14:25:46', '2019-07-24 04:17:35');
INSERT INTO `posts` (`id`, `user_id`, `txt`, `created_at`, `updated_at`) VALUES ('356', '18', 'Quia dolorem debitis quia aut ratione et. Odio et sunt iste ea voluptas esse. Impedit accusamus aut qui tempora repudiandae quae.', '2008-05-31 17:22:39', '1977-11-10 21:27:05');
INSERT INTO `posts` (`id`, `user_id`, `txt`, `created_at`, `updated_at`) VALUES ('357', '36', 'Sint ipsum ad veniam tenetur et minus. Et cum est est laborum est asperiores. Non non voluptate eum reiciendis.', '1987-05-04 03:40:32', '1970-05-14 18:49:30');
INSERT INTO `posts` (`id`, `user_id`, `txt`, `created_at`, `updated_at`) VALUES ('358', '48', 'Omnis et velit nostrum perferendis libero optio. Non facere recusandae perferendis dolorum consectetur. Culpa eum molestiae id delectus ut maxime suscipit. Recusandae ea quod et enim a et.', '1982-11-03 16:16:25', '1978-02-07 01:29:01');
INSERT INTO `posts` (`id`, `user_id`, `txt`, `created_at`, `updated_at`) VALUES ('359', '4', 'Est nostrum quo aut asperiores. Autem sapiente pariatur perferendis ad est adipisci. At sed excepturi perspiciatis et dolorem sed rerum.', '1993-08-01 14:02:29', '1988-03-31 03:38:55');
INSERT INTO `posts` (`id`, `user_id`, `txt`, `created_at`, `updated_at`) VALUES ('360', '26', 'Eos fugit ut ullam minima voluptas sint similique. Soluta ullam ut ab minima. Laudantium debitis saepe ea rerum. Aspernatur dolore neque enim sit.', '2019-04-11 08:25:11', '2020-06-01 05:34:25');
INSERT INTO `posts` (`id`, `user_id`, `txt`, `created_at`, `updated_at`) VALUES ('361', '69', 'Assumenda voluptatum beatae quasi iusto. Et libero sed eius voluptatem laboriosam molestias.', '2020-06-08 23:46:48', '2000-11-08 16:34:22');
INSERT INTO `posts` (`id`, `user_id`, `txt`, `created_at`, `updated_at`) VALUES ('362', '28', 'Fugiat officiis voluptatem magni officiis. Labore rerum voluptas ipsa aut ab aut. Explicabo fugiat modi et et.', '1982-02-15 18:37:09', '2003-07-08 10:54:41');
INSERT INTO `posts` (`id`, `user_id`, `txt`, `created_at`, `updated_at`) VALUES ('363', '77', 'Iste porro dignissimos corporis ut cum. Aspernatur repellat vitae neque sint commodi. Id sit praesentium quasi aliquid et asperiores rerum.', '1990-10-31 09:33:37', '1975-10-22 16:24:07');
INSERT INTO `posts` (`id`, `user_id`, `txt`, `created_at`, `updated_at`) VALUES ('364', '100', 'Dolorem consectetur dicta quos. Quia esse quibusdam et unde commodi minima. Dicta debitis qui consequatur non maxime et autem.', '1990-06-18 23:22:13', '1999-07-22 15:31:57');
INSERT INTO `posts` (`id`, `user_id`, `txt`, `created_at`, `updated_at`) VALUES ('365', '100', 'Quos voluptatem quia accusantium ut. Aut iste repellat provident eaque est beatae.', '2005-07-26 22:59:18', '2003-01-18 15:39:23');
INSERT INTO `posts` (`id`, `user_id`, `txt`, `created_at`, `updated_at`) VALUES ('366', '24', 'Illum itaque amet voluptates est. Quam cum et id repellat nihil ut fugiat.\nPerferendis recusandae ipsam dicta ut veniam laborum occaecati. Et quam voluptatem quos aut quidem.', '2014-10-30 11:51:14', '2011-05-11 15:08:50');
INSERT INTO `posts` (`id`, `user_id`, `txt`, `created_at`, `updated_at`) VALUES ('367', '88', 'Recusandae illum aut praesentium. Molestiae vitae molestiae doloremque eum nam facere consequatur. Ea quia sit blanditiis voluptatum quod maiores veritatis.', '1994-04-28 17:45:16', '1987-10-30 23:17:16');
INSERT INTO `posts` (`id`, `user_id`, `txt`, `created_at`, `updated_at`) VALUES ('368', '10', 'Ducimus magnam quam sequi quo animi dolorem. Ratione quam quia molestiae sit quis accusamus. Velit aut architecto similique perferendis omnis.', '1997-12-14 11:30:43', '1982-07-15 20:09:26');
INSERT INTO `posts` (`id`, `user_id`, `txt`, `created_at`, `updated_at`) VALUES ('369', '19', 'Reprehenderit et est atque perspiciatis laborum veritatis ea doloribus. Necessitatibus cupiditate nihil debitis placeat. Ratione fuga iste doloribus illum ea. Laborum consequatur velit omnis dolor.', '1988-05-12 05:01:21', '2009-10-15 09:22:45');
INSERT INTO `posts` (`id`, `user_id`, `txt`, `created_at`, `updated_at`) VALUES ('370', '44', 'Numquam illum consectetur odit ipsum omnis minima voluptatibus. Debitis delectus aut eaque saepe quisquam.', '2013-09-14 07:29:13', '1993-07-08 10:42:17');
INSERT INTO `posts` (`id`, `user_id`, `txt`, `created_at`, `updated_at`) VALUES ('371', '77', 'Qui pariatur aut vel consequatur quas et aliquam doloribus. Consectetur quis dolor autem dolorum. Libero corporis quis molestiae. Repellat officiis doloremque sint qui eos hic quia.', '2000-10-20 17:44:01', '2010-02-02 09:09:03');
INSERT INTO `posts` (`id`, `user_id`, `txt`, `created_at`, `updated_at`) VALUES ('372', '100', 'Velit mollitia nulla asperiores. Voluptas nihil incidunt porro placeat quisquam libero odit. Animi adipisci et itaque necessitatibus voluptas.', '1999-11-03 03:37:56', '1979-03-18 12:59:02');
INSERT INTO `posts` (`id`, `user_id`, `txt`, `created_at`, `updated_at`) VALUES ('373', '16', 'Corporis maiores eos nihil sed quis. Fuga minus id aspernatur dolore suscipit.\nAccusantium consequatur quo error cum aut ad. Ut accusamus quia hic veniam. Architecto minima quis enim magnam.', '1995-11-15 08:39:24', '2014-03-17 17:53:02');
INSERT INTO `posts` (`id`, `user_id`, `txt`, `created_at`, `updated_at`) VALUES ('374', '41', 'Minus quibusdam maxime consequuntur necessitatibus labore. Enim maiores explicabo qui et. Repudiandae et natus voluptates et.', '1975-12-18 00:00:36', '2018-05-16 07:40:13');
INSERT INTO `posts` (`id`, `user_id`, `txt`, `created_at`, `updated_at`) VALUES ('375', '67', 'Sint et cupiditate doloribus ipsam laborum illum. Tempore voluptate qui quia reprehenderit aliquam. Consequatur ab consequatur numquam quam sed possimus tempore.', '2012-08-22 13:22:21', '2014-03-13 04:47:14');
INSERT INTO `posts` (`id`, `user_id`, `txt`, `created_at`, `updated_at`) VALUES ('376', '54', 'Fugit ipsum occaecati dolorem similique. Eos unde sapiente ad neque blanditiis. Id placeat vero quis est hic. Fugit natus magni saepe.', '1992-01-26 11:29:16', '1979-06-05 01:39:36');
INSERT INTO `posts` (`id`, `user_id`, `txt`, `created_at`, `updated_at`) VALUES ('377', '9', 'Maxime aperiam recusandae voluptatem doloremque magni distinctio quia dolores. Ratione vitae id voluptatem pariatur veniam inventore. Accusantium aliquam et aliquid ut.', '2019-06-20 07:17:20', '1972-11-15 12:01:21');
INSERT INTO `posts` (`id`, `user_id`, `txt`, `created_at`, `updated_at`) VALUES ('378', '82', 'Dolores id sed et deserunt nesciunt qui. Adipisci numquam sit ut cum sequi quod quasi quis. Eius reprehenderit modi sit temporibus optio. Et consequatur qui ut et quia.', '2010-02-28 21:19:54', '2004-07-28 07:02:53');
INSERT INTO `posts` (`id`, `user_id`, `txt`, `created_at`, `updated_at`) VALUES ('379', '30', 'Debitis qui officiis exercitationem. Iusto saepe sint deleniti optio. Consequuntur pariatur dignissimos aut ad et. Eligendi nulla consequuntur laudantium fuga.', '1981-02-19 14:57:05', '2005-02-24 05:49:34');
INSERT INTO `posts` (`id`, `user_id`, `txt`, `created_at`, `updated_at`) VALUES ('380', '12', 'Sequi ut fugiat qui omnis earum. Sapiente consequatur nihil aut molestiae ut at est. Et et aut autem quis minima voluptatum. Ipsa ut assumenda ex ipsa ea.', '1979-12-22 00:48:02', '1998-12-05 15:52:31');
INSERT INTO `posts` (`id`, `user_id`, `txt`, `created_at`, `updated_at`) VALUES ('381', '63', 'Sed est et ut laudantium. Esse alias ut at ut. Quod enim accusamus velit omnis excepturi nisi. Commodi velit et eaque qui dolore quis iste ut.', '2005-02-09 04:22:03', '1983-11-16 19:29:51');
INSERT INTO `posts` (`id`, `user_id`, `txt`, `created_at`, `updated_at`) VALUES ('382', '13', 'Velit ratione nihil molestias facere autem repudiandae magni. Ut earum non eligendi porro. Culpa et veritatis reiciendis in. Incidunt illo maxime fugiat consequuntur dicta possimus.', '1979-07-07 15:05:58', '1989-03-16 14:44:23');
INSERT INTO `posts` (`id`, `user_id`, `txt`, `created_at`, `updated_at`) VALUES ('383', '2', 'Non quod ad ut ea praesentium alias. Aut sint eaque et est. Aut dolorem nihil quia.', '2014-04-22 09:08:02', '1994-09-29 00:27:25');
INSERT INTO `posts` (`id`, `user_id`, `txt`, `created_at`, `updated_at`) VALUES ('384', '7', 'Et excepturi nobis laboriosam est ratione. Modi ullam id quibusdam facilis. Laboriosam alias est vel eum nihil. Tempora nesciunt quibusdam et vel ratione.', '2011-07-29 02:13:49', '1990-06-10 10:07:19');
INSERT INTO `posts` (`id`, `user_id`, `txt`, `created_at`, `updated_at`) VALUES ('385', '93', 'Dolor labore vitae earum voluptatibus. Ipsa neque sunt aliquam nihil et maiores praesentium. Ducimus consequatur illo vero non eum laudantium nesciunt. Quia non nemo velit id nostrum vel quasi qui.', '1995-05-18 23:18:07', '1989-12-08 14:28:32');
INSERT INTO `posts` (`id`, `user_id`, `txt`, `created_at`, `updated_at`) VALUES ('386', '59', 'Ipsa voluptatem rerum et enim dolorem aut quia. Velit quos porro saepe neque sint aut iste. Aperiam dolorum officiis facilis quibusdam temporibus ut assumenda. Repellat praesentium omnis dolor id.', '2009-01-25 18:32:38', '1990-07-07 11:52:21');
INSERT INTO `posts` (`id`, `user_id`, `txt`, `created_at`, `updated_at`) VALUES ('387', '25', 'Molestiae commodi molestias doloremque. Deleniti optio eaque inventore hic dolor voluptas sit. Hic autem harum ab tenetur qui in.', '1981-08-15 05:59:50', '2012-04-03 14:37:25');
INSERT INTO `posts` (`id`, `user_id`, `txt`, `created_at`, `updated_at`) VALUES ('388', '28', 'Repellendus nostrum sed dolor laboriosam officia. Id tempora deleniti dolor. Provident recusandae dolorem autem quos eum nostrum.', '2000-11-25 14:00:58', '2004-09-01 04:22:17');
INSERT INTO `posts` (`id`, `user_id`, `txt`, `created_at`, `updated_at`) VALUES ('389', '6', 'Veniam ipsam et voluptatum minus laboriosam. Magni dicta culpa consequuntur minus corporis iusto. Esse optio totam assumenda ut. Nemo atque quam quia laborum delectus.', '1986-05-21 07:47:32', '1978-01-02 12:52:45');
INSERT INTO `posts` (`id`, `user_id`, `txt`, `created_at`, `updated_at`) VALUES ('390', '29', 'Dolorum omnis quas autem unde fugiat. Voluptatem et doloribus voluptatem amet quaerat. Illo quas nulla voluptatum.', '1996-07-24 13:46:20', '1975-10-02 20:28:15');
INSERT INTO `posts` (`id`, `user_id`, `txt`, `created_at`, `updated_at`) VALUES ('391', '53', 'Sapiente modi sit deserunt odit. Sunt commodi qui necessitatibus praesentium quaerat. Aut ut modi odit at rerum earum. Labore alias aut omnis.', '1977-08-13 02:13:12', '2012-11-13 19:31:21');
INSERT INTO `posts` (`id`, `user_id`, `txt`, `created_at`, `updated_at`) VALUES ('392', '75', 'Laborum aut eos numquam qui sit laudantium. Alias perferendis et temporibus dolores.', '1970-04-14 09:49:04', '1997-02-13 16:24:05');
INSERT INTO `posts` (`id`, `user_id`, `txt`, `created_at`, `updated_at`) VALUES ('393', '56', 'Animi eos assumenda totam ex. Et aut maiores qui occaecati occaecati aliquam. Ipsa cupiditate dolor officiis laborum provident autem optio et. Expedita commodi itaque in.', '1986-02-20 21:19:13', '1990-08-10 09:31:21');
INSERT INTO `posts` (`id`, `user_id`, `txt`, `created_at`, `updated_at`) VALUES ('394', '30', 'Alias et exercitationem alias nulla officiis mollitia aut. Molestiae facilis ea molestias error nihil. Exercitationem cum et expedita. Vero nostrum tempora dolorem numquam sapiente.', '2011-05-08 05:29:04', '1972-11-30 21:32:42');
INSERT INTO `posts` (`id`, `user_id`, `txt`, `created_at`, `updated_at`) VALUES ('395', '75', 'Natus maiores sit odio suscipit. Et veniam facere corporis nesciunt aut iure qui. Molestiae cum velit libero est magni maiores voluptas.', '1979-08-15 23:59:12', '1975-11-08 07:51:11');
INSERT INTO `posts` (`id`, `user_id`, `txt`, `created_at`, `updated_at`) VALUES ('396', '55', 'Temporibus facilis quaerat enim tempore. Quis qui temporibus officiis. Necessitatibus quasi aut ad beatae quis nisi quidem. Veniam autem laboriosam quo molestiae dolorum tempora pariatur enim.', '2008-03-07 05:38:06', '1977-06-11 01:23:28');
INSERT INTO `posts` (`id`, `user_id`, `txt`, `created_at`, `updated_at`) VALUES ('397', '54', 'Voluptas porro ipsam consectetur quaerat aspernatur. Qui et in harum nam quisquam voluptatem. Nihil iste et eum iusto dolores. Ad voluptatem odit nostrum illum.', '2002-08-04 20:57:55', '1981-02-01 01:39:39');
INSERT INTO `posts` (`id`, `user_id`, `txt`, `created_at`, `updated_at`) VALUES ('398', '62', 'Et eum provident ut distinctio ut minima. Rerum maiores alias magni aut. Ea aliquid sit libero repellat eligendi suscipit soluta qui. Sed libero est qui perspiciatis distinctio omnis.', '1970-01-15 16:37:14', '1974-06-20 15:49:06');
INSERT INTO `posts` (`id`, `user_id`, `txt`, `created_at`, `updated_at`) VALUES ('399', '65', 'Sunt praesentium dolorem nemo earum. Hic quod recusandae eius vitae beatae. Sunt occaecati facere odit numquam et et voluptatem. Eos odio consequuntur nihil rem.', '1973-04-21 18:46:51', '1977-02-16 12:21:55');
INSERT INTO `posts` (`id`, `user_id`, `txt`, `created_at`, `updated_at`) VALUES ('400', '73', 'Qui et aut dolore ipsam dolor. Voluptas exercitationem id iste accusantium iste molestiae accusamus. Beatae perspiciatis nulla ipsa iste quos ab consequatur et.', '2012-04-01 19:51:36', '2014-11-24 03:46:36');
INSERT INTO `posts` (`id`, `user_id`, `txt`, `created_at`, `updated_at`) VALUES ('401', '5', 'Sint eum et culpa amet. Suscipit necessitatibus accusamus est sequi. Consectetur inventore laborum incidunt cupiditate vero.', '1993-12-20 23:49:28', '2006-09-29 14:15:51');
INSERT INTO `posts` (`id`, `user_id`, `txt`, `created_at`, `updated_at`) VALUES ('402', '42', 'Ullam eum molestiae aut harum quae. Quia dolor nemo veniam laudantium ea. Necessitatibus alias aperiam sint nam.', '1973-05-16 10:47:55', '2001-09-13 11:53:39');
INSERT INTO `posts` (`id`, `user_id`, `txt`, `created_at`, `updated_at`) VALUES ('403', '72', 'Consequatur deleniti dolores ullam laborum optio. Animi labore aspernatur eaque.', '1984-12-12 03:15:11', '1997-01-23 00:40:49');
INSERT INTO `posts` (`id`, `user_id`, `txt`, `created_at`, `updated_at`) VALUES ('404', '21', 'Et ea temporibus debitis consectetur eum nulla et. Iusto dolorem non ratione. Minima corporis rerum asperiores autem et. Provident vero distinctio ullam modi alias.', '2011-04-06 19:52:49', '1980-09-10 10:00:07');
INSERT INTO `posts` (`id`, `user_id`, `txt`, `created_at`, `updated_at`) VALUES ('405', '82', 'Expedita doloribus rerum suscipit nesciunt. Aut velit et ut modi quo deserunt.', '1984-06-29 11:39:41', '1997-09-02 06:52:08');
INSERT INTO `posts` (`id`, `user_id`, `txt`, `created_at`, `updated_at`) VALUES ('406', '39', 'Voluptatem aperiam consequatur esse ipsum tempora laborum vel necessitatibus. Perferendis esse tempore sit aut. Voluptatem et velit est sint velit qui.', '1998-03-24 12:48:31', '1990-12-23 15:14:56');
INSERT INTO `posts` (`id`, `user_id`, `txt`, `created_at`, `updated_at`) VALUES ('407', '74', 'Aliquid provident incidunt quam vel. Delectus dolores reiciendis porro at. Inventore vel nobis molestias error et. Consequatur et explicabo necessitatibus et ut et nesciunt eaque.', '1979-12-31 11:03:16', '1977-01-30 15:30:54');
INSERT INTO `posts` (`id`, `user_id`, `txt`, `created_at`, `updated_at`) VALUES ('408', '90', 'Repellat dolores ut hic illum. Repellat aut odio ducimus dolor sed. Sit laudantium possimus distinctio aliquid hic enim libero.', '2018-08-02 06:01:03', '2008-03-27 03:16:05');
INSERT INTO `posts` (`id`, `user_id`, `txt`, `created_at`, `updated_at`) VALUES ('409', '20', 'Aut non error molestiae quo reiciendis. Consequatur dolores nisi aliquam voluptas itaque possimus non. Ut error nisi quam consequatur hic autem fugiat quibusdam. Cum est molestiae veritatis.', '2001-03-04 19:44:47', '2006-03-04 22:30:13');
INSERT INTO `posts` (`id`, `user_id`, `txt`, `created_at`, `updated_at`) VALUES ('410', '3', 'Et molestias autem animi aliquid eaque amet. Corrupti in magnam omnis rem qui ipsa. Placeat quo ut sed ipsum minus.', '2001-06-04 19:18:45', '2001-10-06 11:06:15');
INSERT INTO `posts` (`id`, `user_id`, `txt`, `created_at`, `updated_at`) VALUES ('411', '2', 'Accusantium ducimus qui est non id reiciendis. Accusantium aut temporibus animi sed id sit velit. Quibusdam sint enim consequuntur et vel natus. Rerum sit recusandae ut vel eligendi nisi.', '1992-02-01 13:28:21', '1986-03-30 08:40:29');
INSERT INTO `posts` (`id`, `user_id`, `txt`, `created_at`, `updated_at`) VALUES ('412', '83', 'Nemo expedita et corporis qui. Soluta corrupti nesciunt non voluptatibus quis est nulla. Sed laudantium earum libero porro. Magnam et quasi reprehenderit quibusdam distinctio.', '1976-11-03 07:27:58', '1985-01-13 05:14:06');
INSERT INTO `posts` (`id`, `user_id`, `txt`, `created_at`, `updated_at`) VALUES ('413', '16', 'Ipsum porro qui pariatur consequatur. Ut ut aut natus neque quia. Rerum veritatis modi saepe nam molestias eos cum.', '2018-06-14 21:56:06', '1990-08-06 11:32:03');
INSERT INTO `posts` (`id`, `user_id`, `txt`, `created_at`, `updated_at`) VALUES ('414', '3', 'Libero ipsa cumque quis enim expedita vitae laboriosam iusto. Non sint et est et tempora. Quis ex perspiciatis quasi alias quidem. Qui reprehenderit exercitationem quaerat dicta tempore.', '2008-04-26 15:36:34', '1998-10-23 14:17:51');
INSERT INTO `posts` (`id`, `user_id`, `txt`, `created_at`, `updated_at`) VALUES ('415', '89', 'Sunt facilis ut dolorem corporis. Nemo magni numquam est quos commodi nihil sed. Nesciunt libero quam animi repellendus culpa aut. Repellendus aut non mollitia vel similique iste veniam.', '1982-10-23 09:28:04', '1984-11-22 07:56:44');
INSERT INTO `posts` (`id`, `user_id`, `txt`, `created_at`, `updated_at`) VALUES ('416', '9', 'Maxime aperiam quo laboriosam praesentium tempora sit. Reprehenderit provident nesciunt sunt deserunt. Ducimus quas et nemo quas iure dolore. In aut beatae voluptatem molestias dolorem.', '1994-05-24 15:08:26', '2009-05-01 07:54:13');
INSERT INTO `posts` (`id`, `user_id`, `txt`, `created_at`, `updated_at`) VALUES ('417', '62', 'Eius voluptas delectus ex laborum hic delectus. Eos et iure aut. Qui et dolores quas asperiores.', '2006-03-16 05:12:26', '2019-06-22 15:26:14');
INSERT INTO `posts` (`id`, `user_id`, `txt`, `created_at`, `updated_at`) VALUES ('418', '14', 'Cumque accusantium harum qui et. Occaecati quod consequatur sit laboriosam. Vitae unde eos perspiciatis modi magnam aliquid.', '1976-06-17 00:42:23', '1991-03-04 22:35:37');
INSERT INTO `posts` (`id`, `user_id`, `txt`, `created_at`, `updated_at`) VALUES ('419', '36', 'Et dolor et sit vel id assumenda. Et accusamus veritatis nulla consequatur. Ratione ut sunt nesciunt est laborum voluptatem. Itaque ducimus quo repellendus voluptate.', '1984-11-11 11:59:50', '2019-10-30 06:35:31');
INSERT INTO `posts` (`id`, `user_id`, `txt`, `created_at`, `updated_at`) VALUES ('420', '68', 'Sapiente omnis et hic repellat. Hic illum molestias voluptatem reiciendis voluptatem sed. Voluptas provident saepe est aut eaque.', '2001-11-04 10:17:54', '1998-08-03 04:23:09');
INSERT INTO `posts` (`id`, `user_id`, `txt`, `created_at`, `updated_at`) VALUES ('421', '42', 'Voluptate voluptas dignissimos tempore rem incidunt dolore. Libero explicabo quia earum distinctio. Et architecto voluptatem ut. Pariatur quis enim aut error quis. Et sit et cum ducimus qui.', '1994-07-12 16:34:45', '1973-08-03 02:04:37');
INSERT INTO `posts` (`id`, `user_id`, `txt`, `created_at`, `updated_at`) VALUES ('422', '89', 'Laboriosam optio sequi vel fugiat ut qui. Voluptatum molestiae dicta quia et minus ut. Est sint quibusdam velit amet.', '1987-04-28 21:52:59', '1994-09-02 08:51:30');
INSERT INTO `posts` (`id`, `user_id`, `txt`, `created_at`, `updated_at`) VALUES ('423', '42', 'Omnis sequi quae sed dolorem facilis. Vitae officia molestias est aut.', '2016-12-11 13:55:43', '2013-10-14 16:50:33');
INSERT INTO `posts` (`id`, `user_id`, `txt`, `created_at`, `updated_at`) VALUES ('424', '98', 'Et qui quaerat fugit omnis ex ipsam. Nobis eligendi iure illo porro rem. Voluptates dolores sit ex quia hic est a.', '1994-11-18 02:46:57', '1972-12-02 16:15:07');
INSERT INTO `posts` (`id`, `user_id`, `txt`, `created_at`, `updated_at`) VALUES ('425', '19', 'Libero soluta nihil accusamus fuga odit architecto. Perspiciatis nihil dolores occaecati hic qui beatae perferendis. Deserunt minima aut est dolores fugiat.', '2000-08-21 02:21:24', '1979-07-21 00:23:28');
INSERT INTO `posts` (`id`, `user_id`, `txt`, `created_at`, `updated_at`) VALUES ('426', '16', 'Ad asperiores quia nam sunt numquam quis sit. Vel quod temporibus voluptas consequatur beatae. Quo ipsa debitis officiis dolorem. Perspiciatis facilis aut voluptas animi est tempora optio.', '2011-02-18 13:00:45', '1973-12-19 05:52:20');
INSERT INTO `posts` (`id`, `user_id`, `txt`, `created_at`, `updated_at`) VALUES ('427', '53', 'Asperiores atque animi culpa voluptas aut aut molestiae. Architecto rerum provident qui itaque qui. Ducimus et quidem dolor sit.', '1982-07-03 15:52:27', '2013-08-20 01:38:25');
INSERT INTO `posts` (`id`, `user_id`, `txt`, `created_at`, `updated_at`) VALUES ('428', '73', 'Aut aliquid quam quia et. Natus omnis sunt quod laboriosam officia rerum non officia. Quis magni aut exercitationem dolorem. Quibusdam dolores praesentium voluptatem iure.', '1975-08-27 20:47:32', '2007-07-27 00:18:07');
INSERT INTO `posts` (`id`, `user_id`, `txt`, `created_at`, `updated_at`) VALUES ('429', '78', 'Vitae adipisci quia aspernatur libero quo maiores. Ducimus saepe quaerat quas illum. Enim cumque nesciunt ut est nulla quia.', '1985-07-24 10:33:02', '1982-04-12 19:42:46');
INSERT INTO `posts` (`id`, `user_id`, `txt`, `created_at`, `updated_at`) VALUES ('430', '18', 'Non consequatur quisquam quidem in quis. Tenetur culpa omnis voluptatem numquam nostrum. Tenetur dolor voluptas eos possimus. Dicta quisquam vitae ipsum.', '1977-03-16 12:09:50', '2005-01-26 17:35:22');
INSERT INTO `posts` (`id`, `user_id`, `txt`, `created_at`, `updated_at`) VALUES ('431', '45', 'Qui fugiat alias magnam ut et autem nihil. Suscipit et tempore occaecati. Voluptas aliquid accusamus omnis rerum et. Ipsum natus corrupti voluptatum.', '1973-11-23 13:23:14', '1974-08-26 10:44:57');
INSERT INTO `posts` (`id`, `user_id`, `txt`, `created_at`, `updated_at`) VALUES ('432', '83', 'Nobis ab esse molestias aut deleniti labore. Voluptatem debitis culpa voluptatem dolorem. Aperiam reiciendis sint et harum ratione aut voluptatem.', '1998-10-06 02:54:22', '2003-01-02 20:04:27');
INSERT INTO `posts` (`id`, `user_id`, `txt`, `created_at`, `updated_at`) VALUES ('433', '59', 'Rerum laudantium rerum quae accusamus dignissimos rerum quia. Laudantium sed odio itaque alias ut enim.', '2012-11-01 15:18:25', '1983-05-06 19:31:14');
INSERT INTO `posts` (`id`, `user_id`, `txt`, `created_at`, `updated_at`) VALUES ('434', '17', 'Odit ut voluptatem debitis nobis minima et perferendis odio. Fuga incidunt quo culpa et amet. Inventore necessitatibus rem deleniti sint distinctio corporis. Corporis aut alias dolores alias dolores.', '1986-07-23 05:31:57', '2018-02-19 00:03:54');
INSERT INTO `posts` (`id`, `user_id`, `txt`, `created_at`, `updated_at`) VALUES ('435', '3', 'Id omnis ex corrupti deleniti quae enim temporibus. Sint rerum consequuntur et quos fugit. Quia ea quasi delectus voluptatum voluptas eaque in. Ducimus sed voluptatem doloribus qui sint suscipit.', '2004-10-18 16:55:16', '1980-12-17 14:15:12');
INSERT INTO `posts` (`id`, `user_id`, `txt`, `created_at`, `updated_at`) VALUES ('436', '40', 'Libero excepturi autem neque accusamus. Minima eaque aut corrupti expedita aut iure. Nemo dolores et et magnam odit.', '1977-07-14 07:08:48', '2007-11-12 15:57:16');
INSERT INTO `posts` (`id`, `user_id`, `txt`, `created_at`, `updated_at`) VALUES ('437', '55', 'Magnam et quia impedit quam aspernatur doloribus. Aliquam molestiae suscipit aspernatur. Aut animi incidunt consectetur et quis ut ratione.', '2008-08-26 19:21:58', '2004-03-08 10:47:43');
INSERT INTO `posts` (`id`, `user_id`, `txt`, `created_at`, `updated_at`) VALUES ('438', '77', 'Dolore repudiandae vero ullam consequatur dignissimos tempore. Ipsa aut in architecto fugiat asperiores cum. Non suscipit nam in sint amet et assumenda.', '2005-11-19 19:59:12', '2019-12-18 02:30:54');
INSERT INTO `posts` (`id`, `user_id`, `txt`, `created_at`, `updated_at`) VALUES ('439', '30', 'Eaque magni ut voluptatem facere delectus eum. Et quidem aut veritatis quasi ex magnam debitis est. Ex est distinctio fugit est. Recusandae dolorum est reprehenderit reprehenderit.', '2001-11-10 16:45:50', '2001-07-07 02:34:42');
INSERT INTO `posts` (`id`, `user_id`, `txt`, `created_at`, `updated_at`) VALUES ('440', '74', 'Doloribus sit qui sequi sunt hic ipsam. Beatae tempore commodi et architecto. Vel modi ad dolores inventore incidunt nam porro quia. Iusto et maiores saepe consequuntur ea qui.', '2021-04-07 15:20:17', '1997-12-26 10:13:16');
INSERT INTO `posts` (`id`, `user_id`, `txt`, `created_at`, `updated_at`) VALUES ('441', '80', 'Vitae dolores fugiat et aut excepturi animi. Numquam quidem qui est suscipit voluptatem et. Qui illum iure tempore voluptatum alias omnis. Suscipit aut sunt fugiat harum suscipit autem numquam ea.', '2020-06-23 20:17:36', '1980-09-19 07:40:13');
INSERT INTO `posts` (`id`, `user_id`, `txt`, `created_at`, `updated_at`) VALUES ('442', '31', 'Fugiat nam dolores aliquam tempora asperiores et quia. Dignissimos aliquam rerum impedit placeat. Velit maxime et placeat vel natus. Enim quasi rerum aut sed temporibus dolor voluptatem.', '1983-04-27 15:50:26', '1979-08-15 10:24:32');
INSERT INTO `posts` (`id`, `user_id`, `txt`, `created_at`, `updated_at`) VALUES ('443', '56', 'Quia et optio quas amet at. Quasi nobis enim quod est voluptatum nihil hic. Illum rerum veniam est nostrum pariatur. Exercitationem laboriosam deleniti in eligendi facere eos.', '1988-06-26 23:44:18', '1974-05-13 20:15:13');
INSERT INTO `posts` (`id`, `user_id`, `txt`, `created_at`, `updated_at`) VALUES ('444', '96', 'Et velit pariatur voluptatem molestiae et voluptas ut. Iure ut asperiores voluptatibus est aut. Temporibus distinctio blanditiis voluptatem voluptatum commodi qui.', '2003-07-24 21:12:20', '1979-03-14 16:34:36');
INSERT INTO `posts` (`id`, `user_id`, `txt`, `created_at`, `updated_at`) VALUES ('445', '33', 'Sapiente fuga iusto est dolores inventore quasi. Distinctio non perferendis eum. Et nostrum qui rerum.', '1976-01-15 11:44:48', '2009-07-15 08:49:23');
INSERT INTO `posts` (`id`, `user_id`, `txt`, `created_at`, `updated_at`) VALUES ('446', '45', 'Enim cupiditate aliquid accusantium maxime quas earum nihil. Minima recusandae ut aliquid vitae aperiam. Earum ut impedit vero ipsa praesentium error. Id quaerat ut non quia sed omnis et.', '1999-03-18 09:33:57', '1982-03-04 18:32:31');
INSERT INTO `posts` (`id`, `user_id`, `txt`, `created_at`, `updated_at`) VALUES ('447', '4', 'Nisi voluptatem omnis harum. Est necessitatibus quia rerum dolor. Sed veniam quod rerum cupiditate qui quia. Excepturi exercitationem nulla facere quis velit officia.', '2001-10-27 23:31:52', '1972-03-05 06:19:09');
INSERT INTO `posts` (`id`, `user_id`, `txt`, `created_at`, `updated_at`) VALUES ('448', '95', 'Necessitatibus dignissimos nam inventore nemo ut voluptatem aut. Aut in veritatis nihil. Velit est voluptate et corporis quia et.', '1979-05-05 02:04:38', '2012-03-18 06:08:24');
INSERT INTO `posts` (`id`, `user_id`, `txt`, `created_at`, `updated_at`) VALUES ('449', '59', 'Dolor labore labore ab et ducimus sit. Assumenda quia est illo impedit dolores numquam. Consequatur cumque voluptas voluptatum fuga dolor. Ut omnis fuga quia impedit.', '1970-09-13 17:01:23', '1988-12-22 05:22:10');
INSERT INTO `posts` (`id`, `user_id`, `txt`, `created_at`, `updated_at`) VALUES ('450', '40', 'Cumque dolorum officiis dolorem harum voluptatum. Inventore libero et voluptate architecto architecto ea vero. Amet odit dolores deleniti aut.', '1978-07-01 18:14:56', '2001-09-15 02:12:30');
INSERT INTO `posts` (`id`, `user_id`, `txt`, `created_at`, `updated_at`) VALUES ('451', '62', 'Et est veniam quasi autem. Magni animi sed ut. Animi aperiam totam maiores accusantium illum ab.\nQui laboriosam est illo. Voluptatem quibusdam error ut fuga exercitationem quis.', '1986-09-06 03:30:05', '2001-06-16 20:30:27');
INSERT INTO `posts` (`id`, `user_id`, `txt`, `created_at`, `updated_at`) VALUES ('452', '100', 'Sit ea in vel ipsa asperiores repellat odit. Velit facere fuga omnis qui aut nobis. Dolorem qui et quidem praesentium quia possimus et.', '1999-04-13 15:06:27', '1982-04-04 03:10:47');
INSERT INTO `posts` (`id`, `user_id`, `txt`, `created_at`, `updated_at`) VALUES ('453', '29', 'Nesciunt magni vero et ipsum libero. Architecto omnis quia at repellendus dolorum quia alias. Ab adipisci et et sequi et.', '2017-06-09 01:24:17', '1999-04-10 11:32:45');
INSERT INTO `posts` (`id`, `user_id`, `txt`, `created_at`, `updated_at`) VALUES ('454', '3', 'Qui quos voluptas veritatis dignissimos fugiat eaque debitis. Quasi maxime ut aspernatur eius facilis. Quis saepe inventore in ipsam ducimus dolorem rerum.', '1984-04-19 18:41:09', '2016-10-17 15:30:05');
INSERT INTO `posts` (`id`, `user_id`, `txt`, `created_at`, `updated_at`) VALUES ('455', '98', 'Itaque quas quas quas inventore. Aut officiis aut id et sint aut. Consequatur magnam fugiat est. Accusamus minus officia sed perspiciatis et ad ut. Sed et doloribus et est.', '2012-07-08 21:35:35', '1986-05-11 09:18:22');
INSERT INTO `posts` (`id`, `user_id`, `txt`, `created_at`, `updated_at`) VALUES ('456', '48', 'Reprehenderit eum earum et omnis. Et et repudiandae officiis. Aliquid et aliquam autem magni error cumque expedita.', '1992-12-15 22:08:59', '2011-07-05 00:18:01');
INSERT INTO `posts` (`id`, `user_id`, `txt`, `created_at`, `updated_at`) VALUES ('457', '19', 'Sint ex aliquam sit libero. Architecto totam sunt velit sed nisi eligendi consectetur. Est culpa sunt cumque quibusdam eaque qui vitae quo.', '2013-06-23 17:18:22', '1996-03-21 01:47:19');
INSERT INTO `posts` (`id`, `user_id`, `txt`, `created_at`, `updated_at`) VALUES ('458', '51', 'Ea minima rerum minus officiis sit. Beatae facilis est similique consequatur earum. Quia consequatur fugit saepe.', '2005-07-19 11:22:52', '2005-11-23 08:35:55');
INSERT INTO `posts` (`id`, `user_id`, `txt`, `created_at`, `updated_at`) VALUES ('459', '20', 'Ipsum maiores ratione incidunt illo. Quae error velit aperiam incidunt. Quaerat quia deserunt eveniet qui aut.', '1973-05-18 21:17:48', '1979-09-29 04:49:23');
INSERT INTO `posts` (`id`, `user_id`, `txt`, `created_at`, `updated_at`) VALUES ('460', '97', 'Quo eius ex omnis fugit assumenda ex. Aut eligendi occaecati corporis consequatur ipsam culpa accusantium. Odit recusandae possimus ad sit est quidem.', '1999-10-29 05:47:03', '2007-12-05 12:45:18');
INSERT INTO `posts` (`id`, `user_id`, `txt`, `created_at`, `updated_at`) VALUES ('461', '68', 'Neque facilis et non officiis impedit voluptatem voluptas. Ut quas et et.', '1981-03-18 12:39:51', '2014-11-06 03:52:42');
INSERT INTO `posts` (`id`, `user_id`, `txt`, `created_at`, `updated_at`) VALUES ('462', '64', 'Cumque sunt adipisci doloremque voluptatem. Voluptatem rerum quasi qui atque tempore mollitia et sapiente.', '2013-09-27 04:14:41', '2012-05-13 20:03:16');
INSERT INTO `posts` (`id`, `user_id`, `txt`, `created_at`, `updated_at`) VALUES ('463', '79', 'Non error veniam id consequatur est nisi. Mollitia earum aut sed eveniet animi. Consequatur quia maxime consequatur non itaque. Voluptatem tempora ut illo vitae provident nostrum est.', '2014-07-03 01:33:07', '2004-12-15 06:00:07');
INSERT INTO `posts` (`id`, `user_id`, `txt`, `created_at`, `updated_at`) VALUES ('464', '26', 'Harum quo architecto id et quis. Consequatur expedita quis voluptatem qui aut voluptates ullam. Eaque voluptatem ducimus sequi ut.', '2002-11-21 08:05:51', '2001-01-31 09:27:57');
INSERT INTO `posts` (`id`, `user_id`, `txt`, `created_at`, `updated_at`) VALUES ('465', '80', 'Aut et fugit aliquid blanditiis. Et aspernatur et nobis eligendi. Omnis debitis in placeat iste cumque dolore.', '1990-06-17 08:29:27', '1975-01-30 12:18:23');
INSERT INTO `posts` (`id`, `user_id`, `txt`, `created_at`, `updated_at`) VALUES ('466', '82', 'Voluptas assumenda amet et ullam voluptatem. Dolorum iure enim odit hic fugit.', '2002-08-26 01:43:41', '1987-06-15 06:31:48');
INSERT INTO `posts` (`id`, `user_id`, `txt`, `created_at`, `updated_at`) VALUES ('467', '66', 'Eaque deserunt fugiat enim sint maiores. Aut enim aut voluptatem sed qui ut placeat. Sit at eum et sint ab sed quia veritatis.', '1975-08-08 21:20:29', '1977-08-08 13:59:52');
INSERT INTO `posts` (`id`, `user_id`, `txt`, `created_at`, `updated_at`) VALUES ('468', '35', 'Consectetur ipsum ullam est quia aliquam pariatur. Quia vel laudantium eum aliquid. Dolorem veritatis qui et. Id quos ad perferendis quis aspernatur.', '2007-05-31 07:48:48', '2005-10-25 22:13:14');
INSERT INTO `posts` (`id`, `user_id`, `txt`, `created_at`, `updated_at`) VALUES ('469', '59', 'Nihil ut sed est nam exercitationem. Corporis facere excepturi mollitia deserunt ut aut. Incidunt omnis quis illo animi est quae necessitatibus doloremque.', '2006-08-07 05:37:44', '2016-10-12 18:14:15');
INSERT INTO `posts` (`id`, `user_id`, `txt`, `created_at`, `updated_at`) VALUES ('470', '95', 'Est quia maiores sunt dolor. Sed tenetur magnam autem eum. Deserunt eligendi fuga sed. Velit voluptates cumque aut iste et in.', '1996-04-03 01:18:17', '1972-05-17 05:16:33');
INSERT INTO `posts` (`id`, `user_id`, `txt`, `created_at`, `updated_at`) VALUES ('471', '8', 'Nihil ab quibusdam itaque error. Laborum deleniti pariatur est omnis. Similique temporibus velit dicta officia. Quo asperiores quia corporis modi voluptatem.', '1974-03-05 01:48:20', '2016-02-18 03:08:18');
INSERT INTO `posts` (`id`, `user_id`, `txt`, `created_at`, `updated_at`) VALUES ('472', '39', 'Accusamus dolorem ut ut quo. Eaque dolores officiis blanditiis non. Quibusdam deleniti voluptate quia.', '2006-01-14 08:45:12', '1992-11-21 04:40:22');
INSERT INTO `posts` (`id`, `user_id`, `txt`, `created_at`, `updated_at`) VALUES ('473', '25', 'Quo voluptates omnis at quia molestias reprehenderit earum. Dolorem enim possimus dignissimos et reprehenderit. Saepe voluptas praesentium est repellat sed nobis sapiente.', '1996-05-09 22:37:29', '1982-06-28 15:59:44');
INSERT INTO `posts` (`id`, `user_id`, `txt`, `created_at`, `updated_at`) VALUES ('474', '64', 'Sed repudiandae quae dicta qui quibusdam et temporibus. Molestias ducimus voluptas libero hic ut aut. Soluta et voluptates perspiciatis eos.', '1979-03-06 06:03:55', '1991-05-15 06:02:45');
INSERT INTO `posts` (`id`, `user_id`, `txt`, `created_at`, `updated_at`) VALUES ('475', '34', 'Deleniti porro fuga repudiandae quis enim eveniet. Nemo est occaecati aut omnis. Et quia consequatur quis tenetur voluptates. Accusantium pariatur sequi a et voluptates nemo.', '1987-10-14 07:36:48', '1978-06-02 12:33:40');
INSERT INTO `posts` (`id`, `user_id`, `txt`, `created_at`, `updated_at`) VALUES ('476', '58', 'Ratione labore optio nihil aut. Consectetur doloremque magnam non veniam porro ut maxime. Qui aut et laborum. Maxime aut consectetur veniam eaque libero in.', '1995-10-22 19:58:01', '1992-04-25 03:51:52');
INSERT INTO `posts` (`id`, `user_id`, `txt`, `created_at`, `updated_at`) VALUES ('477', '8', 'Rerum deleniti nisi expedita fuga voluptas qui. Eius a est natus veniam. Nulla quia molestiae tenetur. Totam eius labore sapiente suscipit repudiandae iste. Debitis possimus qui est.', '1977-02-20 19:23:14', '2013-04-04 14:08:42');
INSERT INTO `posts` (`id`, `user_id`, `txt`, `created_at`, `updated_at`) VALUES ('478', '38', 'Fugit culpa aut ut et sed odio non. Et et nesciunt error ut nihil sed. Consequatur fugit doloremque dolorem provident qui maxime necessitatibus rerum. Ut nihil consequatur aut laboriosam mollitia.', '1990-12-08 04:02:15', '2002-10-15 21:19:51');
INSERT INTO `posts` (`id`, `user_id`, `txt`, `created_at`, `updated_at`) VALUES ('479', '52', 'Sequi et unde qui asperiores. Distinctio et tenetur iusto et et voluptate. Voluptatem rerum explicabo earum. Aut sed laudantium rerum et quibusdam qui aut.', '1975-02-23 12:17:45', '2009-05-30 02:36:53');
INSERT INTO `posts` (`id`, `user_id`, `txt`, `created_at`, `updated_at`) VALUES ('480', '66', 'Quibusdam iste nihil enim repellendus non. Aut aut ex assumenda esse voluptates ut veritatis. Vero tempora ut facere illo. Placeat qui neque labore laborum eaque ipsa praesentium.', '2007-10-07 07:04:11', '1975-03-24 04:40:53');
INSERT INTO `posts` (`id`, `user_id`, `txt`, `created_at`, `updated_at`) VALUES ('481', '78', 'In voluptatem laudantium laudantium nostrum error incidunt. Pariatur id dolorum quasi. Optio aut est occaecati qui vel autem voluptatem illum.', '2002-04-18 18:11:32', '1980-05-08 03:11:59');
INSERT INTO `posts` (`id`, `user_id`, `txt`, `created_at`, `updated_at`) VALUES ('482', '13', 'Consequatur et magnam possimus consequatur exercitationem. Rem sunt fugiat maxime sed porro repellendus maxime. Expedita dignissimos et et in blanditiis quae laudantium.', '1995-04-25 23:53:48', '1972-11-26 03:56:53');
INSERT INTO `posts` (`id`, `user_id`, `txt`, `created_at`, `updated_at`) VALUES ('483', '66', 'Nam alias ex consequatur qui ut qui maiores. Ipsam laboriosam cumque dolore culpa sunt porro. Eius voluptate omnis saepe.', '1995-10-17 00:31:09', '2006-01-02 01:48:07');
INSERT INTO `posts` (`id`, `user_id`, `txt`, `created_at`, `updated_at`) VALUES ('484', '6', 'Molestiae eaque doloribus totam veniam perspiciatis et. Consequatur quibusdam esse minus et voluptatem eum. Recusandae atque distinctio ea ut.', '2005-06-14 03:06:16', '2011-03-24 04:18:57');
INSERT INTO `posts` (`id`, `user_id`, `txt`, `created_at`, `updated_at`) VALUES ('485', '16', 'Labore suscipit magni dicta maxime adipisci eaque. Et odit eum ut est sit magnam quasi voluptas. Sit animi cupiditate atque qui sapiente.', '1974-06-26 06:21:02', '2017-07-09 02:18:32');
INSERT INTO `posts` (`id`, `user_id`, `txt`, `created_at`, `updated_at`) VALUES ('486', '64', 'Et error magnam fuga rerum reiciendis repellat voluptatem qui. Enim velit perferendis itaque ullam temporibus vitae recusandae. Voluptates est aliquid esse voluptatem. Assumenda quae laborum aliquam.', '1987-12-16 03:02:02', '1977-03-26 01:26:48');
INSERT INTO `posts` (`id`, `user_id`, `txt`, `created_at`, `updated_at`) VALUES ('487', '53', 'Eos aut consequatur est qui. In fugiat ipsum et quia. Sit ducimus a nemo non.', '1980-08-20 05:17:34', '1986-07-02 07:46:44');
INSERT INTO `posts` (`id`, `user_id`, `txt`, `created_at`, `updated_at`) VALUES ('488', '35', 'At pariatur illum odio minus dolore expedita. Voluptatem pariatur quos incidunt magni.', '2013-10-04 23:03:36', '1972-04-06 00:03:49');
INSERT INTO `posts` (`id`, `user_id`, `txt`, `created_at`, `updated_at`) VALUES ('489', '14', 'Aut dolor tempora explicabo autem. Est et explicabo eos cumque architecto suscipit. Non in minima ullam officia. Nihil corporis voluptas quia aliquid vitae in.', '1997-11-18 23:09:43', '2009-02-11 13:33:55');
INSERT INTO `posts` (`id`, `user_id`, `txt`, `created_at`, `updated_at`) VALUES ('490', '73', 'Qui ipsum quibusdam a. Officiis sequi iure autem assumenda nam. Doloremque error illo esse non. Pariatur inventore harum est sint quod.', '2000-03-13 19:02:32', '1995-03-14 22:58:29');
INSERT INTO `posts` (`id`, `user_id`, `txt`, `created_at`, `updated_at`) VALUES ('491', '31', 'Vero beatae fuga veniam dolores delectus sed. In nemo laudantium et commodi perferendis.\nRerum iste nostrum omnis laboriosam. Est nostrum omnis doloremque qui. In voluptatem et omnis et dolor.', '2013-10-27 15:20:55', '1976-07-30 22:59:44');
INSERT INTO `posts` (`id`, `user_id`, `txt`, `created_at`, `updated_at`) VALUES ('492', '82', 'Est laborum vel neque rerum non corporis expedita laboriosam. Qui qui voluptatum molestiae. Quis occaecati totam explicabo.', '2015-04-01 13:15:21', '1975-09-08 13:38:47');
INSERT INTO `posts` (`id`, `user_id`, `txt`, `created_at`, `updated_at`) VALUES ('493', '36', 'Aut aut doloremque et expedita commodi non vitae. Qui maxime omnis consequatur harum dolore est corrupti nihil. Quia dolorum quod tenetur voluptatibus. Rerum reprehenderit nesciunt ipsum ut.', '1994-01-24 15:32:07', '1993-12-20 03:11:20');
INSERT INTO `posts` (`id`, `user_id`, `txt`, `created_at`, `updated_at`) VALUES ('494', '10', 'Porro aliquid enim et. Aut cum praesentium reprehenderit. Architecto id et tenetur quis accusamus nam. Non tempore provident id iure consequatur sint.', '2012-01-20 16:30:30', '1997-02-20 01:49:38');
INSERT INTO `posts` (`id`, `user_id`, `txt`, `created_at`, `updated_at`) VALUES ('495', '8', 'Eum molestiae et iste. Quasi et libero ut quia. Earum harum quia doloremque et. Ex et quia ea ad culpa adipisci.', '1973-07-23 01:32:25', '1980-07-03 15:25:14');
INSERT INTO `posts` (`id`, `user_id`, `txt`, `created_at`, `updated_at`) VALUES ('496', '16', 'Consequatur harum qui fuga nemo est voluptatem rem. Fuga soluta culpa impedit. Itaque maxime rerum quibusdam et sunt ad impedit laborum.', '1980-09-13 04:27:20', '2003-02-24 22:02:21');
INSERT INTO `posts` (`id`, `user_id`, `txt`, `created_at`, `updated_at`) VALUES ('497', '92', 'Quia molestiae ipsa alias enim. Illum totam ex alias inventore qui. Omnis quia animi dignissimos. Et libero error earum asperiores omnis.', '2007-11-29 09:28:45', '1983-08-30 00:13:42');
INSERT INTO `posts` (`id`, `user_id`, `txt`, `created_at`, `updated_at`) VALUES ('498', '73', 'Est provident quisquam non odit repudiandae voluptas. Quae est assumenda et quas et incidunt perspiciatis. Aut labore odio sunt iure modi rem sed.', '1988-01-02 05:21:54', '1997-09-12 14:36:13');
INSERT INTO `posts` (`id`, `user_id`, `txt`, `created_at`, `updated_at`) VALUES ('499', '50', 'Dolor occaecati et ad asperiores. Vel ut sunt sint sed nihil ab.', '1999-02-03 23:48:52', '2003-10-12 07:59:45');
INSERT INTO `posts` (`id`, `user_id`, `txt`, `created_at`, `updated_at`) VALUES ('500', '50', 'Fugiat repudiandae ut rerum distinctio. Impedit illum ad natus molestias. Consequatur rem consectetur eaque eos velit labore. Est maxime deleniti enim et.', '2015-01-17 14:55:15', '2018-06-01 19:36:27');


#
# TABLE STRUCTURE FOR: posts_likes
#

DROP TABLE IF EXISTS `posts_likes`;

CREATE TABLE `posts_likes` (
  `post_id` bigint(20) unsigned NOT NULL,
  `user_id` bigint(20) unsigned NOT NULL,
  `like_type` tinyint(1) DEFAULT 1,
  PRIMARY KEY (`post_id`,`user_id`),
  KEY `post_idx` (`post_id`),
  KEY `user_idx` (`user_id`),
  CONSTRAINT `posts_likes_fk` FOREIGN KEY (`post_id`) REFERENCES `posts` (`id`),
  CONSTRAINT `users_likes_fk` FOREIGN KEY (`user_id`) REFERENCES `users` (`id`)
) ENGINE=InnoDB DEFAULT CHARSET=utf8mb4 COLLATE=utf8mb4_unicode_ci;

INSERT INTO `posts_likes` (`post_id`, `user_id`, `like_type`) VALUES ('1', '51', 1);
INSERT INTO `posts_likes` (`post_id`, `user_id`, `like_type`) VALUES ('3', '64', 1);
INSERT INTO `posts_likes` (`post_id`, `user_id`, `like_type`) VALUES ('3', '73', 1);
INSERT INTO `posts_likes` (`post_id`, `user_id`, `like_type`) VALUES ('4', '55', 1);
INSERT INTO `posts_likes` (`post_id`, `user_id`, `like_type`) VALUES ('5', '47', 1);
INSERT INTO `posts_likes` (`post_id`, `user_id`, `like_type`) VALUES ('6', '96', 1);
INSERT INTO `posts_likes` (`post_id`, `user_id`, `like_type`) VALUES ('7', '10', 1);
INSERT INTO `posts_likes` (`post_id`, `user_id`, `like_type`) VALUES ('7', '15', 1);
INSERT INTO `posts_likes` (`post_id`, `user_id`, `like_type`) VALUES ('10', '14', 1);
INSERT INTO `posts_likes` (`post_id`, `user_id`, `like_type`) VALUES ('10', '51', 1);
INSERT INTO `posts_likes` (`post_id`, `user_id`, `like_type`) VALUES ('10', '95', 1);
INSERT INTO `posts_likes` (`post_id`, `user_id`, `like_type`) VALUES ('11', '10', 1);
INSERT INTO `posts_likes` (`post_id`, `user_id`, `like_type`) VALUES ('11', '27', 1);
INSERT INTO `posts_likes` (`post_id`, `user_id`, `like_type`) VALUES ('11', '99', 1);
INSERT INTO `posts_likes` (`post_id`, `user_id`, `like_type`) VALUES ('12', '2', 1);
INSERT INTO `posts_likes` (`post_id`, `user_id`, `like_type`) VALUES ('12', '38', 1);
INSERT INTO `posts_likes` (`post_id`, `user_id`, `like_type`) VALUES ('15', '39', 1);
INSERT INTO `posts_likes` (`post_id`, `user_id`, `like_type`) VALUES ('16', '59', 1);
INSERT INTO `posts_likes` (`post_id`, `user_id`, `like_type`) VALUES ('16', '78', 1);
INSERT INTO `posts_likes` (`post_id`, `user_id`, `like_type`) VALUES ('16', '89', 1);
INSERT INTO `posts_likes` (`post_id`, `user_id`, `like_type`) VALUES ('18', '12', 1);
INSERT INTO `posts_likes` (`post_id`, `user_id`, `like_type`) VALUES ('18', '37', 1);
INSERT INTO `posts_likes` (`post_id`, `user_id`, `like_type`) VALUES ('18', '60', 1);
INSERT INTO `posts_likes` (`post_id`, `user_id`, `like_type`) VALUES ('19', '11', 1);
INSERT INTO `posts_likes` (`post_id`, `user_id`, `like_type`) VALUES ('19', '17', 1);
INSERT INTO `posts_likes` (`post_id`, `user_id`, `like_type`) VALUES ('19', '50', 1);
INSERT INTO `posts_likes` (`post_id`, `user_id`, `like_type`) VALUES ('19', '51', 1);
INSERT INTO `posts_likes` (`post_id`, `user_id`, `like_type`) VALUES ('20', '9', 1);
INSERT INTO `posts_likes` (`post_id`, `user_id`, `like_type`) VALUES ('20', '14', 1);
INSERT INTO `posts_likes` (`post_id`, `user_id`, `like_type`) VALUES ('20', '23', 1);
INSERT INTO `posts_likes` (`post_id`, `user_id`, `like_type`) VALUES ('20', '31', 1);
INSERT INTO `posts_likes` (`post_id`, `user_id`, `like_type`) VALUES ('20', '86', 1);
INSERT INTO `posts_likes` (`post_id`, `user_id`, `like_type`) VALUES ('21', '25', 1);
INSERT INTO `posts_likes` (`post_id`, `user_id`, `like_type`) VALUES ('22', '41', 1);
INSERT INTO `posts_likes` (`post_id`, `user_id`, `like_type`) VALUES ('22', '84', 1);
INSERT INTO `posts_likes` (`post_id`, `user_id`, `like_type`) VALUES ('23', '54', 1);
INSERT INTO `posts_likes` (`post_id`, `user_id`, `like_type`) VALUES ('23', '55', 1);
INSERT INTO `posts_likes` (`post_id`, `user_id`, `like_type`) VALUES ('23', '82', 1);
INSERT INTO `posts_likes` (`post_id`, `user_id`, `like_type`) VALUES ('24', '90', 1);
INSERT INTO `posts_likes` (`post_id`, `user_id`, `like_type`) VALUES ('25', '54', 1);
INSERT INTO `posts_likes` (`post_id`, `user_id`, `like_type`) VALUES ('25', '65', 1);
INSERT INTO `posts_likes` (`post_id`, `user_id`, `like_type`) VALUES ('26', '98', 1);
INSERT INTO `posts_likes` (`post_id`, `user_id`, `like_type`) VALUES ('27', '34', 1);
INSERT INTO `posts_likes` (`post_id`, `user_id`, `like_type`) VALUES ('27', '82', 1);
INSERT INTO `posts_likes` (`post_id`, `user_id`, `like_type`) VALUES ('28', '24', 1);
INSERT INTO `posts_likes` (`post_id`, `user_id`, `like_type`) VALUES ('28', '53', 1);
INSERT INTO `posts_likes` (`post_id`, `user_id`, `like_type`) VALUES ('28', '82', 1);
INSERT INTO `posts_likes` (`post_id`, `user_id`, `like_type`) VALUES ('29', '28', 1);
INSERT INTO `posts_likes` (`post_id`, `user_id`, `like_type`) VALUES ('29', '96', 1);
INSERT INTO `posts_likes` (`post_id`, `user_id`, `like_type`) VALUES ('30', '7', 1);
INSERT INTO `posts_likes` (`post_id`, `user_id`, `like_type`) VALUES ('30', '47', 1);
INSERT INTO `posts_likes` (`post_id`, `user_id`, `like_type`) VALUES ('31', '1', 1);
INSERT INTO `posts_likes` (`post_id`, `user_id`, `like_type`) VALUES ('31', '4', 1);
INSERT INTO `posts_likes` (`post_id`, `user_id`, `like_type`) VALUES ('31', '9', 1);
INSERT INTO `posts_likes` (`post_id`, `user_id`, `like_type`) VALUES ('34', '45', 1);
INSERT INTO `posts_likes` (`post_id`, `user_id`, `like_type`) VALUES ('35', '7', 1);
INSERT INTO `posts_likes` (`post_id`, `user_id`, `like_type`) VALUES ('35', '44', 1);
INSERT INTO `posts_likes` (`post_id`, `user_id`, `like_type`) VALUES ('35', '61', 1);
INSERT INTO `posts_likes` (`post_id`, `user_id`, `like_type`) VALUES ('37', '70', 1);
INSERT INTO `posts_likes` (`post_id`, `user_id`, `like_type`) VALUES ('38', '24', 1);
INSERT INTO `posts_likes` (`post_id`, `user_id`, `like_type`) VALUES ('38', '64', 1);
INSERT INTO `posts_likes` (`post_id`, `user_id`, `like_type`) VALUES ('40', '80', 1);
INSERT INTO `posts_likes` (`post_id`, `user_id`, `like_type`) VALUES ('41', '36', 1);
INSERT INTO `posts_likes` (`post_id`, `user_id`, `like_type`) VALUES ('41', '43', 1);
INSERT INTO `posts_likes` (`post_id`, `user_id`, `like_type`) VALUES ('41', '88', 1);
INSERT INTO `posts_likes` (`post_id`, `user_id`, `like_type`) VALUES ('42', '5', 1);
INSERT INTO `posts_likes` (`post_id`, `user_id`, `like_type`) VALUES ('43', '29', 1);
INSERT INTO `posts_likes` (`post_id`, `user_id`, `like_type`) VALUES ('43', '61', 1);
INSERT INTO `posts_likes` (`post_id`, `user_id`, `like_type`) VALUES ('45', '37', 1);
INSERT INTO `posts_likes` (`post_id`, `user_id`, `like_type`) VALUES ('46', '5', 1);
INSERT INTO `posts_likes` (`post_id`, `user_id`, `like_type`) VALUES ('47', '33', 1);
INSERT INTO `posts_likes` (`post_id`, `user_id`, `like_type`) VALUES ('48', '88', 1);
INSERT INTO `posts_likes` (`post_id`, `user_id`, `like_type`) VALUES ('49', '88', 1);
INSERT INTO `posts_likes` (`post_id`, `user_id`, `like_type`) VALUES ('51', '72', 1);
INSERT INTO `posts_likes` (`post_id`, `user_id`, `like_type`) VALUES ('52', '35', 1);
INSERT INTO `posts_likes` (`post_id`, `user_id`, `like_type`) VALUES ('52', '42', 1);
INSERT INTO `posts_likes` (`post_id`, `user_id`, `like_type`) VALUES ('54', '55', 1);
INSERT INTO `posts_likes` (`post_id`, `user_id`, `like_type`) VALUES ('54', '74', 1);
INSERT INTO `posts_likes` (`post_id`, `user_id`, `like_type`) VALUES ('55', '70', 1);
INSERT INTO `posts_likes` (`post_id`, `user_id`, `like_type`) VALUES ('55', '92', 1);
INSERT INTO `posts_likes` (`post_id`, `user_id`, `like_type`) VALUES ('57', '19', 1);
INSERT INTO `posts_likes` (`post_id`, `user_id`, `like_type`) VALUES ('57', '50', 1);
INSERT INTO `posts_likes` (`post_id`, `user_id`, `like_type`) VALUES ('58', '11', 1);
INSERT INTO `posts_likes` (`post_id`, `user_id`, `like_type`) VALUES ('58', '83', 1);
INSERT INTO `posts_likes` (`post_id`, `user_id`, `like_type`) VALUES ('59', '21', 1);
INSERT INTO `posts_likes` (`post_id`, `user_id`, `like_type`) VALUES ('59', '82', 1);
INSERT INTO `posts_likes` (`post_id`, `user_id`, `like_type`) VALUES ('59', '96', 1);
INSERT INTO `posts_likes` (`post_id`, `user_id`, `like_type`) VALUES ('60', '46', 1);
INSERT INTO `posts_likes` (`post_id`, `user_id`, `like_type`) VALUES ('60', '67', 1);
INSERT INTO `posts_likes` (`post_id`, `user_id`, `like_type`) VALUES ('61', '57', 1);
INSERT INTO `posts_likes` (`post_id`, `user_id`, `like_type`) VALUES ('62', '2', 1);
INSERT INTO `posts_likes` (`post_id`, `user_id`, `like_type`) VALUES ('62', '37', 1);
INSERT INTO `posts_likes` (`post_id`, `user_id`, `like_type`) VALUES ('64', '49', 1);
INSERT INTO `posts_likes` (`post_id`, `user_id`, `like_type`) VALUES ('64', '55', 1);
INSERT INTO `posts_likes` (`post_id`, `user_id`, `like_type`) VALUES ('66', '78', 1);
INSERT INTO `posts_likes` (`post_id`, `user_id`, `like_type`) VALUES ('67', '5', 1);
INSERT INTO `posts_likes` (`post_id`, `user_id`, `like_type`) VALUES ('67', '59', 1);
INSERT INTO `posts_likes` (`post_id`, `user_id`, `like_type`) VALUES ('67', '98', 1);
INSERT INTO `posts_likes` (`post_id`, `user_id`, `like_type`) VALUES ('68', '5', 1);
INSERT INTO `posts_likes` (`post_id`, `user_id`, `like_type`) VALUES ('68', '9', 1);
INSERT INTO `posts_likes` (`post_id`, `user_id`, `like_type`) VALUES ('69', '60', 1);
INSERT INTO `posts_likes` (`post_id`, `user_id`, `like_type`) VALUES ('70', '16', 1);
INSERT INTO `posts_likes` (`post_id`, `user_id`, `like_type`) VALUES ('70', '95', 1);
INSERT INTO `posts_likes` (`post_id`, `user_id`, `like_type`) VALUES ('72', '32', 1);
INSERT INTO `posts_likes` (`post_id`, `user_id`, `like_type`) VALUES ('73', '27', 1);
INSERT INTO `posts_likes` (`post_id`, `user_id`, `like_type`) VALUES ('74', '96', 1);
INSERT INTO `posts_likes` (`post_id`, `user_id`, `like_type`) VALUES ('76', '17', 1);
INSERT INTO `posts_likes` (`post_id`, `user_id`, `like_type`) VALUES ('76', '27', 1);
INSERT INTO `posts_likes` (`post_id`, `user_id`, `like_type`) VALUES ('76', '35', 1);
INSERT INTO `posts_likes` (`post_id`, `user_id`, `like_type`) VALUES ('76', '46', 1);
INSERT INTO `posts_likes` (`post_id`, `user_id`, `like_type`) VALUES ('78', '7', 1);
INSERT INTO `posts_likes` (`post_id`, `user_id`, `like_type`) VALUES ('78', '21', 1);
INSERT INTO `posts_likes` (`post_id`, `user_id`, `like_type`) VALUES ('78', '43', 1);
INSERT INTO `posts_likes` (`post_id`, `user_id`, `like_type`) VALUES ('79', '44', 1);
INSERT INTO `posts_likes` (`post_id`, `user_id`, `like_type`) VALUES ('79', '53', 1);
INSERT INTO `posts_likes` (`post_id`, `user_id`, `like_type`) VALUES ('80', '50', 1);
INSERT INTO `posts_likes` (`post_id`, `user_id`, `like_type`) VALUES ('81', '8', 1);
INSERT INTO `posts_likes` (`post_id`, `user_id`, `like_type`) VALUES ('81', '48', 1);
INSERT INTO `posts_likes` (`post_id`, `user_id`, `like_type`) VALUES ('83', '4', 1);
INSERT INTO `posts_likes` (`post_id`, `user_id`, `like_type`) VALUES ('83', '65', 1);
INSERT INTO `posts_likes` (`post_id`, `user_id`, `like_type`) VALUES ('83', '99', 1);
INSERT INTO `posts_likes` (`post_id`, `user_id`, `like_type`) VALUES ('84', '56', 1);
INSERT INTO `posts_likes` (`post_id`, `user_id`, `like_type`) VALUES ('85', '12', 1);
INSERT INTO `posts_likes` (`post_id`, `user_id`, `like_type`) VALUES ('86', '80', 1);
INSERT INTO `posts_likes` (`post_id`, `user_id`, `like_type`) VALUES ('87', '13', 1);
INSERT INTO `posts_likes` (`post_id`, `user_id`, `like_type`) VALUES ('89', '24', 1);
INSERT INTO `posts_likes` (`post_id`, `user_id`, `like_type`) VALUES ('89', '39', 1);
INSERT INTO `posts_likes` (`post_id`, `user_id`, `like_type`) VALUES ('89', '97', 1);
INSERT INTO `posts_likes` (`post_id`, `user_id`, `like_type`) VALUES ('91', '80', 1);
INSERT INTO `posts_likes` (`post_id`, `user_id`, `like_type`) VALUES ('92', '15', 1);
INSERT INTO `posts_likes` (`post_id`, `user_id`, `like_type`) VALUES ('93', '99', 1);
INSERT INTO `posts_likes` (`post_id`, `user_id`, `like_type`) VALUES ('94', '30', 1);
INSERT INTO `posts_likes` (`post_id`, `user_id`, `like_type`) VALUES ('94', '37', 1);
INSERT INTO `posts_likes` (`post_id`, `user_id`, `like_type`) VALUES ('95', '28', 1);
INSERT INTO `posts_likes` (`post_id`, `user_id`, `like_type`) VALUES ('95', '40', 1);
INSERT INTO `posts_likes` (`post_id`, `user_id`, `like_type`) VALUES ('96', '58', 1);
INSERT INTO `posts_likes` (`post_id`, `user_id`, `like_type`) VALUES ('96', '61', 1);
INSERT INTO `posts_likes` (`post_id`, `user_id`, `like_type`) VALUES ('96', '91', 1);
INSERT INTO `posts_likes` (`post_id`, `user_id`, `like_type`) VALUES ('97', '4', 1);
INSERT INTO `posts_likes` (`post_id`, `user_id`, `like_type`) VALUES ('97', '34', 1);
INSERT INTO `posts_likes` (`post_id`, `user_id`, `like_type`) VALUES ('97', '96', 1);
INSERT INTO `posts_likes` (`post_id`, `user_id`, `like_type`) VALUES ('101', '16', 1);
INSERT INTO `posts_likes` (`post_id`, `user_id`, `like_type`) VALUES ('102', '42', 1);
INSERT INTO `posts_likes` (`post_id`, `user_id`, `like_type`) VALUES ('103', '28', 1);
INSERT INTO `posts_likes` (`post_id`, `user_id`, `like_type`) VALUES ('104', '53', 1);
INSERT INTO `posts_likes` (`post_id`, `user_id`, `like_type`) VALUES ('105', '61', 1);
INSERT INTO `posts_likes` (`post_id`, `user_id`, `like_type`) VALUES ('106', '76', 1);
INSERT INTO `posts_likes` (`post_id`, `user_id`, `like_type`) VALUES ('107', '43', 1);
INSERT INTO `posts_likes` (`post_id`, `user_id`, `like_type`) VALUES ('108', '48', 1);
INSERT INTO `posts_likes` (`post_id`, `user_id`, `like_type`) VALUES ('108', '66', 1);
INSERT INTO `posts_likes` (`post_id`, `user_id`, `like_type`) VALUES ('108', '74', 1);
INSERT INTO `posts_likes` (`post_id`, `user_id`, `like_type`) VALUES ('109', '21', 1);
INSERT INTO `posts_likes` (`post_id`, `user_id`, `like_type`) VALUES ('109', '78', 1);
INSERT INTO `posts_likes` (`post_id`, `user_id`, `like_type`) VALUES ('109', '96', 1);
INSERT INTO `posts_likes` (`post_id`, `user_id`, `like_type`) VALUES ('111', '46', 1);
INSERT INTO `posts_likes` (`post_id`, `user_id`, `like_type`) VALUES ('112', '65', 1);
INSERT INTO `posts_likes` (`post_id`, `user_id`, `like_type`) VALUES ('112', '85', 1);
INSERT INTO `posts_likes` (`post_id`, `user_id`, `like_type`) VALUES ('113', '7', 1);
INSERT INTO `posts_likes` (`post_id`, `user_id`, `like_type`) VALUES ('113', '63', 1);
INSERT INTO `posts_likes` (`post_id`, `user_id`, `like_type`) VALUES ('113', '79', 1);
INSERT INTO `posts_likes` (`post_id`, `user_id`, `like_type`) VALUES ('115', '36', 1);
INSERT INTO `posts_likes` (`post_id`, `user_id`, `like_type`) VALUES ('116', '19', 1);
INSERT INTO `posts_likes` (`post_id`, `user_id`, `like_type`) VALUES ('116', '24', 1);
INSERT INTO `posts_likes` (`post_id`, `user_id`, `like_type`) VALUES ('117', '93', 1);
INSERT INTO `posts_likes` (`post_id`, `user_id`, `like_type`) VALUES ('117', '94', 1);
INSERT INTO `posts_likes` (`post_id`, `user_id`, `like_type`) VALUES ('118', '7', 1);
INSERT INTO `posts_likes` (`post_id`, `user_id`, `like_type`) VALUES ('119', '78', 1);
INSERT INTO `posts_likes` (`post_id`, `user_id`, `like_type`) VALUES ('119', '91', 1);
INSERT INTO `posts_likes` (`post_id`, `user_id`, `like_type`) VALUES ('120', '74', 1);
INSERT INTO `posts_likes` (`post_id`, `user_id`, `like_type`) VALUES ('121', '69', 1);
INSERT INTO `posts_likes` (`post_id`, `user_id`, `like_type`) VALUES ('121', '88', 1);
INSERT INTO `posts_likes` (`post_id`, `user_id`, `like_type`) VALUES ('122', '21', 1);
INSERT INTO `posts_likes` (`post_id`, `user_id`, `like_type`) VALUES ('122', '58', 1);
INSERT INTO `posts_likes` (`post_id`, `user_id`, `like_type`) VALUES ('123', '45', 1);
INSERT INTO `posts_likes` (`post_id`, `user_id`, `like_type`) VALUES ('123', '97', 1);
INSERT INTO `posts_likes` (`post_id`, `user_id`, `like_type`) VALUES ('124', '51', 1);
INSERT INTO `posts_likes` (`post_id`, `user_id`, `like_type`) VALUES ('124', '83', 1);
INSERT INTO `posts_likes` (`post_id`, `user_id`, `like_type`) VALUES ('125', '90', 1);
INSERT INTO `posts_likes` (`post_id`, `user_id`, `like_type`) VALUES ('126', '13', 1);
INSERT INTO `posts_likes` (`post_id`, `user_id`, `like_type`) VALUES ('127', '15', 1);
INSERT INTO `posts_likes` (`post_id`, `user_id`, `like_type`) VALUES ('127', '39', 1);
INSERT INTO `posts_likes` (`post_id`, `user_id`, `like_type`) VALUES ('128', '17', 1);
INSERT INTO `posts_likes` (`post_id`, `user_id`, `like_type`) VALUES ('128', '52', 1);
INSERT INTO `posts_likes` (`post_id`, `user_id`, `like_type`) VALUES ('128', '79', 1);
INSERT INTO `posts_likes` (`post_id`, `user_id`, `like_type`) VALUES ('129', '76', 1);
INSERT INTO `posts_likes` (`post_id`, `user_id`, `like_type`) VALUES ('132', '10', 1);
INSERT INTO `posts_likes` (`post_id`, `user_id`, `like_type`) VALUES ('132', '20', 1);
INSERT INTO `posts_likes` (`post_id`, `user_id`, `like_type`) VALUES ('132', '24', 1);
INSERT INTO `posts_likes` (`post_id`, `user_id`, `like_type`) VALUES ('132', '60', 1);
INSERT INTO `posts_likes` (`post_id`, `user_id`, `like_type`) VALUES ('133', '34', 1);
INSERT INTO `posts_likes` (`post_id`, `user_id`, `like_type`) VALUES ('134', '74', 1);
INSERT INTO `posts_likes` (`post_id`, `user_id`, `like_type`) VALUES ('136', '72', 1);
INSERT INTO `posts_likes` (`post_id`, `user_id`, `like_type`) VALUES ('136', '92', 1);
INSERT INTO `posts_likes` (`post_id`, `user_id`, `like_type`) VALUES ('138', '14', 1);
INSERT INTO `posts_likes` (`post_id`, `user_id`, `like_type`) VALUES ('139', '18', 1);
INSERT INTO `posts_likes` (`post_id`, `user_id`, `like_type`) VALUES ('141', '95', 1);
INSERT INTO `posts_likes` (`post_id`, `user_id`, `like_type`) VALUES ('141', '97', 1);
INSERT INTO `posts_likes` (`post_id`, `user_id`, `like_type`) VALUES ('142', '100', 1);
INSERT INTO `posts_likes` (`post_id`, `user_id`, `like_type`) VALUES ('144', '28', 1);
INSERT INTO `posts_likes` (`post_id`, `user_id`, `like_type`) VALUES ('144', '66', 1);
INSERT INTO `posts_likes` (`post_id`, `user_id`, `like_type`) VALUES ('145', '38', 1);
INSERT INTO `posts_likes` (`post_id`, `user_id`, `like_type`) VALUES ('145', '51', 1);
INSERT INTO `posts_likes` (`post_id`, `user_id`, `like_type`) VALUES ('145', '91', 1);
INSERT INTO `posts_likes` (`post_id`, `user_id`, `like_type`) VALUES ('147', '13', 1);
INSERT INTO `posts_likes` (`post_id`, `user_id`, `like_type`) VALUES ('147', '63', 1);
INSERT INTO `posts_likes` (`post_id`, `user_id`, `like_type`) VALUES ('149', '30', 1);
INSERT INTO `posts_likes` (`post_id`, `user_id`, `like_type`) VALUES ('149', '33', 1);
INSERT INTO `posts_likes` (`post_id`, `user_id`, `like_type`) VALUES ('150', '11', 1);
INSERT INTO `posts_likes` (`post_id`, `user_id`, `like_type`) VALUES ('150', '27', 1);
INSERT INTO `posts_likes` (`post_id`, `user_id`, `like_type`) VALUES ('151', '22', 1);
INSERT INTO `posts_likes` (`post_id`, `user_id`, `like_type`) VALUES ('152', '43', 1);
INSERT INTO `posts_likes` (`post_id`, `user_id`, `like_type`) VALUES ('152', '78', 1);
INSERT INTO `posts_likes` (`post_id`, `user_id`, `like_type`) VALUES ('153', '7', 1);
INSERT INTO `posts_likes` (`post_id`, `user_id`, `like_type`) VALUES ('153', '96', 1);
INSERT INTO `posts_likes` (`post_id`, `user_id`, `like_type`) VALUES ('154', '32', 1);
INSERT INTO `posts_likes` (`post_id`, `user_id`, `like_type`) VALUES ('154', '68', 1);
INSERT INTO `posts_likes` (`post_id`, `user_id`, `like_type`) VALUES ('156', '10', 1);
INSERT INTO `posts_likes` (`post_id`, `user_id`, `like_type`) VALUES ('158', '62', 1);
INSERT INTO `posts_likes` (`post_id`, `user_id`, `like_type`) VALUES ('160', '72', 1);
INSERT INTO `posts_likes` (`post_id`, `user_id`, `like_type`) VALUES ('160', '88', 1);
INSERT INTO `posts_likes` (`post_id`, `user_id`, `like_type`) VALUES ('162', '46', 1);
INSERT INTO `posts_likes` (`post_id`, `user_id`, `like_type`) VALUES ('163', '8', 1);
INSERT INTO `posts_likes` (`post_id`, `user_id`, `like_type`) VALUES ('165', '6', 1);
INSERT INTO `posts_likes` (`post_id`, `user_id`, `like_type`) VALUES ('165', '85', 1);
INSERT INTO `posts_likes` (`post_id`, `user_id`, `like_type`) VALUES ('167', '3', 1);
INSERT INTO `posts_likes` (`post_id`, `user_id`, `like_type`) VALUES ('168', '54', 1);
INSERT INTO `posts_likes` (`post_id`, `user_id`, `like_type`) VALUES ('169', '10', 1);
INSERT INTO `posts_likes` (`post_id`, `user_id`, `like_type`) VALUES ('170', '25', 1);
INSERT INTO `posts_likes` (`post_id`, `user_id`, `like_type`) VALUES ('170', '76', 1);
INSERT INTO `posts_likes` (`post_id`, `user_id`, `like_type`) VALUES ('173', '61', 1);
INSERT INTO `posts_likes` (`post_id`, `user_id`, `like_type`) VALUES ('175', '3', 1);
INSERT INTO `posts_likes` (`post_id`, `user_id`, `like_type`) VALUES ('175', '94', 1);
INSERT INTO `posts_likes` (`post_id`, `user_id`, `like_type`) VALUES ('176', '79', 1);
INSERT INTO `posts_likes` (`post_id`, `user_id`, `like_type`) VALUES ('178', '6', 1);
INSERT INTO `posts_likes` (`post_id`, `user_id`, `like_type`) VALUES ('178', '35', 1);
INSERT INTO `posts_likes` (`post_id`, `user_id`, `like_type`) VALUES ('180', '36', 1);
INSERT INTO `posts_likes` (`post_id`, `user_id`, `like_type`) VALUES ('181', '24', 1);
INSERT INTO `posts_likes` (`post_id`, `user_id`, `like_type`) VALUES ('181', '75', 1);
INSERT INTO `posts_likes` (`post_id`, `user_id`, `like_type`) VALUES ('181', '92', 1);
INSERT INTO `posts_likes` (`post_id`, `user_id`, `like_type`) VALUES ('182', '65', 1);
INSERT INTO `posts_likes` (`post_id`, `user_id`, `like_type`) VALUES ('182', '85', 1);
INSERT INTO `posts_likes` (`post_id`, `user_id`, `like_type`) VALUES ('183', '57', 1);
INSERT INTO `posts_likes` (`post_id`, `user_id`, `like_type`) VALUES ('183', '65', 1);
INSERT INTO `posts_likes` (`post_id`, `user_id`, `like_type`) VALUES ('184', '25', 1);
INSERT INTO `posts_likes` (`post_id`, `user_id`, `like_type`) VALUES ('185', '43', 1);
INSERT INTO `posts_likes` (`post_id`, `user_id`, `like_type`) VALUES ('185', '55', 1);
INSERT INTO `posts_likes` (`post_id`, `user_id`, `like_type`) VALUES ('186', '26', 1);
INSERT INTO `posts_likes` (`post_id`, `user_id`, `like_type`) VALUES ('187', '16', 1);
INSERT INTO `posts_likes` (`post_id`, `user_id`, `like_type`) VALUES ('187', '44', 1);
INSERT INTO `posts_likes` (`post_id`, `user_id`, `like_type`) VALUES ('188', '16', 1);
INSERT INTO `posts_likes` (`post_id`, `user_id`, `like_type`) VALUES ('188', '77', 1);
INSERT INTO `posts_likes` (`post_id`, `user_id`, `like_type`) VALUES ('189', '16', 1);
INSERT INTO `posts_likes` (`post_id`, `user_id`, `like_type`) VALUES ('193', '69', 1);
INSERT INTO `posts_likes` (`post_id`, `user_id`, `like_type`) VALUES ('193', '98', 1);
INSERT INTO `posts_likes` (`post_id`, `user_id`, `like_type`) VALUES ('194', '3', 1);
INSERT INTO `posts_likes` (`post_id`, `user_id`, `like_type`) VALUES ('195', '69', 1);
INSERT INTO `posts_likes` (`post_id`, `user_id`, `like_type`) VALUES ('196', '95', 1);
INSERT INTO `posts_likes` (`post_id`, `user_id`, `like_type`) VALUES ('197', '14', 1);
INSERT INTO `posts_likes` (`post_id`, `user_id`, `like_type`) VALUES ('197', '16', 1);
INSERT INTO `posts_likes` (`post_id`, `user_id`, `like_type`) VALUES ('199', '58', 1);
INSERT INTO `posts_likes` (`post_id`, `user_id`, `like_type`) VALUES ('199', '62', 1);
INSERT INTO `posts_likes` (`post_id`, `user_id`, `like_type`) VALUES ('199', '80', 1);
INSERT INTO `posts_likes` (`post_id`, `user_id`, `like_type`) VALUES ('199', '94', 1);
INSERT INTO `posts_likes` (`post_id`, `user_id`, `like_type`) VALUES ('200', '28', 1);
INSERT INTO `posts_likes` (`post_id`, `user_id`, `like_type`) VALUES ('200', '80', 1);
INSERT INTO `posts_likes` (`post_id`, `user_id`, `like_type`) VALUES ('201', '49', 1);
INSERT INTO `posts_likes` (`post_id`, `user_id`, `like_type`) VALUES ('201', '88', 1);
INSERT INTO `posts_likes` (`post_id`, `user_id`, `like_type`) VALUES ('203', '21', 1);
INSERT INTO `posts_likes` (`post_id`, `user_id`, `like_type`) VALUES ('203', '28', 1);
INSERT INTO `posts_likes` (`post_id`, `user_id`, `like_type`) VALUES ('204', '2', 1);
INSERT INTO `posts_likes` (`post_id`, `user_id`, `like_type`) VALUES ('204', '4', 1);
INSERT INTO `posts_likes` (`post_id`, `user_id`, `like_type`) VALUES ('204', '70', 1);
INSERT INTO `posts_likes` (`post_id`, `user_id`, `like_type`) VALUES ('205', '74', 1);
INSERT INTO `posts_likes` (`post_id`, `user_id`, `like_type`) VALUES ('206', '20', 1);
INSERT INTO `posts_likes` (`post_id`, `user_id`, `like_type`) VALUES ('206', '31', 1);
INSERT INTO `posts_likes` (`post_id`, `user_id`, `like_type`) VALUES ('207', '17', 1);
INSERT INTO `posts_likes` (`post_id`, `user_id`, `like_type`) VALUES ('207', '78', 1);
INSERT INTO `posts_likes` (`post_id`, `user_id`, `like_type`) VALUES ('208', '10', 1);
INSERT INTO `posts_likes` (`post_id`, `user_id`, `like_type`) VALUES ('209', '42', 1);
INSERT INTO `posts_likes` (`post_id`, `user_id`, `like_type`) VALUES ('210', '7', 1);
INSERT INTO `posts_likes` (`post_id`, `user_id`, `like_type`) VALUES ('210', '38', 1);
INSERT INTO `posts_likes` (`post_id`, `user_id`, `like_type`) VALUES ('212', '40', 1);
INSERT INTO `posts_likes` (`post_id`, `user_id`, `like_type`) VALUES ('212', '69', 1);
INSERT INTO `posts_likes` (`post_id`, `user_id`, `like_type`) VALUES ('213', '67', 1);
INSERT INTO `posts_likes` (`post_id`, `user_id`, `like_type`) VALUES ('213', '74', 1);
INSERT INTO `posts_likes` (`post_id`, `user_id`, `like_type`) VALUES ('214', '29', 1);
INSERT INTO `posts_likes` (`post_id`, `user_id`, `like_type`) VALUES ('214', '84', 1);
INSERT INTO `posts_likes` (`post_id`, `user_id`, `like_type`) VALUES ('215', '34', 1);
INSERT INTO `posts_likes` (`post_id`, `user_id`, `like_type`) VALUES ('215', '41', 1);
INSERT INTO `posts_likes` (`post_id`, `user_id`, `like_type`) VALUES ('216', '50', 1);
INSERT INTO `posts_likes` (`post_id`, `user_id`, `like_type`) VALUES ('217', '17', 1);
INSERT INTO `posts_likes` (`post_id`, `user_id`, `like_type`) VALUES ('217', '98', 1);
INSERT INTO `posts_likes` (`post_id`, `user_id`, `like_type`) VALUES ('218', '53', 1);
INSERT INTO `posts_likes` (`post_id`, `user_id`, `like_type`) VALUES ('218', '87', 1);
INSERT INTO `posts_likes` (`post_id`, `user_id`, `like_type`) VALUES ('219', '44', 1);
INSERT INTO `posts_likes` (`post_id`, `user_id`, `like_type`) VALUES ('222', '44', 1);
INSERT INTO `posts_likes` (`post_id`, `user_id`, `like_type`) VALUES ('224', '28', 1);
INSERT INTO `posts_likes` (`post_id`, `user_id`, `like_type`) VALUES ('224', '77', 1);
INSERT INTO `posts_likes` (`post_id`, `user_id`, `like_type`) VALUES ('225', '23', 1);
INSERT INTO `posts_likes` (`post_id`, `user_id`, `like_type`) VALUES ('226', '11', 1);
INSERT INTO `posts_likes` (`post_id`, `user_id`, `like_type`) VALUES ('229', '84', 1);
INSERT INTO `posts_likes` (`post_id`, `user_id`, `like_type`) VALUES ('231', '21', 1);
INSERT INTO `posts_likes` (`post_id`, `user_id`, `like_type`) VALUES ('232', '11', 1);
INSERT INTO `posts_likes` (`post_id`, `user_id`, `like_type`) VALUES ('232', '78', 1);
INSERT INTO `posts_likes` (`post_id`, `user_id`, `like_type`) VALUES ('233', '7', 1);
INSERT INTO `posts_likes` (`post_id`, `user_id`, `like_type`) VALUES ('233', '12', 1);
INSERT INTO `posts_likes` (`post_id`, `user_id`, `like_type`) VALUES ('233', '73', 1);
INSERT INTO `posts_likes` (`post_id`, `user_id`, `like_type`) VALUES ('233', '99', 1);
INSERT INTO `posts_likes` (`post_id`, `user_id`, `like_type`) VALUES ('234', '13', 1);
INSERT INTO `posts_likes` (`post_id`, `user_id`, `like_type`) VALUES ('234', '60', 1);
INSERT INTO `posts_likes` (`post_id`, `user_id`, `like_type`) VALUES ('234', '63', 1);
INSERT INTO `posts_likes` (`post_id`, `user_id`, `like_type`) VALUES ('234', '74', 1);
INSERT INTO `posts_likes` (`post_id`, `user_id`, `like_type`) VALUES ('236', '6', 1);
INSERT INTO `posts_likes` (`post_id`, `user_id`, `like_type`) VALUES ('238', '30', 1);
INSERT INTO `posts_likes` (`post_id`, `user_id`, `like_type`) VALUES ('238', '33', 1);
INSERT INTO `posts_likes` (`post_id`, `user_id`, `like_type`) VALUES ('239', '1', 1);
INSERT INTO `posts_likes` (`post_id`, `user_id`, `like_type`) VALUES ('239', '9', 1);
INSERT INTO `posts_likes` (`post_id`, `user_id`, `like_type`) VALUES ('239', '68', 1);
INSERT INTO `posts_likes` (`post_id`, `user_id`, `like_type`) VALUES ('240', '35', 1);
INSERT INTO `posts_likes` (`post_id`, `user_id`, `like_type`) VALUES ('240', '100', 1);
INSERT INTO `posts_likes` (`post_id`, `user_id`, `like_type`) VALUES ('241', '34', 1);
INSERT INTO `posts_likes` (`post_id`, `user_id`, `like_type`) VALUES ('241', '65', 1);
INSERT INTO `posts_likes` (`post_id`, `user_id`, `like_type`) VALUES ('242', '52', 1);
INSERT INTO `posts_likes` (`post_id`, `user_id`, `like_type`) VALUES ('243', '47', 1);
INSERT INTO `posts_likes` (`post_id`, `user_id`, `like_type`) VALUES ('244', '38', 1);
INSERT INTO `posts_likes` (`post_id`, `user_id`, `like_type`) VALUES ('245', '1', 1);
INSERT INTO `posts_likes` (`post_id`, `user_id`, `like_type`) VALUES ('245', '35', 1);
INSERT INTO `posts_likes` (`post_id`, `user_id`, `like_type`) VALUES ('245', '83', 1);
INSERT INTO `posts_likes` (`post_id`, `user_id`, `like_type`) VALUES ('246', '27', 1);
INSERT INTO `posts_likes` (`post_id`, `user_id`, `like_type`) VALUES ('247', '5', 1);
INSERT INTO `posts_likes` (`post_id`, `user_id`, `like_type`) VALUES ('247', '65', 1);
INSERT INTO `posts_likes` (`post_id`, `user_id`, `like_type`) VALUES ('248', '11', 1);
INSERT INTO `posts_likes` (`post_id`, `user_id`, `like_type`) VALUES ('249', '77', 1);
INSERT INTO `posts_likes` (`post_id`, `user_id`, `like_type`) VALUES ('250', '44', 1);
INSERT INTO `posts_likes` (`post_id`, `user_id`, `like_type`) VALUES ('251', '77', 1);
INSERT INTO `posts_likes` (`post_id`, `user_id`, `like_type`) VALUES ('252', '41', 1);
INSERT INTO `posts_likes` (`post_id`, `user_id`, `like_type`) VALUES ('254', '42', 1);
INSERT INTO `posts_likes` (`post_id`, `user_id`, `like_type`) VALUES ('254', '61', 1);
INSERT INTO `posts_likes` (`post_id`, `user_id`, `like_type`) VALUES ('254', '71', 1);
INSERT INTO `posts_likes` (`post_id`, `user_id`, `like_type`) VALUES ('256', '16', 1);
INSERT INTO `posts_likes` (`post_id`, `user_id`, `like_type`) VALUES ('257', '25', 1);
INSERT INTO `posts_likes` (`post_id`, `user_id`, `like_type`) VALUES ('257', '60', 1);
INSERT INTO `posts_likes` (`post_id`, `user_id`, `like_type`) VALUES ('258', '33', 1);
INSERT INTO `posts_likes` (`post_id`, `user_id`, `like_type`) VALUES ('258', '79', 1);
INSERT INTO `posts_likes` (`post_id`, `user_id`, `like_type`) VALUES ('259', '43', 1);
INSERT INTO `posts_likes` (`post_id`, `user_id`, `like_type`) VALUES ('260', '13', 1);
INSERT INTO `posts_likes` (`post_id`, `user_id`, `like_type`) VALUES ('261', '66', 1);
INSERT INTO `posts_likes` (`post_id`, `user_id`, `like_type`) VALUES ('261', '84', 1);
INSERT INTO `posts_likes` (`post_id`, `user_id`, `like_type`) VALUES ('262', '76', 1);
INSERT INTO `posts_likes` (`post_id`, `user_id`, `like_type`) VALUES ('263', '14', 1);
INSERT INTO `posts_likes` (`post_id`, `user_id`, `like_type`) VALUES ('263', '42', 1);
INSERT INTO `posts_likes` (`post_id`, `user_id`, `like_type`) VALUES ('264', '52', 1);
INSERT INTO `posts_likes` (`post_id`, `user_id`, `like_type`) VALUES ('264', '71', 1);
INSERT INTO `posts_likes` (`post_id`, `user_id`, `like_type`) VALUES ('266', '1', 1);
INSERT INTO `posts_likes` (`post_id`, `user_id`, `like_type`) VALUES ('266', '58', 1);
INSERT INTO `posts_likes` (`post_id`, `user_id`, `like_type`) VALUES ('266', '67', 1);
INSERT INTO `posts_likes` (`post_id`, `user_id`, `like_type`) VALUES ('266', '97', 1);
INSERT INTO `posts_likes` (`post_id`, `user_id`, `like_type`) VALUES ('267', '65', 1);
INSERT INTO `posts_likes` (`post_id`, `user_id`, `like_type`) VALUES ('268', '68', 1);
INSERT INTO `posts_likes` (`post_id`, `user_id`, `like_type`) VALUES ('270', '74', 1);
INSERT INTO `posts_likes` (`post_id`, `user_id`, `like_type`) VALUES ('271', '74', 1);
INSERT INTO `posts_likes` (`post_id`, `user_id`, `like_type`) VALUES ('272', '13', 1);
INSERT INTO `posts_likes` (`post_id`, `user_id`, `like_type`) VALUES ('272', '65', 1);
INSERT INTO `posts_likes` (`post_id`, `user_id`, `like_type`) VALUES ('274', '11', 1);
INSERT INTO `posts_likes` (`post_id`, `user_id`, `like_type`) VALUES ('274', '25', 1);
INSERT INTO `posts_likes` (`post_id`, `user_id`, `like_type`) VALUES ('274', '67', 1);
INSERT INTO `posts_likes` (`post_id`, `user_id`, `like_type`) VALUES ('274', '69', 1);
INSERT INTO `posts_likes` (`post_id`, `user_id`, `like_type`) VALUES ('275', '8', 1);
INSERT INTO `posts_likes` (`post_id`, `user_id`, `like_type`) VALUES ('275', '35', 1);
INSERT INTO `posts_likes` (`post_id`, `user_id`, `like_type`) VALUES ('275', '83', 1);
INSERT INTO `posts_likes` (`post_id`, `user_id`, `like_type`) VALUES ('277', '70', 1);
INSERT INTO `posts_likes` (`post_id`, `user_id`, `like_type`) VALUES ('278', '20', 1);
INSERT INTO `posts_likes` (`post_id`, `user_id`, `like_type`) VALUES ('278', '49', 1);
INSERT INTO `posts_likes` (`post_id`, `user_id`, `like_type`) VALUES ('278', '58', 1);
INSERT INTO `posts_likes` (`post_id`, `user_id`, `like_type`) VALUES ('278', '100', 1);
INSERT INTO `posts_likes` (`post_id`, `user_id`, `like_type`) VALUES ('279', '16', 1);
INSERT INTO `posts_likes` (`post_id`, `user_id`, `like_type`) VALUES ('279', '47', 1);
INSERT INTO `posts_likes` (`post_id`, `user_id`, `like_type`) VALUES ('279', '95', 1);
INSERT INTO `posts_likes` (`post_id`, `user_id`, `like_type`) VALUES ('280', '12', 1);
INSERT INTO `posts_likes` (`post_id`, `user_id`, `like_type`) VALUES ('280', '24', 1);
INSERT INTO `posts_likes` (`post_id`, `user_id`, `like_type`) VALUES ('281', '42', 1);
INSERT INTO `posts_likes` (`post_id`, `user_id`, `like_type`) VALUES ('282', '56', 1);
INSERT INTO `posts_likes` (`post_id`, `user_id`, `like_type`) VALUES ('283', '58', 1);
INSERT INTO `posts_likes` (`post_id`, `user_id`, `like_type`) VALUES ('284', '39', 1);
INSERT INTO `posts_likes` (`post_id`, `user_id`, `like_type`) VALUES ('284', '45', 1);
INSERT INTO `posts_likes` (`post_id`, `user_id`, `like_type`) VALUES ('284', '72', 1);
INSERT INTO `posts_likes` (`post_id`, `user_id`, `like_type`) VALUES ('284', '86', 1);
INSERT INTO `posts_likes` (`post_id`, `user_id`, `like_type`) VALUES ('285', '94', 1);
INSERT INTO `posts_likes` (`post_id`, `user_id`, `like_type`) VALUES ('286', '26', 1);
INSERT INTO `posts_likes` (`post_id`, `user_id`, `like_type`) VALUES ('289', '15', 1);
INSERT INTO `posts_likes` (`post_id`, `user_id`, `like_type`) VALUES ('290', '3', 1);
INSERT INTO `posts_likes` (`post_id`, `user_id`, `like_type`) VALUES ('290', '17', 1);
INSERT INTO `posts_likes` (`post_id`, `user_id`, `like_type`) VALUES ('290', '56', 1);
INSERT INTO `posts_likes` (`post_id`, `user_id`, `like_type`) VALUES ('291', '38', 1);
INSERT INTO `posts_likes` (`post_id`, `user_id`, `like_type`) VALUES ('291', '42', 1);
INSERT INTO `posts_likes` (`post_id`, `user_id`, `like_type`) VALUES ('292', '10', 1);
INSERT INTO `posts_likes` (`post_id`, `user_id`, `like_type`) VALUES ('293', '38', 1);
INSERT INTO `posts_likes` (`post_id`, `user_id`, `like_type`) VALUES ('295', '28', 1);
INSERT INTO `posts_likes` (`post_id`, `user_id`, `like_type`) VALUES ('297', '11', 1);
INSERT INTO `posts_likes` (`post_id`, `user_id`, `like_type`) VALUES ('298', '66', 1);
INSERT INTO `posts_likes` (`post_id`, `user_id`, `like_type`) VALUES ('298', '72', 1);
INSERT INTO `posts_likes` (`post_id`, `user_id`, `like_type`) VALUES ('299', '65', 1);
INSERT INTO `posts_likes` (`post_id`, `user_id`, `like_type`) VALUES ('299', '86', 1);
INSERT INTO `posts_likes` (`post_id`, `user_id`, `like_type`) VALUES ('301', '57', 1);
INSERT INTO `posts_likes` (`post_id`, `user_id`, `like_type`) VALUES ('301', '59', 1);
INSERT INTO `posts_likes` (`post_id`, `user_id`, `like_type`) VALUES ('303', '32', 1);
INSERT INTO `posts_likes` (`post_id`, `user_id`, `like_type`) VALUES ('303', '33', 1);
INSERT INTO `posts_likes` (`post_id`, `user_id`, `like_type`) VALUES ('304', '75', 1);
INSERT INTO `posts_likes` (`post_id`, `user_id`, `like_type`) VALUES ('304', '79', 1);
INSERT INTO `posts_likes` (`post_id`, `user_id`, `like_type`) VALUES ('305', '8', 1);
INSERT INTO `posts_likes` (`post_id`, `user_id`, `like_type`) VALUES ('305', '86', 1);
INSERT INTO `posts_likes` (`post_id`, `user_id`, `like_type`) VALUES ('306', '79', 1);
INSERT INTO `posts_likes` (`post_id`, `user_id`, `like_type`) VALUES ('307', '39', 1);
INSERT INTO `posts_likes` (`post_id`, `user_id`, `like_type`) VALUES ('307', '65', 1);
INSERT INTO `posts_likes` (`post_id`, `user_id`, `like_type`) VALUES ('307', '92', 1);
INSERT INTO `posts_likes` (`post_id`, `user_id`, `like_type`) VALUES ('308', '31', 1);
INSERT INTO `posts_likes` (`post_id`, `user_id`, `like_type`) VALUES ('308', '32', 1);
INSERT INTO `posts_likes` (`post_id`, `user_id`, `like_type`) VALUES ('309', '47', 1);
INSERT INTO `posts_likes` (`post_id`, `user_id`, `like_type`) VALUES ('309', '73', 1);
INSERT INTO `posts_likes` (`post_id`, `user_id`, `like_type`) VALUES ('310', '77', 1);
INSERT INTO `posts_likes` (`post_id`, `user_id`, `like_type`) VALUES ('312', '75', 1);
INSERT INTO `posts_likes` (`post_id`, `user_id`, `like_type`) VALUES ('315', '77', 1);
INSERT INTO `posts_likes` (`post_id`, `user_id`, `like_type`) VALUES ('316', '65', 1);
INSERT INTO `posts_likes` (`post_id`, `user_id`, `like_type`) VALUES ('316', '83', 1);
INSERT INTO `posts_likes` (`post_id`, `user_id`, `like_type`) VALUES ('317', '66', 1);
INSERT INTO `posts_likes` (`post_id`, `user_id`, `like_type`) VALUES ('318', '77', 1);
INSERT INTO `posts_likes` (`post_id`, `user_id`, `like_type`) VALUES ('319', '47', 1);
INSERT INTO `posts_likes` (`post_id`, `user_id`, `like_type`) VALUES ('319', '68', 1);
INSERT INTO `posts_likes` (`post_id`, `user_id`, `like_type`) VALUES ('319', '74', 1);
INSERT INTO `posts_likes` (`post_id`, `user_id`, `like_type`) VALUES ('320', '26', 1);
INSERT INTO `posts_likes` (`post_id`, `user_id`, `like_type`) VALUES ('321', '9', 1);
INSERT INTO `posts_likes` (`post_id`, `user_id`, `like_type`) VALUES ('321', '22', 1);
INSERT INTO `posts_likes` (`post_id`, `user_id`, `like_type`) VALUES ('321', '99', 1);
INSERT INTO `posts_likes` (`post_id`, `user_id`, `like_type`) VALUES ('322', '3', 1);
INSERT INTO `posts_likes` (`post_id`, `user_id`, `like_type`) VALUES ('323', '5', 1);
INSERT INTO `posts_likes` (`post_id`, `user_id`, `like_type`) VALUES ('323', '40', 1);
INSERT INTO `posts_likes` (`post_id`, `user_id`, `like_type`) VALUES ('323', '99', 1);
INSERT INTO `posts_likes` (`post_id`, `user_id`, `like_type`) VALUES ('325', '44', 1);
INSERT INTO `posts_likes` (`post_id`, `user_id`, `like_type`) VALUES ('326', '13', 1);
INSERT INTO `posts_likes` (`post_id`, `user_id`, `like_type`) VALUES ('326', '42', 1);
INSERT INTO `posts_likes` (`post_id`, `user_id`, `like_type`) VALUES ('328', '6', 1);
INSERT INTO `posts_likes` (`post_id`, `user_id`, `like_type`) VALUES ('328', '32', 1);
INSERT INTO `posts_likes` (`post_id`, `user_id`, `like_type`) VALUES ('328', '38', 1);
INSERT INTO `posts_likes` (`post_id`, `user_id`, `like_type`) VALUES ('329', '45', 1);
INSERT INTO `posts_likes` (`post_id`, `user_id`, `like_type`) VALUES ('330', '15', 1);
INSERT INTO `posts_likes` (`post_id`, `user_id`, `like_type`) VALUES ('330', '68', 1);
INSERT INTO `posts_likes` (`post_id`, `user_id`, `like_type`) VALUES ('331', '23', 1);
INSERT INTO `posts_likes` (`post_id`, `user_id`, `like_type`) VALUES ('331', '33', 1);
INSERT INTO `posts_likes` (`post_id`, `user_id`, `like_type`) VALUES ('331', '34', 1);
INSERT INTO `posts_likes` (`post_id`, `user_id`, `like_type`) VALUES ('332', '30', 1);
INSERT INTO `posts_likes` (`post_id`, `user_id`, `like_type`) VALUES ('332', '76', 1);
INSERT INTO `posts_likes` (`post_id`, `user_id`, `like_type`) VALUES ('332', '84', 1);
INSERT INTO `posts_likes` (`post_id`, `user_id`, `like_type`) VALUES ('333', '60', 1);
INSERT INTO `posts_likes` (`post_id`, `user_id`, `like_type`) VALUES ('335', '43', 1);
INSERT INTO `posts_likes` (`post_id`, `user_id`, `like_type`) VALUES ('335', '92', 1);
INSERT INTO `posts_likes` (`post_id`, `user_id`, `like_type`) VALUES ('336', '75', 1);
INSERT INTO `posts_likes` (`post_id`, `user_id`, `like_type`) VALUES ('337', '73', 1);
INSERT INTO `posts_likes` (`post_id`, `user_id`, `like_type`) VALUES ('337', '92', 1);
INSERT INTO `posts_likes` (`post_id`, `user_id`, `like_type`) VALUES ('339', '30', 1);
INSERT INTO `posts_likes` (`post_id`, `user_id`, `like_type`) VALUES ('339', '65', 1);
INSERT INTO `posts_likes` (`post_id`, `user_id`, `like_type`) VALUES ('339', '88', 1);
INSERT INTO `posts_likes` (`post_id`, `user_id`, `like_type`) VALUES ('339', '93', 1);
INSERT INTO `posts_likes` (`post_id`, `user_id`, `like_type`) VALUES ('339', '94', 1);
INSERT INTO `posts_likes` (`post_id`, `user_id`, `like_type`) VALUES ('340', '1', 1);
INSERT INTO `posts_likes` (`post_id`, `user_id`, `like_type`) VALUES ('340', '85', 1);
INSERT INTO `posts_likes` (`post_id`, `user_id`, `like_type`) VALUES ('341', '92', 1);
INSERT INTO `posts_likes` (`post_id`, `user_id`, `like_type`) VALUES ('342', '37', 1);
INSERT INTO `posts_likes` (`post_id`, `user_id`, `like_type`) VALUES ('344', '20', 1);
INSERT INTO `posts_likes` (`post_id`, `user_id`, `like_type`) VALUES ('345', '28', 1);
INSERT INTO `posts_likes` (`post_id`, `user_id`, `like_type`) VALUES ('345', '61', 1);
INSERT INTO `posts_likes` (`post_id`, `user_id`, `like_type`) VALUES ('345', '100', 1);
INSERT INTO `posts_likes` (`post_id`, `user_id`, `like_type`) VALUES ('346', '10', 1);
INSERT INTO `posts_likes` (`post_id`, `user_id`, `like_type`) VALUES ('346', '40', 1);
INSERT INTO `posts_likes` (`post_id`, `user_id`, `like_type`) VALUES ('347', '93', 1);
INSERT INTO `posts_likes` (`post_id`, `user_id`, `like_type`) VALUES ('348', '12', 1);
INSERT INTO `posts_likes` (`post_id`, `user_id`, `like_type`) VALUES ('348', '13', 1);
INSERT INTO `posts_likes` (`post_id`, `user_id`, `like_type`) VALUES ('348', '49', 1);
INSERT INTO `posts_likes` (`post_id`, `user_id`, `like_type`) VALUES ('348', '76', 1);
INSERT INTO `posts_likes` (`post_id`, `user_id`, `like_type`) VALUES ('350', '8', 1);
INSERT INTO `posts_likes` (`post_id`, `user_id`, `like_type`) VALUES ('350', '34', 1);
INSERT INTO `posts_likes` (`post_id`, `user_id`, `like_type`) VALUES ('350', '87', 1);
INSERT INTO `posts_likes` (`post_id`, `user_id`, `like_type`) VALUES ('352', '62', 1);
INSERT INTO `posts_likes` (`post_id`, `user_id`, `like_type`) VALUES ('353', '91', 1);
INSERT INTO `posts_likes` (`post_id`, `user_id`, `like_type`) VALUES ('354', '2', 1);
INSERT INTO `posts_likes` (`post_id`, `user_id`, `like_type`) VALUES ('354', '53', 1);
INSERT INTO `posts_likes` (`post_id`, `user_id`, `like_type`) VALUES ('354', '88', 1);
INSERT INTO `posts_likes` (`post_id`, `user_id`, `like_type`) VALUES ('356', '31', 1);
INSERT INTO `posts_likes` (`post_id`, `user_id`, `like_type`) VALUES ('356', '53', 1);
INSERT INTO `posts_likes` (`post_id`, `user_id`, `like_type`) VALUES ('356', '90', 1);
INSERT INTO `posts_likes` (`post_id`, `user_id`, `like_type`) VALUES ('357', '87', 1);
INSERT INTO `posts_likes` (`post_id`, `user_id`, `like_type`) VALUES ('358', '19', 1);
INSERT INTO `posts_likes` (`post_id`, `user_id`, `like_type`) VALUES ('358', '90', 1);
INSERT INTO `posts_likes` (`post_id`, `user_id`, `like_type`) VALUES ('359', '40', 1);
INSERT INTO `posts_likes` (`post_id`, `user_id`, `like_type`) VALUES ('359', '51', 1);
INSERT INTO `posts_likes` (`post_id`, `user_id`, `like_type`) VALUES ('359', '60', 1);
INSERT INTO `posts_likes` (`post_id`, `user_id`, `like_type`) VALUES ('359', '95', 1);
INSERT INTO `posts_likes` (`post_id`, `user_id`, `like_type`) VALUES ('360', '50', 1);
INSERT INTO `posts_likes` (`post_id`, `user_id`, `like_type`) VALUES ('360', '53', 1);
INSERT INTO `posts_likes` (`post_id`, `user_id`, `like_type`) VALUES ('360', '95', 1);
INSERT INTO `posts_likes` (`post_id`, `user_id`, `like_type`) VALUES ('361', '28', 1);
INSERT INTO `posts_likes` (`post_id`, `user_id`, `like_type`) VALUES ('361', '37', 1);
INSERT INTO `posts_likes` (`post_id`, `user_id`, `like_type`) VALUES ('361', '63', 1);
INSERT INTO `posts_likes` (`post_id`, `user_id`, `like_type`) VALUES ('361', '80', 1);
INSERT INTO `posts_likes` (`post_id`, `user_id`, `like_type`) VALUES ('363', '29', 1);
INSERT INTO `posts_likes` (`post_id`, `user_id`, `like_type`) VALUES ('363', '78', 1);
INSERT INTO `posts_likes` (`post_id`, `user_id`, `like_type`) VALUES ('364', '35', 1);
INSERT INTO `posts_likes` (`post_id`, `user_id`, `like_type`) VALUES ('367', '9', 1);
INSERT INTO `posts_likes` (`post_id`, `user_id`, `like_type`) VALUES ('367', '15', 1);
INSERT INTO `posts_likes` (`post_id`, `user_id`, `like_type`) VALUES ('368', '90', 1);
INSERT INTO `posts_likes` (`post_id`, `user_id`, `like_type`) VALUES ('370', '66', 1);
INSERT INTO `posts_likes` (`post_id`, `user_id`, `like_type`) VALUES ('370', '88', 1);
INSERT INTO `posts_likes` (`post_id`, `user_id`, `like_type`) VALUES ('370', '98', 1);
INSERT INTO `posts_likes` (`post_id`, `user_id`, `like_type`) VALUES ('371', '16', 1);
INSERT INTO `posts_likes` (`post_id`, `user_id`, `like_type`) VALUES ('371', '77', 1);
INSERT INTO `posts_likes` (`post_id`, `user_id`, `like_type`) VALUES ('371', '84', 1);
INSERT INTO `posts_likes` (`post_id`, `user_id`, `like_type`) VALUES ('372', '68', 1);
INSERT INTO `posts_likes` (`post_id`, `user_id`, `like_type`) VALUES ('372', '79', 1);
INSERT INTO `posts_likes` (`post_id`, `user_id`, `like_type`) VALUES ('372', '95', 1);
INSERT INTO `posts_likes` (`post_id`, `user_id`, `like_type`) VALUES ('372', '98', 1);
INSERT INTO `posts_likes` (`post_id`, `user_id`, `like_type`) VALUES ('373', '3', 1);
INSERT INTO `posts_likes` (`post_id`, `user_id`, `like_type`) VALUES ('373', '11', 1);
INSERT INTO `posts_likes` (`post_id`, `user_id`, `like_type`) VALUES ('373', '44', 1);
INSERT INTO `posts_likes` (`post_id`, `user_id`, `like_type`) VALUES ('374', '100', 1);
INSERT INTO `posts_likes` (`post_id`, `user_id`, `like_type`) VALUES ('375', '8', 1);
INSERT INTO `posts_likes` (`post_id`, `user_id`, `like_type`) VALUES ('375', '69', 1);
INSERT INTO `posts_likes` (`post_id`, `user_id`, `like_type`) VALUES ('376', '81', 1);
INSERT INTO `posts_likes` (`post_id`, `user_id`, `like_type`) VALUES ('377', '4', 1);
INSERT INTO `posts_likes` (`post_id`, `user_id`, `like_type`) VALUES ('377', '33', 1);
INSERT INTO `posts_likes` (`post_id`, `user_id`, `like_type`) VALUES ('377', '52', 1);
INSERT INTO `posts_likes` (`post_id`, `user_id`, `like_type`) VALUES ('377', '58', 1);
INSERT INTO `posts_likes` (`post_id`, `user_id`, `like_type`) VALUES ('378', '96', 1);
INSERT INTO `posts_likes` (`post_id`, `user_id`, `like_type`) VALUES ('379', '96', 1);
INSERT INTO `posts_likes` (`post_id`, `user_id`, `like_type`) VALUES ('381', '64', 1);
INSERT INTO `posts_likes` (`post_id`, `user_id`, `like_type`) VALUES ('381', '71', 1);
INSERT INTO `posts_likes` (`post_id`, `user_id`, `like_type`) VALUES ('381', '78', 1);
INSERT INTO `posts_likes` (`post_id`, `user_id`, `like_type`) VALUES ('382', '17', 1);
INSERT INTO `posts_likes` (`post_id`, `user_id`, `like_type`) VALUES ('382', '29', 1);
INSERT INTO `posts_likes` (`post_id`, `user_id`, `like_type`) VALUES ('382', '48', 1);
INSERT INTO `posts_likes` (`post_id`, `user_id`, `like_type`) VALUES ('382', '86', 1);
INSERT INTO `posts_likes` (`post_id`, `user_id`, `like_type`) VALUES ('383', '45', 1);
INSERT INTO `posts_likes` (`post_id`, `user_id`, `like_type`) VALUES ('388', '68', 1);
INSERT INTO `posts_likes` (`post_id`, `user_id`, `like_type`) VALUES ('389', '75', 1);
INSERT INTO `posts_likes` (`post_id`, `user_id`, `like_type`) VALUES ('389', '97', 1);
INSERT INTO `posts_likes` (`post_id`, `user_id`, `like_type`) VALUES ('390', '50', 1);
INSERT INTO `posts_likes` (`post_id`, `user_id`, `like_type`) VALUES ('390', '60', 1);
INSERT INTO `posts_likes` (`post_id`, `user_id`, `like_type`) VALUES ('390', '76', 1);
INSERT INTO `posts_likes` (`post_id`, `user_id`, `like_type`) VALUES ('393', '69', 1);
INSERT INTO `posts_likes` (`post_id`, `user_id`, `like_type`) VALUES ('393', '92', 1);
INSERT INTO `posts_likes` (`post_id`, `user_id`, `like_type`) VALUES ('396', '90', 1);
INSERT INTO `posts_likes` (`post_id`, `user_id`, `like_type`) VALUES ('396', '91', 1);
INSERT INTO `posts_likes` (`post_id`, `user_id`, `like_type`) VALUES ('397', '46', 1);
INSERT INTO `posts_likes` (`post_id`, `user_id`, `like_type`) VALUES ('398', '7', 1);
INSERT INTO `posts_likes` (`post_id`, `user_id`, `like_type`) VALUES ('399', '80', 1);
INSERT INTO `posts_likes` (`post_id`, `user_id`, `like_type`) VALUES ('400', '46', 1);
INSERT INTO `posts_likes` (`post_id`, `user_id`, `like_type`) VALUES ('401', '39', 1);
INSERT INTO `posts_likes` (`post_id`, `user_id`, `like_type`) VALUES ('401', '89', 1);
INSERT INTO `posts_likes` (`post_id`, `user_id`, `like_type`) VALUES ('401', '91', 1);
INSERT INTO `posts_likes` (`post_id`, `user_id`, `like_type`) VALUES ('402', '52', 1);
INSERT INTO `posts_likes` (`post_id`, `user_id`, `like_type`) VALUES ('403', '40', 1);
INSERT INTO `posts_likes` (`post_id`, `user_id`, `like_type`) VALUES ('404', '91', 1);
INSERT INTO `posts_likes` (`post_id`, `user_id`, `like_type`) VALUES ('405', '41', 1);
INSERT INTO `posts_likes` (`post_id`, `user_id`, `like_type`) VALUES ('405', '53', 1);
INSERT INTO `posts_likes` (`post_id`, `user_id`, `like_type`) VALUES ('408', '27', 1);
INSERT INTO `posts_likes` (`post_id`, `user_id`, `like_type`) VALUES ('408', '47', 1);
INSERT INTO `posts_likes` (`post_id`, `user_id`, `like_type`) VALUES ('408', '67', 1);
INSERT INTO `posts_likes` (`post_id`, `user_id`, `like_type`) VALUES ('409', '76', 1);
INSERT INTO `posts_likes` (`post_id`, `user_id`, `like_type`) VALUES ('411', '57', 1);
INSERT INTO `posts_likes` (`post_id`, `user_id`, `like_type`) VALUES ('413', '72', 1);
INSERT INTO `posts_likes` (`post_id`, `user_id`, `like_type`) VALUES ('414', '19', 1);
INSERT INTO `posts_likes` (`post_id`, `user_id`, `like_type`) VALUES ('415', '80', 1);
INSERT INTO `posts_likes` (`post_id`, `user_id`, `like_type`) VALUES ('418', '96', 1);
INSERT INTO `posts_likes` (`post_id`, `user_id`, `like_type`) VALUES ('420', '79', 1);
INSERT INTO `posts_likes` (`post_id`, `user_id`, `like_type`) VALUES ('421', '61', 1);
INSERT INTO `posts_likes` (`post_id`, `user_id`, `like_type`) VALUES ('421', '69', 1);
INSERT INTO `posts_likes` (`post_id`, `user_id`, `like_type`) VALUES ('421', '79', 1);
INSERT INTO `posts_likes` (`post_id`, `user_id`, `like_type`) VALUES ('422', '71', 1);
INSERT INTO `posts_likes` (`post_id`, `user_id`, `like_type`) VALUES ('423', '82', 1);
INSERT INTO `posts_likes` (`post_id`, `user_id`, `like_type`) VALUES ('424', '88', 1);
INSERT INTO `posts_likes` (`post_id`, `user_id`, `like_type`) VALUES ('426', '39', 1);
INSERT INTO `posts_likes` (`post_id`, `user_id`, `like_type`) VALUES ('426', '45', 1);
INSERT INTO `posts_likes` (`post_id`, `user_id`, `like_type`) VALUES ('426', '66', 1);
INSERT INTO `posts_likes` (`post_id`, `user_id`, `like_type`) VALUES ('427', '81', 1);
INSERT INTO `posts_likes` (`post_id`, `user_id`, `like_type`) VALUES ('429', '51', 1);
INSERT INTO `posts_likes` (`post_id`, `user_id`, `like_type`) VALUES ('432', '6', 1);
INSERT INTO `posts_likes` (`post_id`, `user_id`, `like_type`) VALUES ('432', '39', 1);
INSERT INTO `posts_likes` (`post_id`, `user_id`, `like_type`) VALUES ('433', '2', 1);
INSERT INTO `posts_likes` (`post_id`, `user_id`, `like_type`) VALUES ('433', '77', 1);
INSERT INTO `posts_likes` (`post_id`, `user_id`, `like_type`) VALUES ('434', '32', 1);
INSERT INTO `posts_likes` (`post_id`, `user_id`, `like_type`) VALUES ('434', '33', 1);
INSERT INTO `posts_likes` (`post_id`, `user_id`, `like_type`) VALUES ('434', '34', 1);
INSERT INTO `posts_likes` (`post_id`, `user_id`, `like_type`) VALUES ('434', '43', 1);
INSERT INTO `posts_likes` (`post_id`, `user_id`, `like_type`) VALUES ('434', '49', 1);
INSERT INTO `posts_likes` (`post_id`, `user_id`, `like_type`) VALUES ('434', '88', 1);
INSERT INTO `posts_likes` (`post_id`, `user_id`, `like_type`) VALUES ('434', '99', 1);
INSERT INTO `posts_likes` (`post_id`, `user_id`, `like_type`) VALUES ('435', '59', 1);
INSERT INTO `posts_likes` (`post_id`, `user_id`, `like_type`) VALUES ('435', '84', 1);
INSERT INTO `posts_likes` (`post_id`, `user_id`, `like_type`) VALUES ('436', '97', 1);
INSERT INTO `posts_likes` (`post_id`, `user_id`, `like_type`) VALUES ('437', '46', 1);
INSERT INTO `posts_likes` (`post_id`, `user_id`, `like_type`) VALUES ('437', '55', 1);
INSERT INTO `posts_likes` (`post_id`, `user_id`, `like_type`) VALUES ('438', '9', 1);
INSERT INTO `posts_likes` (`post_id`, `user_id`, `like_type`) VALUES ('438', '54', 1);
INSERT INTO `posts_likes` (`post_id`, `user_id`, `like_type`) VALUES ('438', '94', 1);
INSERT INTO `posts_likes` (`post_id`, `user_id`, `like_type`) VALUES ('439', '9', 1);
INSERT INTO `posts_likes` (`post_id`, `user_id`, `like_type`) VALUES ('439', '58', 1);
INSERT INTO `posts_likes` (`post_id`, `user_id`, `like_type`) VALUES ('441', '26', 1);
INSERT INTO `posts_likes` (`post_id`, `user_id`, `like_type`) VALUES ('442', '37', 1);
INSERT INTO `posts_likes` (`post_id`, `user_id`, `like_type`) VALUES ('442', '45', 1);
INSERT INTO `posts_likes` (`post_id`, `user_id`, `like_type`) VALUES ('442', '77', 1);
INSERT INTO `posts_likes` (`post_id`, `user_id`, `like_type`) VALUES ('443', '82', 1);
INSERT INTO `posts_likes` (`post_id`, `user_id`, `like_type`) VALUES ('443', '84', 1);
INSERT INTO `posts_likes` (`post_id`, `user_id`, `like_type`) VALUES ('443', '88', 1);
INSERT INTO `posts_likes` (`post_id`, `user_id`, `like_type`) VALUES ('444', '17', 1);
INSERT INTO `posts_likes` (`post_id`, `user_id`, `like_type`) VALUES ('444', '19', 1);
INSERT INTO `posts_likes` (`post_id`, `user_id`, `like_type`) VALUES ('444', '35', 1);
INSERT INTO `posts_likes` (`post_id`, `user_id`, `like_type`) VALUES ('445', '89', 1);
INSERT INTO `posts_likes` (`post_id`, `user_id`, `like_type`) VALUES ('446', '86', 1);
INSERT INTO `posts_likes` (`post_id`, `user_id`, `like_type`) VALUES ('448', '8', 1);
INSERT INTO `posts_likes` (`post_id`, `user_id`, `like_type`) VALUES ('449', '5', 1);
INSERT INTO `posts_likes` (`post_id`, `user_id`, `like_type`) VALUES ('449', '46', 1);
INSERT INTO `posts_likes` (`post_id`, `user_id`, `like_type`) VALUES ('449', '88', 1);
INSERT INTO `posts_likes` (`post_id`, `user_id`, `like_type`) VALUES ('450', '47', 1);
INSERT INTO `posts_likes` (`post_id`, `user_id`, `like_type`) VALUES ('450', '88', 1);
INSERT INTO `posts_likes` (`post_id`, `user_id`, `like_type`) VALUES ('452', '96', 1);
INSERT INTO `posts_likes` (`post_id`, `user_id`, `like_type`) VALUES ('453', '20', 1);
INSERT INTO `posts_likes` (`post_id`, `user_id`, `like_type`) VALUES ('453', '35', 1);
INSERT INTO `posts_likes` (`post_id`, `user_id`, `like_type`) VALUES ('453', '61', 1);
INSERT INTO `posts_likes` (`post_id`, `user_id`, `like_type`) VALUES ('455', '58', 1);
INSERT INTO `posts_likes` (`post_id`, `user_id`, `like_type`) VALUES ('455', '84', 1);
INSERT INTO `posts_likes` (`post_id`, `user_id`, `like_type`) VALUES ('456', '78', 1);
INSERT INTO `posts_likes` (`post_id`, `user_id`, `like_type`) VALUES ('456', '98', 1);
INSERT INTO `posts_likes` (`post_id`, `user_id`, `like_type`) VALUES ('457', '1', 1);
INSERT INTO `posts_likes` (`post_id`, `user_id`, `like_type`) VALUES ('457', '29', 1);
INSERT INTO `posts_likes` (`post_id`, `user_id`, `like_type`) VALUES ('457', '35', 1);
INSERT INTO `posts_likes` (`post_id`, `user_id`, `like_type`) VALUES ('457', '47', 1);
INSERT INTO `posts_likes` (`post_id`, `user_id`, `like_type`) VALUES ('457', '57', 1);
INSERT INTO `posts_likes` (`post_id`, `user_id`, `like_type`) VALUES ('457', '68', 1);
INSERT INTO `posts_likes` (`post_id`, `user_id`, `like_type`) VALUES ('457', '90', 1);
INSERT INTO `posts_likes` (`post_id`, `user_id`, `like_type`) VALUES ('458', '17', 1);
INSERT INTO `posts_likes` (`post_id`, `user_id`, `like_type`) VALUES ('459', '72', 1);
INSERT INTO `posts_likes` (`post_id`, `user_id`, `like_type`) VALUES ('460', '75', 1);
INSERT INTO `posts_likes` (`post_id`, `user_id`, `like_type`) VALUES ('461', '49', 1);
INSERT INTO `posts_likes` (`post_id`, `user_id`, `like_type`) VALUES ('461', '53', 1);
INSERT INTO `posts_likes` (`post_id`, `user_id`, `like_type`) VALUES ('462', '21', 1);
INSERT INTO `posts_likes` (`post_id`, `user_id`, `like_type`) VALUES ('462', '47', 1);
INSERT INTO `posts_likes` (`post_id`, `user_id`, `like_type`) VALUES ('462', '92', 1);
INSERT INTO `posts_likes` (`post_id`, `user_id`, `like_type`) VALUES ('463', '44', 1);
INSERT INTO `posts_likes` (`post_id`, `user_id`, `like_type`) VALUES ('465', '39', 1);
INSERT INTO `posts_likes` (`post_id`, `user_id`, `like_type`) VALUES ('467', '16', 1);
INSERT INTO `posts_likes` (`post_id`, `user_id`, `like_type`) VALUES ('468', '28', 1);
INSERT INTO `posts_likes` (`post_id`, `user_id`, `like_type`) VALUES ('469', '10', 1);
INSERT INTO `posts_likes` (`post_id`, `user_id`, `like_type`) VALUES ('469', '93', 1);
INSERT INTO `posts_likes` (`post_id`, `user_id`, `like_type`) VALUES ('470', '24', 1);
INSERT INTO `posts_likes` (`post_id`, `user_id`, `like_type`) VALUES ('470', '52', 1);
INSERT INTO `posts_likes` (`post_id`, `user_id`, `like_type`) VALUES ('470', '57', 1);
INSERT INTO `posts_likes` (`post_id`, `user_id`, `like_type`) VALUES ('471', '30', 1);
INSERT INTO `posts_likes` (`post_id`, `user_id`, `like_type`) VALUES ('471', '45', 1);
INSERT INTO `posts_likes` (`post_id`, `user_id`, `like_type`) VALUES ('471', '75', 1);
INSERT INTO `posts_likes` (`post_id`, `user_id`, `like_type`) VALUES ('471', '99', 1);
INSERT INTO `posts_likes` (`post_id`, `user_id`, `like_type`) VALUES ('472', '28', 1);
INSERT INTO `posts_likes` (`post_id`, `user_id`, `like_type`) VALUES ('473', '65', 1);
INSERT INTO `posts_likes` (`post_id`, `user_id`, `like_type`) VALUES ('473', '99', 1);
INSERT INTO `posts_likes` (`post_id`, `user_id`, `like_type`) VALUES ('474', '57', 1);
INSERT INTO `posts_likes` (`post_id`, `user_id`, `like_type`) VALUES ('475', '24', 1);
INSERT INTO `posts_likes` (`post_id`, `user_id`, `like_type`) VALUES ('475', '75', 1);
INSERT INTO `posts_likes` (`post_id`, `user_id`, `like_type`) VALUES ('477', '8', 1);
INSERT INTO `posts_likes` (`post_id`, `user_id`, `like_type`) VALUES ('477', '93', 1);
INSERT INTO `posts_likes` (`post_id`, `user_id`, `like_type`) VALUES ('478', '28', 1);
INSERT INTO `posts_likes` (`post_id`, `user_id`, `like_type`) VALUES ('478', '36', 1);
INSERT INTO `posts_likes` (`post_id`, `user_id`, `like_type`) VALUES ('479', '42', 1);
INSERT INTO `posts_likes` (`post_id`, `user_id`, `like_type`) VALUES ('479', '89', 1);
INSERT INTO `posts_likes` (`post_id`, `user_id`, `like_type`) VALUES ('481', '99', 1);
INSERT INTO `posts_likes` (`post_id`, `user_id`, `like_type`) VALUES ('482', '38', 1);
INSERT INTO `posts_likes` (`post_id`, `user_id`, `like_type`) VALUES ('482', '69', 1);
INSERT INTO `posts_likes` (`post_id`, `user_id`, `like_type`) VALUES ('483', '14', 1);
INSERT INTO `posts_likes` (`post_id`, `user_id`, `like_type`) VALUES ('483', '46', 1);
INSERT INTO `posts_likes` (`post_id`, `user_id`, `like_type`) VALUES ('484', '60', 1);
INSERT INTO `posts_likes` (`post_id`, `user_id`, `like_type`) VALUES ('484', '85', 1);
INSERT INTO `posts_likes` (`post_id`, `user_id`, `like_type`) VALUES ('484', '89', 1);
INSERT INTO `posts_likes` (`post_id`, `user_id`, `like_type`) VALUES ('485', '89', 1);
INSERT INTO `posts_likes` (`post_id`, `user_id`, `like_type`) VALUES ('486', '3', 1);
INSERT INTO `posts_likes` (`post_id`, `user_id`, `like_type`) VALUES ('486', '41', 1);
INSERT INTO `posts_likes` (`post_id`, `user_id`, `like_type`) VALUES ('486', '54', 1);
INSERT INTO `posts_likes` (`post_id`, `user_id`, `like_type`) VALUES ('487', '3', 1);
INSERT INTO `posts_likes` (`post_id`, `user_id`, `like_type`) VALUES ('487', '46', 1);
INSERT INTO `posts_likes` (`post_id`, `user_id`, `like_type`) VALUES ('488', '20', 1);
INSERT INTO `posts_likes` (`post_id`, `user_id`, `like_type`) VALUES ('488', '26', 1);
INSERT INTO `posts_likes` (`post_id`, `user_id`, `like_type`) VALUES ('489', '36', 1);
INSERT INTO `posts_likes` (`post_id`, `user_id`, `like_type`) VALUES ('490', '5', 1);
INSERT INTO `posts_likes` (`post_id`, `user_id`, `like_type`) VALUES ('490', '11', 1);
INSERT INTO `posts_likes` (`post_id`, `user_id`, `like_type`) VALUES ('490', '18', 1);
INSERT INTO `posts_likes` (`post_id`, `user_id`, `like_type`) VALUES ('490', '22', 1);
INSERT INTO `posts_likes` (`post_id`, `user_id`, `like_type`) VALUES ('492', '37', 1);
INSERT INTO `posts_likes` (`post_id`, `user_id`, `like_type`) VALUES ('493', '58', 1);
INSERT INTO `posts_likes` (`post_id`, `user_id`, `like_type`) VALUES ('496', '31', 1);
INSERT INTO `posts_likes` (`post_id`, `user_id`, `like_type`) VALUES ('496', '58', 1);
INSERT INTO `posts_likes` (`post_id`, `user_id`, `like_type`) VALUES ('496', '79', 1);
INSERT INTO `posts_likes` (`post_id`, `user_id`, `like_type`) VALUES ('497', '94', 1);
INSERT INTO `posts_likes` (`post_id`, `user_id`, `like_type`) VALUES ('498', '69', 1);
INSERT INTO `posts_likes` (`post_id`, `user_id`, `like_type`) VALUES ('499', '73', 1);
INSERT INTO `posts_likes` (`post_id`, `user_id`, `like_type`) VALUES ('500', '67', 1);


#
# TABLE STRUCTURE FOR: profiles
#

DROP TABLE IF EXISTS `profiles`;

CREATE TABLE `profiles` (
  `user_id` bigint(20) unsigned NOT NULL,
  `gender` enum('f','m','x') COLLATE utf8mb4_unicode_ci NOT NULL,
  `birthday` date NOT NULL,
  `photo_id` bigint(20) unsigned DEFAULT NULL,
  `user_status` varchar(30) COLLATE utf8mb4_unicode_ci DEFAULT NULL,
  `city` varchar(130) COLLATE utf8mb4_unicode_ci DEFAULT NULL,
  `country` varchar(130) COLLATE utf8mb4_unicode_ci DEFAULT NULL,
  PRIMARY KEY (`user_id`),
  UNIQUE KEY `photo_id` (`photo_id`),
  CONSTRAINT `fk_profiles_media` FOREIGN KEY (`photo_id`) REFERENCES `media` (`id`),
  CONSTRAINT `fk_profiles_users` FOREIGN KEY (`user_id`) REFERENCES `users` (`id`)
) ENGINE=InnoDB DEFAULT CHARSET=utf8mb4 COLLATE=utf8mb4_unicode_ci;

INSERT INTO `profiles` (`user_id`, `gender`, `birthday`, `photo_id`, `user_status`, `city`, `country`) VALUES ('9', '', '2006-03-19', '98', 'Dolor voluptatum dolore quaera', 'Port Charleybury', 'Lao People\'s Democratic Republic');
INSERT INTO `profiles` (`user_id`, `gender`, `birthday`, `photo_id`, `user_status`, `city`, `country`) VALUES ('15', '', '1990-01-19', '65', 'Rerum veritatis eligendi adipi', 'Port Malachi', 'Bhutan');
INSERT INTO `profiles` (`user_id`, `gender`, `birthday`, `photo_id`, `user_status`, `city`, `country`) VALUES ('16', '', '2000-11-13', '49', 'Ut eligendi veniam repudiandae', 'Lake Edwardo', 'Philippines');
INSERT INTO `profiles` (`user_id`, `gender`, `birthday`, `photo_id`, `user_status`, `city`, `country`) VALUES ('19', '', '2019-08-26', '25', 'Facere similique eos omnis imp', 'O\'Connerstad', 'Macao');
INSERT INTO `profiles` (`user_id`, `gender`, `birthday`, `photo_id`, `user_status`, `city`, `country`) VALUES ('43', '', '2010-02-04', '73', 'Culpa quas soluta provident. N', 'Port Johnathantown', 'British Indian Ocean Territory (Chagos Archipelago)');
INSERT INTO `profiles` (`user_id`, `gender`, `birthday`, `photo_id`, `user_status`, `city`, `country`) VALUES ('44', '', '2006-10-16', '3', 'Nihil sed fugiat quae rerum. V', 'North Deontefort', 'Yemen');
INSERT INTO `profiles` (`user_id`, `gender`, `birthday`, `photo_id`, `user_status`, `city`, `country`) VALUES ('45', '', '1994-11-04', '15', 'Ut et est rerum in. Est quia q', 'West Kileyshire', 'Ukraine');
INSERT INTO `profiles` (`user_id`, `gender`, `birthday`, `photo_id`, `user_status`, `city`, `country`) VALUES ('51', '', '1995-06-10', '94', 'Autem nisi ut laborum at ipsam', 'East Raheemmouth', 'Thailand');
INSERT INTO `profiles` (`user_id`, `gender`, `birthday`, `photo_id`, `user_status`, `city`, `country`) VALUES ('63', '', '2005-01-30', '29', 'Hic est fugiat totam ut tempor', 'Kuvalisside', 'Estonia');
INSERT INTO `profiles` (`user_id`, `gender`, `birthday`, `photo_id`, `user_status`, `city`, `country`) VALUES ('81', '', '1970-01-27', '61', 'Debitis inventore saepe quis e', 'Nolanfurt', 'Liberia');
INSERT INTO `profiles` (`user_id`, `gender`, `birthday`, `photo_id`, `user_status`, `city`, `country`) VALUES ('91', '', '2020-04-28', '2', 'Sit voluptatibus est aut ipsam', 'Boscohaven', 'Papua New Guinea');
INSERT INTO `profiles` (`user_id`, `gender`, `birthday`, `photo_id`, `user_status`, `city`, `country`) VALUES ('92', '', '2007-05-11', '20', 'Quos nisi quis tempora corpori', 'Katlynchester', 'Chile');
INSERT INTO `profiles` (`user_id`, `gender`, `birthday`, `photo_id`, `user_status`, `city`, `country`) VALUES ('95', '', '1974-11-01', '6', 'Deserunt neque dolorum laborio', 'Nickchester', 'Korea');
INSERT INTO `profiles` (`user_id`, `gender`, `birthday`, `photo_id`, `user_status`, `city`, `country`) VALUES ('98', '', '1988-05-02', '56', 'Rerum sed et suscipit asperior', 'New Franz', 'Ethiopia');


#
# TABLE STRUCTURE FOR: users
#

DROP TABLE IF EXISTS `users`;

CREATE TABLE `users` (
  `id` bigint(20) unsigned NOT NULL AUTO_INCREMENT,
  `first_name` varchar(145) COLLATE utf8mb4_unicode_ci NOT NULL,
  `last_name` varchar(145) COLLATE utf8mb4_unicode_ci NOT NULL,
  `email` varchar(145) COLLATE utf8mb4_unicode_ci NOT NULL,
  `phone` char(11) COLLATE utf8mb4_unicode_ci NOT NULL,
  `password_hash` char(65) COLLATE utf8mb4_unicode_ci DEFAULT NULL,
  `created_at` datetime NOT NULL DEFAULT current_timestamp(),
  PRIMARY KEY (`id`),
  UNIQUE KEY `email_idx` (`email`),
  UNIQUE KEY `phone_idx` (`phone`)
) ENGINE=InnoDB AUTO_INCREMENT=101 DEFAULT CHARSET=utf8mb4 COLLATE=utf8mb4_unicode_ci;

INSERT INTO `users` (`id`, `first_name`, `last_name`, `email`, `phone`, `password_hash`, `created_at`) VALUES ('1', 'Walton', 'Koss', 'estella55@example.net', '336067162', 'fc13a3e37db8e745ed4c5575cc6670c0d3b378fc', '2007-04-17 01:20:42');
INSERT INTO `users` (`id`, `first_name`, `last_name`, `email`, `phone`, `password_hash`, `created_at`) VALUES ('2', 'Milan', 'Schuppe', 'tatum.stokes@example.net', '1075137594', 'f1b801f8eaf36a1f070f8aaf10f6f4e7ecff77ae', '1986-03-14 21:17:21');
INSERT INTO `users` (`id`, `first_name`, `last_name`, `email`, `phone`, `password_hash`, `created_at`) VALUES ('3', 'Kelvin', 'Crooks', 'lehner.kaylah@example.org', '1222961734', '5f2dc73a08e07b24f3bbdf864d6167cc950f26eb', '2015-11-27 02:00:25');
INSERT INTO `users` (`id`, `first_name`, `last_name`, `email`, `phone`, `password_hash`, `created_at`) VALUES ('4', 'Nona', 'Bechtelar', 'cordelia52@example.net', '197492028', '77fa8aad4474b5590fe3e8614ec981be6260a55f', '2002-10-18 14:52:39');
INSERT INTO `users` (`id`, `first_name`, `last_name`, `email`, `phone`, `password_hash`, `created_at`) VALUES ('5', 'April', 'Ryan', 'vyost@example.com', '1439677976', '02e168bf4751ba5f66ad5992a622096c21a71d55', '1990-04-18 09:20:55');
INSERT INTO `users` (`id`, `first_name`, `last_name`, `email`, `phone`, `password_hash`, `created_at`) VALUES ('6', 'Dasia', 'Block', 'weimann.else@example.net', '545174964', 'c44df635cdb5066a9c66a68bc166f2f5cb97d76b', '1995-03-11 20:04:59');
INSERT INTO `users` (`id`, `first_name`, `last_name`, `email`, `phone`, `password_hash`, `created_at`) VALUES ('7', 'Cedrick', 'Stark', 'john.morar@example.net', '1586316776', '495b56f68793a6c87df509093599b823ce155d74', '1991-10-25 23:40:11');
INSERT INTO `users` (`id`, `first_name`, `last_name`, `email`, `phone`, `password_hash`, `created_at`) VALUES ('8', 'Alan', 'Grady', 'natasha.romaguera@example.com', '424538459', '4e27b3ac90cb34f79dbbbf7824a3716e49bb4176', '1980-11-10 02:39:01');
INSERT INTO `users` (`id`, `first_name`, `last_name`, `email`, `phone`, `password_hash`, `created_at`) VALUES ('9', 'June', 'Feeney', 'myriam.hammes@example.com', '668844657', '9b29927e0e4ddce585108ee6cf1ce84e7da5ad79', '1981-08-14 10:19:56');
INSERT INTO `users` (`id`, `first_name`, `last_name`, `email`, `phone`, `password_hash`, `created_at`) VALUES ('10', 'Novella', 'Fritsch', 'layne.kerluke@example.org', '203849004', '87dd7018248b599f7980ebf203add5f5d7b25ddd', '2003-06-03 02:09:40');
INSERT INTO `users` (`id`, `first_name`, `last_name`, `email`, `phone`, `password_hash`, `created_at`) VALUES ('11', 'Chase', 'Rau', 'delpha.lockman@example.com', '1511853500', 'f4e6663bfcbff44c440c4c4c36d90bd7c70e50b4', '2004-03-08 21:56:19');
INSERT INTO `users` (`id`, `first_name`, `last_name`, `email`, `phone`, `password_hash`, `created_at`) VALUES ('12', 'Antonetta', 'Barton', 'goodwin.sherman@example.net', '1394835189', 'c80cd4c0048331d93ecf72821af05fe0c204e75c', '2005-05-28 08:39:09');
INSERT INTO `users` (`id`, `first_name`, `last_name`, `email`, `phone`, `password_hash`, `created_at`) VALUES ('13', 'Rashad', 'Dibbert', 'fmclaughlin@example.net', '906342468', 'a35150862a916276cda60805d865cfd9f66f54e2', '2020-04-03 01:18:28');
INSERT INTO `users` (`id`, `first_name`, `last_name`, `email`, `phone`, `password_hash`, `created_at`) VALUES ('14', 'Dashawn', 'Sipes', 'fern.morar@example.net', '240942091', '1b9a3d78a3b15dbba68176a917169a0a614282b1', '1978-07-24 23:12:46');
INSERT INTO `users` (`id`, `first_name`, `last_name`, `email`, `phone`, `password_hash`, `created_at`) VALUES ('15', 'Jude', 'Harris', 'bernhard.lora@example.net', '42808863', '617272925fd9d8e9983247056a4997f7cdc8d698', '2002-09-02 15:57:30');
INSERT INTO `users` (`id`, `first_name`, `last_name`, `email`, `phone`, `password_hash`, `created_at`) VALUES ('16', 'Vinnie', 'Lindgren', 'elisa38@example.net', '303464989', 'b0e5927d670f01debb93d374396ae4522fb2b993', '1977-10-06 19:03:25');
INSERT INTO `users` (`id`, `first_name`, `last_name`, `email`, `phone`, `password_hash`, `created_at`) VALUES ('17', 'Bertrand', 'Brekke', 'hcrona@example.org', '1071894100', '2ad79d395bc7ba724237440e224c884c34666b9f', '1974-11-08 20:24:05');
INSERT INTO `users` (`id`, `first_name`, `last_name`, `email`, `phone`, `password_hash`, `created_at`) VALUES ('18', 'Colten', 'Mayer', 'zula05@example.org', '624773613', 'd3bf18b18b0b918ab06f9719d49e85b875ceac94', '2008-11-13 20:00:14');
INSERT INTO `users` (`id`, `first_name`, `last_name`, `email`, `phone`, `password_hash`, `created_at`) VALUES ('19', 'Mckenna', 'Harris', 'josh74@example.net', '1568205288', '8083c42d6b419664937011a5dc593c624bbf0b41', '1995-06-30 07:54:42');
INSERT INTO `users` (`id`, `first_name`, `last_name`, `email`, `phone`, `password_hash`, `created_at`) VALUES ('20', 'Oliver', 'Nienow', 'laurence.stiedemann@example.org', '505458526', '370e1f728d79666603e4dbad80dcc0e7fba9bbce', '1988-02-24 01:40:21');
INSERT INTO `users` (`id`, `first_name`, `last_name`, `email`, `phone`, `password_hash`, `created_at`) VALUES ('21', 'Abigayle', 'Pacocha', 'nhansen@example.org', '1397315065', '34107493f87556cf3181b805c3a494eaa664c397', '1990-06-17 04:18:14');
INSERT INTO `users` (`id`, `first_name`, `last_name`, `email`, `phone`, `password_hash`, `created_at`) VALUES ('22', 'Raoul', 'Stiedemann', 'rosalee.white@example.org', '418885717', 'da50703be3209053f14b9856838ef482414f1d35', '2005-05-16 14:09:29');
INSERT INTO `users` (`id`, `first_name`, `last_name`, `email`, `phone`, `password_hash`, `created_at`) VALUES ('23', 'Krystal', 'McCullough', 'timmothy54@example.com', '838356903', 'ed91b03735b36d8be281da190964e5cae82faa49', '2010-04-24 21:10:38');
INSERT INTO `users` (`id`, `first_name`, `last_name`, `email`, `phone`, `password_hash`, `created_at`) VALUES ('24', 'Brady', 'Veum', 'sabryna60@example.org', '322703967', '4869cb32045e2f7652552a9b6a36d0b26c35f6a6', '2009-02-01 18:10:08');
INSERT INTO `users` (`id`, `first_name`, `last_name`, `email`, `phone`, `password_hash`, `created_at`) VALUES ('25', 'Ismael', 'Block', 'gino46@example.com', '496430945', '2d997013e4222b6c427a63fc206c98c5ed8f9783', '1983-06-15 16:54:47');
INSERT INTO `users` (`id`, `first_name`, `last_name`, `email`, `phone`, `password_hash`, `created_at`) VALUES ('26', 'Lilliana', 'Deckow', 'maude.streich@example.net', '1051319942', '7e17988bc1c1eab92e47f03b2368635b4cd692b7', '2020-06-06 13:31:14');
INSERT INTO `users` (`id`, `first_name`, `last_name`, `email`, `phone`, `password_hash`, `created_at`) VALUES ('27', 'Declan', 'Haley', 'xhayes@example.net', '1442852974', 'f5841798042b3a5b2f38f862bffb96b9e3cc102b', '2016-07-03 20:52:12');
INSERT INTO `users` (`id`, `first_name`, `last_name`, `email`, `phone`, `password_hash`, `created_at`) VALUES ('28', 'Birdie', 'Leuschke', 'pwaters@example.net', '209299782', '944cec2e08bfea46e6c51c915031cc73de27708c', '2005-08-06 05:20:50');
INSERT INTO `users` (`id`, `first_name`, `last_name`, `email`, `phone`, `password_hash`, `created_at`) VALUES ('29', 'Sheridan', 'Hoppe', 'madilyn82@example.org', '1323041604', '96fb533775c711cdb569c13efb6b431c0ed5f02d', '1981-02-13 21:37:11');
INSERT INTO `users` (`id`, `first_name`, `last_name`, `email`, `phone`, `password_hash`, `created_at`) VALUES ('30', 'Raphael', 'O\'Reilly', 'isai.weissnat@example.org', '563563440', '9f32bd150ee36c6421cbfb966050952bba23c06d', '1976-09-10 18:38:59');
INSERT INTO `users` (`id`, `first_name`, `last_name`, `email`, `phone`, `password_hash`, `created_at`) VALUES ('31', 'Carter', 'Price', 'mikel62@example.org', '238645440', '3709c929a4f47e22229a9e1306c80f2ea7fdfd2c', '1977-01-10 13:24:56');
INSERT INTO `users` (`id`, `first_name`, `last_name`, `email`, `phone`, `password_hash`, `created_at`) VALUES ('32', 'Bruce', 'Goldner', 'zconn@example.com', '1230733515', '1005366194fe1ef29f88eee26c84cfcd53a59b60', '1992-10-18 20:54:20');
INSERT INTO `users` (`id`, `first_name`, `last_name`, `email`, `phone`, `password_hash`, `created_at`) VALUES ('33', 'Buck', 'Spinka', 'khackett@example.net', '138007712', 'f08a4d2e1bc4a8383f51f5c3ed4949267f4e94ce', '2009-04-30 19:58:11');
INSERT INTO `users` (`id`, `first_name`, `last_name`, `email`, `phone`, `password_hash`, `created_at`) VALUES ('34', 'Rachael', 'Zieme', 'kara.krajcik@example.com', '76431951', '4b56a6ac387d689930e1fa1d80f6d12af9d5d327', '2011-05-03 03:56:39');
INSERT INTO `users` (`id`, `first_name`, `last_name`, `email`, `phone`, `password_hash`, `created_at`) VALUES ('35', 'Georgiana', 'Vandervort', 'murphy.foster@example.org', '175598594', '5f497908b29db36bac5a2631f57edcde60a93860', '2007-04-27 16:57:12');
INSERT INTO `users` (`id`, `first_name`, `last_name`, `email`, `phone`, `password_hash`, `created_at`) VALUES ('36', 'Imogene', 'Zemlak', 'qschaefer@example.net', '638952082', '73a11737ed8d2e07f055f1c816d482a261c8f9a2', '2000-04-15 19:43:11');
INSERT INTO `users` (`id`, `first_name`, `last_name`, `email`, `phone`, `password_hash`, `created_at`) VALUES ('37', 'Peggie', 'Monahan', 'phyllis99@example.net', '587214879', '9c8fad74ed599c73d466a7eae318d82c8f6df7cd', '1988-04-06 20:32:00');
INSERT INTO `users` (`id`, `first_name`, `last_name`, `email`, `phone`, `password_hash`, `created_at`) VALUES ('38', 'Ulises', 'Kerluke', 'thaley@example.net', '673097439', '2fa3c1db6ea4adc89de8b1009ad8e3711493a7fa', '1986-09-29 10:21:05');
INSERT INTO `users` (`id`, `first_name`, `last_name`, `email`, `phone`, `password_hash`, `created_at`) VALUES ('39', 'Sophia', 'Franecki', 'satterfield.carmen@example.net', '196535341', 'e1919f1efe8703f36b042ded4f1753d0d359b0d3', '2007-07-20 23:54:14');
INSERT INTO `users` (`id`, `first_name`, `last_name`, `email`, `phone`, `password_hash`, `created_at`) VALUES ('40', 'Esperanza', 'Hansen', 'hjacobson@example.com', '563692155', '99ca9518cd392b30b52c306b7784ba86c662c380', '1984-03-08 01:52:52');
INSERT INTO `users` (`id`, `first_name`, `last_name`, `email`, `phone`, `password_hash`, `created_at`) VALUES ('41', 'Ed', 'Stroman', 'hayes.markus@example.net', '1127352999', 'acd457e35825313e605c97ad7dd9a66a030fc4dc', '1995-09-14 00:36:58');
INSERT INTO `users` (`id`, `first_name`, `last_name`, `email`, `phone`, `password_hash`, `created_at`) VALUES ('42', 'Marietta', 'Beier', 'jessika.sawayn@example.org', '1379800898', '9e2d988d0fd126cbb6c82ef2d68ad8bfd8394e04', '2005-01-22 09:33:28');
INSERT INTO `users` (`id`, `first_name`, `last_name`, `email`, `phone`, `password_hash`, `created_at`) VALUES ('43', 'Eden', 'Block', 'joyce.haag@example.net', '1019146644', '717576939b6efcf4b3e2b604e00ed805d9890c2d', '2007-05-23 18:00:56');
INSERT INTO `users` (`id`, `first_name`, `last_name`, `email`, `phone`, `password_hash`, `created_at`) VALUES ('44', 'Janie', 'Toy', 'rcummerata@example.org', '1105523767', '5f9df4841f98c2b0a5c8133ed49f2b5b9a7eee81', '1979-02-05 09:45:43');
INSERT INTO `users` (`id`, `first_name`, `last_name`, `email`, `phone`, `password_hash`, `created_at`) VALUES ('45', 'Humberto', 'Murray', 'savanah08@example.com', '1122313403', 'f684a7571d412e195e938a98cc0cee47c831997e', '1991-07-14 23:22:03');
INSERT INTO `users` (`id`, `first_name`, `last_name`, `email`, `phone`, `password_hash`, `created_at`) VALUES ('46', 'Vada', 'Thompson', 'heidenreich.ezequiel@example.net', '90496306', '37595f50307f775575be75ec004713ce8816fe03', '2012-06-18 12:00:07');
INSERT INTO `users` (`id`, `first_name`, `last_name`, `email`, `phone`, `password_hash`, `created_at`) VALUES ('47', 'Kiel', 'Daugherty', 'hfahey@example.com', '743443115', 'b66fb9a0ca918cf9c389d4367cbbc3a13cb113b8', '1989-03-22 20:49:27');
INSERT INTO `users` (`id`, `first_name`, `last_name`, `email`, `phone`, `password_hash`, `created_at`) VALUES ('48', 'Giovanni', 'Orn', 'krajcik.isabel@example.org', '1058620164', '15b4dab24684b5ea82dcf1dab9540794cab0b43c', '2018-04-16 04:53:03');
INSERT INTO `users` (`id`, `first_name`, `last_name`, `email`, `phone`, `password_hash`, `created_at`) VALUES ('49', 'Liam', 'Dietrich', 'effertz.emie@example.net', '1454152543', '90d5e0270471ea5559dcb3ad9110c89511bb8c16', '1995-11-05 09:04:38');
INSERT INTO `users` (`id`, `first_name`, `last_name`, `email`, `phone`, `password_hash`, `created_at`) VALUES ('50', 'Eriberto', 'Labadie', 'zbode@example.net', '882305215', '4b140f42e918782aa8cf04556f1aaa9c82bc709c', '1982-03-19 02:33:41');
INSERT INTO `users` (`id`, `first_name`, `last_name`, `email`, `phone`, `password_hash`, `created_at`) VALUES ('51', 'Violette', 'Stiedemann', 'hand.georgianna@example.org', '1003163515', 'e472e6a8414c756cd881d83d0d294b80b8cab53a', '2002-10-18 01:03:03');
INSERT INTO `users` (`id`, `first_name`, `last_name`, `email`, `phone`, `password_hash`, `created_at`) VALUES ('52', 'Morgan', 'Cole', 'kianna.kihn@example.net', '427485272', '136722233ac2e1e1561cc713976155091c100b0d', '2019-05-17 20:01:02');
INSERT INTO `users` (`id`, `first_name`, `last_name`, `email`, `phone`, `password_hash`, `created_at`) VALUES ('53', 'Else', 'Goldner', 'lowe.austin@example.net', '1049894986', 'e828077f534f134983649fb7c7d05b7c19a9be37', '1973-09-02 17:53:14');
INSERT INTO `users` (`id`, `first_name`, `last_name`, `email`, `phone`, `password_hash`, `created_at`) VALUES ('54', 'Raegan', 'Wiza', 'gilberto.konopelski@example.com', '358872374', '5eb0d2883113d9389416073a3dd8816da17f2183', '1994-04-29 16:21:53');
INSERT INTO `users` (`id`, `first_name`, `last_name`, `email`, `phone`, `password_hash`, `created_at`) VALUES ('55', 'Calista', 'Dach', 'douglas.helen@example.net', '1259917354', '56dadcec9567956fb11b6b8bbcc195d362041f6e', '2014-12-30 18:11:53');
INSERT INTO `users` (`id`, `first_name`, `last_name`, `email`, `phone`, `password_hash`, `created_at`) VALUES ('56', 'Lily', 'Durgan', 'abigail.reichel@example.org', '545518907', '734aa287420232fd4940f869340ac95bdbb8cc45', '1985-07-16 17:02:28');
INSERT INTO `users` (`id`, `first_name`, `last_name`, `email`, `phone`, `password_hash`, `created_at`) VALUES ('57', 'Dandre', 'Kovacek', 'emelia.marquardt@example.net', '1254487504', '2d9b7b987aa38db2b2eba22f0131b15dd59213bf', '1985-02-24 21:59:00');
INSERT INTO `users` (`id`, `first_name`, `last_name`, `email`, `phone`, `password_hash`, `created_at`) VALUES ('58', 'Bridie', 'King', 'hkemmer@example.com', '1313584635', '9a5886c4674bddc825a17f1e2763583f0524030b', '2009-02-06 20:48:27');
INSERT INTO `users` (`id`, `first_name`, `last_name`, `email`, `phone`, `password_hash`, `created_at`) VALUES ('59', 'Greg', 'Volkman', 'xrosenbaum@example.com', '4562208', 'b117fd91aa79651d912fbbd38aa8e21c89b73091', '2014-11-23 21:03:26');
INSERT INTO `users` (`id`, `first_name`, `last_name`, `email`, `phone`, `password_hash`, `created_at`) VALUES ('60', 'Stewart', 'Fritsch', 'linda.hamill@example.org', '1104633372', '52873c56ff1a4a82b371de8dd495940a13a87e52', '1977-07-07 10:55:23');
INSERT INTO `users` (`id`, `first_name`, `last_name`, `email`, `phone`, `password_hash`, `created_at`) VALUES ('61', 'Krystal', 'Wilderman', 'dameon61@example.net', '84410304', '8b01f2e39800c1663bb81e86788efc54e7ac38ca', '2016-11-28 03:21:51');
INSERT INTO `users` (`id`, `first_name`, `last_name`, `email`, `phone`, `password_hash`, `created_at`) VALUES ('62', 'Eliane', 'Schroeder', 'awiza@example.net', '978146121', '6f8bed5f0447d7ba4ecb9bd583b3c3e0ae2d9923', '1995-05-09 16:10:49');
INSERT INTO `users` (`id`, `first_name`, `last_name`, `email`, `phone`, `password_hash`, `created_at`) VALUES ('63', 'Maggie', 'Toy', 'vsatterfield@example.net', '511370807', 'eca542b58e4ed83dcf4e5c183d6fffc18029b73a', '1979-04-03 21:39:37');
INSERT INTO `users` (`id`, `first_name`, `last_name`, `email`, `phone`, `password_hash`, `created_at`) VALUES ('64', 'Dimitri', 'Smith', 'bokuneva@example.com', '236738107', '92be21612e33dabc22aff104e1e2cd8ec478e720', '2000-10-07 17:43:02');
INSERT INTO `users` (`id`, `first_name`, `last_name`, `email`, `phone`, `password_hash`, `created_at`) VALUES ('65', 'Rosie', 'Carroll', 'kuhlman.annabelle@example.com', '1067032839', '6e7e8ae493f6096f8f42997a13c638340ef610af', '1971-04-14 17:12:27');
INSERT INTO `users` (`id`, `first_name`, `last_name`, `email`, `phone`, `password_hash`, `created_at`) VALUES ('66', 'Amya', 'Okuneva', 'angie.wiza@example.com', '140955646', 'd27f12ac6349f4117590531337b6532ec122692d', '2013-01-13 20:25:53');
INSERT INTO `users` (`id`, `first_name`, `last_name`, `email`, `phone`, `password_hash`, `created_at`) VALUES ('67', 'Delia', 'Parisian', 'schmeler.gerson@example.com', '526195860', 'cd716f079a77f23da525f153b313f458063d9aba', '1974-07-26 14:56:56');
INSERT INTO `users` (`id`, `first_name`, `last_name`, `email`, `phone`, `password_hash`, `created_at`) VALUES ('68', 'Eda', 'Brown', 'shields.jaiden@example.org', '672506171', '7ed3e096779552e134d02e88ff75974226aefd2d', '2011-05-15 20:52:17');
INSERT INTO `users` (`id`, `first_name`, `last_name`, `email`, `phone`, `password_hash`, `created_at`) VALUES ('69', 'Michaela', 'Reinger', 'marielle09@example.net', '1571666827', '962c1409d872866deeb090b22b0a4910d37f34b8', '2007-05-20 03:56:11');
INSERT INTO `users` (`id`, `first_name`, `last_name`, `email`, `phone`, `password_hash`, `created_at`) VALUES ('70', 'Phoebe', 'McLaughlin', 'willy.bayer@example.com', '1449579897', '10d404dd4b100d779be68edfec5f465fb930a99b', '1984-02-17 09:06:15');
INSERT INTO `users` (`id`, `first_name`, `last_name`, `email`, `phone`, `password_hash`, `created_at`) VALUES ('71', 'Nigel', 'Schoen', 'jschmidt@example.com', '425572004', 'bf96765e2093abdff5b577d5a1f77587fabcb607', '1981-08-16 11:02:15');
INSERT INTO `users` (`id`, `first_name`, `last_name`, `email`, `phone`, `password_hash`, `created_at`) VALUES ('72', 'Omari', 'Adams', 'amely.kautzer@example.org', '1324117129', 'a469758d11315b0417f2ca44e6cb67e3ce95738d', '2018-11-02 16:48:22');
INSERT INTO `users` (`id`, `first_name`, `last_name`, `email`, `phone`, `password_hash`, `created_at`) VALUES ('73', 'Laron', 'Bosco', 'roosevelt.o\'hara@example.org', '804329595', 'c6059c39e9cc440569fe6f8f7f9d3d5856c116c5', '2009-03-22 21:25:29');
INSERT INTO `users` (`id`, `first_name`, `last_name`, `email`, `phone`, `password_hash`, `created_at`) VALUES ('74', 'Ubaldo', 'Lynch', 'o\'hara.stanley@example.org', '655055818', '3d6f734a4f0008e93e72fe5d6ea9ac5dc5e2676c', '1984-08-22 09:10:51');
INSERT INTO `users` (`id`, `first_name`, `last_name`, `email`, `phone`, `password_hash`, `created_at`) VALUES ('75', 'Breanna', 'Armstrong', 'schaden.lou@example.com', '1377214841', '33115823782e20442c3c3a4d4acc350fc0443b5e', '1995-01-13 14:43:46');
INSERT INTO `users` (`id`, `first_name`, `last_name`, `email`, `phone`, `password_hash`, `created_at`) VALUES ('76', 'Roxane', 'Gibson', 'kiana.dickinson@example.com', '457637694', '26cf7165724910ad87211d550cc920907f5604d7', '2016-08-19 23:05:58');
INSERT INTO `users` (`id`, `first_name`, `last_name`, `email`, `phone`, `password_hash`, `created_at`) VALUES ('77', 'Viviane', 'Dibbert', 'walsh.dawn@example.net', '877385000', 'db33a02f6bd0f17fc1bf5c03489ceed20b7db9c5', '2018-09-13 11:42:40');
INSERT INTO `users` (`id`, `first_name`, `last_name`, `email`, `phone`, `password_hash`, `created_at`) VALUES ('78', 'Aaliyah', 'Haley', 'edgar13@example.org', '1018847720', '887f6900849fbb9cfb961e43c48be5b3c7c6bef6', '2003-04-14 14:16:42');
INSERT INTO `users` (`id`, `first_name`, `last_name`, `email`, `phone`, `password_hash`, `created_at`) VALUES ('79', 'Ross', 'Wuckert', 'ratke.sydney@example.org', '923285728', 'd5d76e5f5b0eb7f449aa97790f997fa09fdeb719', '1972-12-23 01:40:30');
INSERT INTO `users` (`id`, `first_name`, `last_name`, `email`, `phone`, `password_hash`, `created_at`) VALUES ('80', 'Cristina', 'Von', 'bethel45@example.org', '730622112', '570d47d9035fb383ed12887167e3905847420eb6', '2001-03-02 03:17:56');
INSERT INTO `users` (`id`, `first_name`, `last_name`, `email`, `phone`, `password_hash`, `created_at`) VALUES ('81', 'Kamryn', 'Schuppe', 'waelchi.jerry@example.com', '1584901690', 'dc91546a61fd9dc6d22638e52f608527d8a89fcc', '2000-02-28 23:56:33');
INSERT INTO `users` (`id`, `first_name`, `last_name`, `email`, `phone`, `password_hash`, `created_at`) VALUES ('82', 'Alejandra', 'Upton', 'cprohaska@example.com', '315018806', '524704c0d1a7b028c93db2905dfe1f6531878cec', '1983-07-09 17:09:35');
INSERT INTO `users` (`id`, `first_name`, `last_name`, `email`, `phone`, `password_hash`, `created_at`) VALUES ('83', 'Carleton', 'Botsford', 'amber.kub@example.com', '1445047860', '67c8dd6b42b855772af3229df307e96795c91d25', '1987-05-07 17:29:24');
INSERT INTO `users` (`id`, `first_name`, `last_name`, `email`, `phone`, `password_hash`, `created_at`) VALUES ('84', 'Erling', 'Cartwright', 'tamia.schowalter@example.net', '344463058', '770813ad7259e82a7f245a25772b45c26c47ddaf', '1973-11-02 03:35:22');
INSERT INTO `users` (`id`, `first_name`, `last_name`, `email`, `phone`, `password_hash`, `created_at`) VALUES ('85', 'Ferne', 'Macejkovic', 'alyson55@example.org', '581623141', '4e7d18b6ea9244cccadad28bfe70ac2d136aa0c2', '1997-04-01 13:38:42');
INSERT INTO `users` (`id`, `first_name`, `last_name`, `email`, `phone`, `password_hash`, `created_at`) VALUES ('86', 'Cassandre', 'Beer', 'leta15@example.org', '1100531130', 'e38546f06874717ae284562e870ded804af6e536', '2015-02-25 06:02:50');
INSERT INTO `users` (`id`, `first_name`, `last_name`, `email`, `phone`, `password_hash`, `created_at`) VALUES ('87', 'Carlee', 'Watsica', 'nash.kessler@example.net', '610874107', 'fa4586444a381a22695c917083a4a913900ae045', '2017-12-20 06:12:39');
INSERT INTO `users` (`id`, `first_name`, `last_name`, `email`, `phone`, `password_hash`, `created_at`) VALUES ('88', 'Dereck', 'Marks', 'lacy.o\'reilly@example.org', '1428639958', 'c5d69c00c96d354a3edad02b79db69c5f64c9900', '2012-12-05 20:00:25');
INSERT INTO `users` (`id`, `first_name`, `last_name`, `email`, `phone`, `password_hash`, `created_at`) VALUES ('89', 'Tito', 'Boyle', 'ubayer@example.net', '1243090674', 'ed83db58761931c326f7e52943c8047fdd089b3b', '1984-08-09 01:28:08');
INSERT INTO `users` (`id`, `first_name`, `last_name`, `email`, `phone`, `password_hash`, `created_at`) VALUES ('90', 'Dewayne', 'Sanford', 'mertz.giovanna@example.com', '1151724964', 'a996fb4749de181d8ca32d6586c4eebbd0735ef7', '1981-06-11 03:36:46');
INSERT INTO `users` (`id`, `first_name`, `last_name`, `email`, `phone`, `password_hash`, `created_at`) VALUES ('91', 'Bria', 'Watsica', 'nveum@example.net', '407342411', 'ac4a610a0ef9a7365d939cef64d037f179308f13', '1980-08-06 14:21:14');
INSERT INTO `users` (`id`, `first_name`, `last_name`, `email`, `phone`, `password_hash`, `created_at`) VALUES ('92', 'Kaycee', 'Dibbert', 'jon13@example.org', '547336290', '727c268458a42486482be584f4c9651b510ffe1f', '1990-02-10 09:21:33');
INSERT INTO `users` (`id`, `first_name`, `last_name`, `email`, `phone`, `password_hash`, `created_at`) VALUES ('93', 'Reagan', 'Rath', 'juvenal21@example.com', '926983552', '6594b19ddf4133bceec3002ca8fc1f0a5e8373d0', '2002-01-07 19:30:34');
INSERT INTO `users` (`id`, `first_name`, `last_name`, `email`, `phone`, `password_hash`, `created_at`) VALUES ('94', 'Emmy', 'Graham', 'zola.von@example.com', '286562985', 'fe35b2ea6fb6a7bf2d2524f6d3d1ec51f1e906f3', '1991-11-29 17:29:49');
INSERT INTO `users` (`id`, `first_name`, `last_name`, `email`, `phone`, `password_hash`, `created_at`) VALUES ('95', 'Simeon', 'King', 'wankunding@example.net', '1327241011', 'e53ed58a37ab756bfeaad99974f79d96132fec3f', '2000-10-05 22:33:23');
INSERT INTO `users` (`id`, `first_name`, `last_name`, `email`, `phone`, `password_hash`, `created_at`) VALUES ('96', 'Sabina', 'Hayes', 'rsporer@example.com', '779686468', '3146918fb09a0bc0aff7d4ff7888222fedf8c0df', '1997-10-21 08:55:01');
INSERT INTO `users` (`id`, `first_name`, `last_name`, `email`, `phone`, `password_hash`, `created_at`) VALUES ('97', 'Laila', 'Huel', 'kenyon70@example.org', '687824253', '51eda0269c3311dcacc06ad97691513219edd367', '2006-02-18 01:43:22');
INSERT INTO `users` (`id`, `first_name`, `last_name`, `email`, `phone`, `password_hash`, `created_at`) VALUES ('98', 'Zoe', 'Yost', 'slarson@example.org', '380293456', '8190a019282222be2cbe6b5848be4a4c193a66ad', '2019-11-12 12:02:26');
INSERT INTO `users` (`id`, `first_name`, `last_name`, `email`, `phone`, `password_hash`, `created_at`) VALUES ('99', 'Lindsay', 'Lang', 'egrant@example.org', '117558447', '58a73a53789a9a5008b127f26f0bd791b6e820ef', '1993-08-19 13:05:52');
INSERT INTO `users` (`id`, `first_name`, `last_name`, `email`, `phone`, `password_hash`, `created_at`) VALUES ('100', 'Nadia', 'Rowe', 'reyna70@example.com', '1090058767', 'd539e4f9063abe96e207b46c314bdc8f61bafbb9', '1991-05-08 17:24:50');


